dataset,lineage_ID,slope,intercept,std_err,variable,kind
Trace,1.0,0.21304072446440944,-3.166745610089815,0.004483014755034582,$f_n e^{\phi_{n}}$,dfa (short)
Trace,1.0,0.2075123091299257,-2.98498304176401,0.0019341929417803175,$f_n e^{\phi_{n}}$,mean (short)
Shuffled,1.0,0.4061281891261209,-3.4092635272759004,0.011438776427741474,$f_n e^{\phi_{n}}$,dfa (short)
Shuffled,1.0,0.30946395404695126,-2.748566882567495,0.011123939979237692,$f_n e^{\phi_{n}}$,mean (short)
Trace,2.0,0.2599357894474369,-3.345349878049172,0.006812753352882777,$f_n e^{\phi_{n}}$,dfa (short)
Trace,2.0,0.2571467049575947,-3.1094341691401204,0.0036849250371337526,$f_n e^{\phi_{n}}$,mean (short)
Shuffled,2.0,0.5821625157542699,-4.0808606801619725,0.007435647168143052,$f_n e^{\phi_{n}}$,dfa (short)
Shuffled,2.0,0.5037303029991733,-3.381312343927278,0.006741798868607257,$f_n e^{\phi_{n}}$,mean (short)
Trace,3.0,0.2594527302209564,-3.0506870564630564,0.004846263870493937,$f_n e^{\phi_{n}}$,dfa (short)
Trace,3.0,0.25062540962596863,-2.843779084140035,0.0037467467707324982,$f_n e^{\phi_{n}}$,mean (short)
Shuffled,3.0,0.5171388402561574,-3.4742391145252496,0.010788309252603564,$f_n e^{\phi_{n}}$,dfa (short)
Shuffled,3.0,0.4215197864432891,-2.816461659361096,0.009292991082077196,$f_n e^{\phi_{n}}$,mean (short)
Trace,4.0,0.24418530188363838,-3.365196358783293,0.007866503348859515,$f_n e^{\phi_{n}}$,dfa (short)
Trace,4.0,0.227245842930204,-3.0867538487406314,0.004218052067897606,$f_n e^{\phi_{n}}$,mean (short)
Shuffled,4.0,0.4014606198089371,-3.5958779763628685,0.011282040480131313,$f_n e^{\phi_{n}}$,dfa (short)
Shuffled,4.0,0.32241310386581695,-2.9698101803677646,0.008148256979247745,$f_n e^{\phi_{n}}$,mean (short)
Trace,5.0,0.22150997158834368,-3.3722896830769713,0.006770356254831472,$f_n e^{\phi_{n}}$,dfa (short)
Trace,5.0,0.21602618542696742,-3.1890323619386822,0.0013169896703625272,$f_n e^{\phi_{n}}$,mean (short)
Shuffled,5.0,0.4961957907396448,-3.8857210577191026,0.010104053639383643,$f_n e^{\phi_{n}}$,dfa (short)
Shuffled,5.0,0.4812035545700988,-3.4046469630151797,0.005113836048826846,$f_n e^{\phi_{n}}$,mean (short)
Trace,6.0,0.18224156219321141,-3.2886648153499722,0.011040095214613405,$f_n e^{\phi_{n}}$,dfa (short)
Trace,6.0,0.1439522926548107,-3.0330189565206767,0.003583329849869089,$f_n e^{\phi_{n}}$,mean (short)
Shuffled,6.0,0.5869770738645506,-4.218737996452701,0.007256586348164245,$f_n e^{\phi_{n}}$,dfa (short)
Shuffled,6.0,0.5655889060898105,-3.6490829367084165,0.007259579827362609,$f_n e^{\phi_{n}}$,mean (short)
Trace,7.0,0.15493724159297598,-3.1513092005892496,0.011519779313644217,$f_n e^{\phi_{n}}$,dfa (short)
Trace,7.0,0.08268304110530168,-2.796178309791214,0.00840973968218483,$f_n e^{\phi_{n}}$,mean (short)
Shuffled,7.0,0.5305274467614263,-4.034544038109077,0.002685409862538235,$f_n e^{\phi_{n}}$,dfa (short)
Shuffled,7.0,0.4420625026137858,-3.312361268557157,0.004645278160016798,$f_n e^{\phi_{n}}$,mean (short)
Trace,8.0,0.26972115465982105,-3.2518743509473036,0.005386502133956097,$f_n e^{\phi_{n}}$,dfa (short)
Trace,8.0,0.3015623155388101,-3.1193249713881075,0.0031848004339544798,$f_n e^{\phi_{n}}$,mean (short)
Shuffled,8.0,0.31224247786054593,-3.1325911629811545,0.015148334217442242,$f_n e^{\phi_{n}}$,dfa (short)
Shuffled,8.0,0.18512933820483207,-2.4630024673271467,0.013278346442832384,$f_n e^{\phi_{n}}$,mean (short)
Trace,9.0,0.5530570124641879,-3.7930372271298647,0.008289248511630964,$f_n e^{\phi_{n}}$,dfa (short)
Trace,9.0,0.4988762886815911,-3.2656909892016897,0.005229970444857794,$f_n e^{\phi_{n}}$,mean (short)
Shuffled,9.0,0.5632339380984258,-3.678103134155659,0.012545349875428623,$f_n e^{\phi_{n}}$,dfa (short)
Shuffled,9.0,0.4294247715526245,-2.9351119145208857,0.012288952873398854,$f_n e^{\phi_{n}}$,mean (short)
Trace,10.0,0.28469164461579377,-3.3835380190156865,0.004788569129238773,$f_n e^{\phi_{n}}$,dfa (short)
Trace,10.0,0.26673339936966617,-3.152330190631588,0.0013127859966371004,$f_n e^{\phi_{n}}$,mean (short)
Shuffled,10.0,0.5216693259301383,-3.798862026223004,0.005605230359103672,$f_n e^{\phi_{n}}$,dfa (short)
Shuffled,10.0,0.48276823414348485,-3.297887339365852,0.004309914339698062,$f_n e^{\phi_{n}}$,mean (short)
Trace,11.0,0.196108410121591,-3.2512912506565756,0.005271499436486358,$f_n e^{\phi_{n}}$,dfa (short)
Trace,11.0,0.2740766064540879,-3.3126293060359737,0.004764004141597009,$f_n e^{\phi_{n}}$,mean (short)
Shuffled,11.0,0.3857407240846266,-3.480036719251654,0.009799081298061077,$f_n e^{\phi_{n}}$,dfa (short)
Shuffled,11.0,0.4062456025286658,-3.170667580769819,0.002171458191054145,$f_n e^{\phi_{n}}$,mean (short)
Trace,12.0,0.15724830458968525,-3.061161259442498,0.008266593108998868,$f_n e^{\phi_{n}}$,dfa (short)
Trace,12.0,0.1411916177479529,-2.8708096282109423,0.0035783787160795035,$f_n e^{\phi_{n}}$,mean (short)
Shuffled,12.0,0.4264672724441113,-3.5584439724807106,0.008214509466447565,$f_n e^{\phi_{n}}$,dfa (short)
Shuffled,12.0,0.3605873290640684,-3.001197107521852,0.008101120442362367,$f_n e^{\phi_{n}}$,mean (short)
Trace,13.0,0.34029491743789725,-3.69585979178012,0.005251984648848537,$f_n e^{\phi_{n}}$,dfa (short)
Trace,13.0,0.3002870166357915,-3.3658448300959702,0.007146488544666481,$f_n e^{\phi_{n}}$,mean (short)
Shuffled,13.0,0.4751742168763251,-3.8131699219791653,0.008855835986102428,$f_n e^{\phi_{n}}$,dfa (short)
Shuffled,13.0,0.4915717522016053,-3.4391635408489636,0.007466370508347817,$f_n e^{\phi_{n}}$,mean (short)
Trace,14.0,0.17006779273875913,-3.0754830556795465,0.009243399278018805,$f_n e^{\phi_{n}}$,dfa (short)
Trace,14.0,0.1165714132569739,-2.7533057396818448,0.007280839244104215,$f_n e^{\phi_{n}}$,mean (short)
Shuffled,14.0,0.3733053651468385,-3.3887936678841113,0.009816444266525276,$f_n e^{\phi_{n}}$,dfa (short)
Shuffled,14.0,0.4327745959405752,-3.183245582012629,0.0034872333638433293,$f_n e^{\phi_{n}}$,mean (short)
Trace,15.0,0.20021033535912447,-3.182555433777402,0.008192815285307008,$f_n e^{\phi_{n}}$,dfa (short)
Trace,15.0,0.14077781231126624,-2.8605508557617743,0.006057215745414974,$f_n e^{\phi_{n}}$,mean (short)
Shuffled,15.0,0.4684658019904837,-3.7909249202259394,0.004875697708021267,$f_n e^{\phi_{n}}$,dfa (short)
Shuffled,15.0,0.4482003746718803,-3.309909701534493,0.007261123488677067,$f_n e^{\phi_{n}}$,mean (short)
Trace,16.0,0.18074778506911898,-3.224344480211613,0.005261802413295034,$f_n e^{\phi_{n}}$,dfa (short)
Trace,16.0,0.2678521898182535,-3.2810804341768565,0.0033818980383221744,$f_n e^{\phi_{n}}$,mean (short)
Shuffled,16.0,0.3558314651401629,-3.3890783346714413,0.014816036205872424,$f_n e^{\phi_{n}}$,dfa (short)
Shuffled,16.0,0.3210879660269529,-2.9518105211036647,0.007805546932766665,$f_n e^{\phi_{n}}$,mean (short)
Trace,17.0,0.2653980877460484,-3.342940117225011,0.0033832989080675533,$f_n e^{\phi_{n}}$,dfa (short)
Trace,17.0,0.24748187391150986,-3.071816760462574,0.0025142050703068925,$f_n e^{\phi_{n}}$,mean (short)
Shuffled,17.0,0.5015708527551594,-3.769836958679654,0.004641529688281857,$f_n e^{\phi_{n}}$,dfa (short)
Shuffled,17.0,0.5190091232999587,-3.3442038315290175,0.0024907032871199133,$f_n e^{\phi_{n}}$,mean (short)
Trace,18.0,0.24262890377146795,-3.3713987728357773,0.013989255227370604,$f_n e^{\phi_{n}}$,dfa (short)
Trace,18.0,0.21435127861050066,-3.1266510281664748,0.003972034567428207,$f_n e^{\phi_{n}}$,mean (short)
Shuffled,18.0,0.4272090025036232,-3.533952241099504,0.026782787287627736,$f_n e^{\phi_{n}}$,dfa (short)
Shuffled,18.0,0.2784083110510958,-2.823540469316831,0.015628547622279235,$f_n e^{\phi_{n}}$,mean (short)
Trace,19.0,0.24300869272634584,-3.462223904950817,0.006178920680863961,$f_n e^{\phi_{n}}$,dfa (short)
Trace,19.0,0.21763258454460666,-3.2059322793801797,0.0021404895526577097,$f_n e^{\phi_{n}}$,mean (short)
Shuffled,19.0,0.44159148363560086,-3.7527506802200743,0.010420268725053161,$f_n e^{\phi_{n}}$,dfa (short)
Shuffled,19.0,0.2747680891522871,-2.8892948756328654,0.013512444572040615,$f_n e^{\phi_{n}}$,mean (short)
Trace,20.0,0.2070453504087945,-3.469246659339619,0.01824155309093402,$f_n e^{\phi_{n}}$,dfa (short)
Trace,20.0,0.18180816221995197,-3.222436554800945,0.009819902779606001,$f_n e^{\phi_{n}}$,mean (short)
Shuffled,20.0,0.40379396329666856,-3.8274021995327514,0.041000620809979925,$f_n e^{\phi_{n}}$,dfa (short)
Shuffled,20.0,0.34338640129841813,-3.2914602772401946,0.004913021698706488,$f_n e^{\phi_{n}}$,mean (short)
Trace,1.0,0.26963268479595176,-2.616188728646558,0.009394506633032948,$\phi$,dfa (short)
Trace,1.0,0.20807215057026263,-2.2036978836014347,0.0069784866443860895,$\phi$,mean (short)
Shuffled,1.0,0.4983153344579576,-3.09948784646215,0.005208687427659776,$\phi$,dfa (short)
Shuffled,1.0,0.40706344322106836,-2.394977458949826,0.008949668952896865,$\phi$,mean (short)
Trace,2.0,0.4037578423703687,-3.0485110279810135,0.008782054251709196,$\phi$,dfa (short)
Trace,2.0,0.3228796836113158,-2.485117997039749,0.009825852884954587,$\phi$,mean (short)
Shuffled,2.0,0.6080296553957062,-3.562084764457103,0.010382443298675192,$\phi$,dfa (short)
Shuffled,2.0,0.49683524186218503,-2.7395448124400033,0.008492980276700639,$\phi$,mean (short)
Trace,3.0,0.31088856785562013,-2.6962210194274348,0.006149138364372887,$\phi$,dfa (short)
Trace,3.0,0.2712877746969822,-2.299674925252497,0.007059596697462523,$\phi$,mean (short)
Shuffled,3.0,0.4706122289428757,-2.928269802967462,0.011115382896515778,$\phi$,dfa (short)
Shuffled,3.0,0.33790196002608847,-2.158894894197453,0.010830135749600515,$\phi$,mean (short)
Trace,4.0,0.377077870968833,-2.9849507798381207,0.004149602696889517,$\phi$,dfa (short)
Trace,4.0,0.3576889718553389,-2.607529098649384,0.004037502394867156,$\phi$,mean (short)
Shuffled,4.0,0.33111699124708666,-2.766881680698237,0.010752143549417696,$\phi$,dfa (short)
Shuffled,4.0,0.2546543645145004,-2.197477459587607,0.008640184448099834,$\phi$,mean (short)
Trace,5.0,0.31445096735559547,-2.9202631495068685,0.007307740272491062,$\phi$,dfa (short)
Trace,5.0,0.3566277667594391,-2.768339734562079,0.0035824593578698306,$\phi$,mean (short)
Shuffled,5.0,0.4283475217371238,-3.066455214375721,0.010026053396587192,$\phi$,dfa (short)
Shuffled,5.0,0.4265764022281633,-2.6795034865641285,0.00491416826781933,$\phi$,mean (short)
Trace,6.0,0.306795093778255,-2.9351990404665953,0.006714750844008886,$\phi$,dfa (short)
Trace,6.0,0.30958204423731756,-2.6601562047259653,0.0031482514884045624,$\phi$,mean (short)
Shuffled,6.0,0.5810348642011526,-3.578933092543485,0.006004933470577125,$\phi$,dfa (short)
Shuffled,6.0,0.550966376248534,-2.9871459893901813,0.006675661129283579,$\phi$,mean (short)
Trace,7.0,0.28982642605962855,-2.813903653305972,0.009979379056812846,$\phi$,dfa (short)
Trace,7.0,0.1790619839035735,-2.237776927422384,0.00962452619002697,$\phi$,mean (short)
Shuffled,7.0,0.48178349849280155,-3.3249397675407053,0.003402525849244125,$\phi$,dfa (short)
Shuffled,7.0,0.4227344123966707,-2.715879353007728,0.004026520500003884,$\phi$,mean (short)
Trace,8.0,0.45572806860499265,-3.1011117585337407,0.0043105560847952655,$\phi$,dfa (short)
Trace,8.0,0.4681499590051073,-2.786527217192667,0.0015608006670609588,$\phi$,mean (short)
Shuffled,8.0,0.39463639109808046,-2.804854326183764,0.009531057814650802,$\phi$,dfa (short)
Shuffled,8.0,0.28873984179658235,-2.1333816794439397,0.010527788005515211,$\phi$,mean (short)
Trace,9.0,0.5860968117256764,-3.321032828257744,0.008339767816229715,$\phi$,dfa (short)
Trace,9.0,0.4824428326813983,-2.581569516164262,0.0032308230001622043,$\phi$,mean (short)
Shuffled,9.0,0.5293328932958404,-3.020030902961401,0.006389774851185025,$\phi$,dfa (short)
Shuffled,9.0,0.4285813300279748,-2.3874262854020962,0.012632423859000671,$\phi$,mean (short)
Trace,10.0,0.32848563483963467,-2.838196294245125,0.007094340582215255,$\phi$,dfa (short)
Trace,10.0,0.3305105674436741,-2.612121696010315,0.0024801691631842057,$\phi$,mean (short)
Shuffled,10.0,0.5299331077093086,-3.322529603611958,0.006622605281448486,$\phi$,dfa (short)
Shuffled,10.0,0.49507922427596385,-2.814618349295696,0.0015484974786671778,$\phi$,mean (short)
Trace,11.0,0.38937171594657344,-3.089152363492031,0.005939009014089824,$\phi$,dfa (short)
Trace,11.0,0.453333960742902,-2.932230129857225,0.004204258978940096,$\phi$,mean (short)
Shuffled,11.0,0.31086694071193777,-2.671318596238443,0.012511102425932409,$\phi$,dfa (short)
Shuffled,11.0,0.33952332111682876,-2.4448363338701364,0.003406888961626616,$\phi$,mean (short)
Trace,12.0,0.3385356245802401,-2.813051092382689,0.0054687912245291095,$\phi$,dfa (short)
Trace,12.0,0.33615406511391505,-2.521694547168979,0.0022574694676809892,$\phi$,mean (short)
Shuffled,12.0,0.4368794911148147,-2.973994478482939,0.008605466210243903,$\phi$,dfa (short)
Shuffled,12.0,0.305151203189295,-2.2411059314795123,0.010302379837594406,$\phi$,mean (short)
Trace,13.0,0.46021607238909024,-3.3845938746065523,0.004146524049539458,$\phi$,dfa (short)
Trace,13.0,0.40808170743534783,-2.8635293968179414,0.007572903174309735,$\phi$,mean (short)
Shuffled,13.0,0.3447199433758969,-2.9569356434048935,0.01103202285985134,$\phi$,dfa (short)
Shuffled,13.0,0.2910991000452785,-2.501010778434057,0.00730052435915536,$\phi$,mean (short)
Trace,14.0,0.4219747911846483,-2.9286447761002177,0.0046428278490338384,$\phi$,dfa (short)
Trace,14.0,0.4086138330683625,-2.5046866971042516,0.004547691896597805,$\phi$,mean (short)
Shuffled,14.0,0.3916216466016844,-2.7898074758621343,0.008306622335413016,$\phi$,dfa (short)
Shuffled,14.0,0.4201966544417886,-2.420114697742125,0.004850268225759891,$\phi$,mean (short)
Trace,15.0,0.28789472019092066,-2.7933752996717693,0.00499214335345453,$\phi$,dfa (short)
Trace,15.0,0.46445353559706654,-2.9773490312234268,0.006585577676424467,$\phi$,mean (short)
Shuffled,15.0,0.2819864962440736,-2.7021048089475217,0.007614967864852407,$\phi$,dfa (short)
Shuffled,15.0,0.2584669876150823,-2.378141387039502,0.00472836232612551,$\phi$,mean (short)
Trace,16.0,0.2730635398833129,-2.739942145988964,0.007280844303938599,$\phi$,dfa (short)
Trace,16.0,0.42267681582168715,-2.8135803164305444,0.0022974831373789068,$\phi$,mean (short)
Shuffled,16.0,0.3855705656356763,-2.8789454668471417,0.01320415536680769,$\phi$,dfa (short)
Shuffled,16.0,0.2779566737022364,-2.2098208171774605,0.013810038083364113,$\phi$,mean (short)
Trace,17.0,0.4160327444248386,-2.99979352924987,0.005096306056951461,$\phi$,dfa (short)
Trace,17.0,0.33256457241072507,-2.4016392019403554,0.007138600018972093,$\phi$,mean (short)
Shuffled,17.0,0.49249175864677014,-3.1340711073567755,0.00595992765065459,$\phi$,dfa (short)
Shuffled,17.0,0.5450523841496149,-2.782501561000344,0.0017809851222758367,$\phi$,mean (short)
Trace,18.0,0.2676173944752452,-2.7641564014505637,0.01259940572147874,$\phi$,dfa (short)
Trace,18.0,0.2854763778537367,-2.5934958314021332,0.002371832070753005,$\phi$,mean (short)
Shuffled,18.0,0.37618677828780267,-2.8337192317111195,0.028405782708201682,$\phi$,dfa (short)
Shuffled,18.0,0.24483196307454524,-2.1586580340440045,0.014781808782798807,$\phi$,mean (short)
Trace,19.0,0.3853657852191456,-3.0614342350815686,0.0031954030106633915,$\phi$,dfa (short)
Trace,19.0,0.35281670889241523,-2.6789356342058586,0.003610545641764631,$\phi$,mean (short)
Shuffled,19.0,0.44364731804432816,-3.09734033895797,0.008501432225758705,$\phi$,dfa (short)
Shuffled,19.0,0.2782836149676002,-2.240800234589053,0.013504860604239406,$\phi$,mean (short)
Trace,20.0,0.35105368372063056,-3.1363151791184967,0.008097294637555649,$\phi$,dfa (short)
Trace,20.0,0.3213202890535585,-2.770925846097397,0.01207876339748397,$\phi$,mean (short)
Shuffled,20.0,0.3285075685708675,-2.9713855879977795,0.02982948489396337,$\phi$,dfa (short)
Shuffled,20.0,0.3084458978787412,-2.561383902043901,0.003161479752082634,$\phi$,mean (short)
Trace,1.0,0.448993465315012,-4.287793349452501,0.013635218336352846,$f$,dfa (short)
Trace,1.0,0.36622533693335085,-3.6411028613374214,0.008209628761227428,$f$,mean (short)
Shuffled,1.0,0.7001012891231845,-4.9946782064564905,0.008720754270872454,$f$,dfa (short)
Shuffled,1.0,0.5117519686931037,-3.866206999559582,0.011347755645521332,$f$,mean (short)
Trace,2.0,0.6050509954088168,-4.352613105984809,0.01306385553170062,$f$,dfa (short)
Trace,2.0,0.40097359251929865,-3.3465017787336846,0.017294836388970516,$f$,mean (short)
Shuffled,2.0,0.5988298296010461,-4.403000667568422,0.007123226283349299,$f$,dfa (short)
Shuffled,2.0,0.49346431005317276,-3.669872438489733,0.011612439035261574,$f$,mean (short)
Trace,3.0,0.513698004729306,-3.954046458348884,0.013573163444677344,$f$,dfa (short)
Trace,3.0,0.37674778823727906,-3.1397433031884345,0.014386736596841183,$f$,mean (short)
Shuffled,3.0,0.5667871934869742,-4.061272866623797,0.014735895288189665,$f$,dfa (short)
Shuffled,3.0,0.40936728348907153,-3.166920628617248,0.014689150164272052,$f$,mean (short)
Trace,4.0,0.579756408830044,-4.636670092123209,0.004863881101470794,$f$,dfa (short)
Trace,4.0,0.5279761941513709,-3.9904284874977276,0.0037278378963389535,$f$,mean (short)
Shuffled,4.0,0.41245854255145425,-4.2257282671053655,0.014112041686588646,$f$,dfa (short)
Shuffled,4.0,0.38998451364662895,-3.7806541559988,0.006358977461965963,$f$,mean (short)
Trace,5.0,0.5158807062945424,-4.697798237605699,0.005569801950749606,$f$,dfa (short)
Trace,5.0,0.5078605479467193,-4.151644335801539,0.003931868227292839,$f$,mean (short)
Shuffled,5.0,0.425035981130033,-4.421595973321181,0.014973953434187344,$f$,dfa (short)
Shuffled,5.0,0.37679152380346576,-3.9103522021849213,0.005716862677321232,$f$,mean (short)
Trace,6.0,0.5410693992166747,-4.761492009844971,0.011297568338576825,$f$,dfa (short)
Trace,6.0,0.4347489903085443,-3.9552516768429973,0.011761558311267163,$f$,mean (short)
Shuffled,6.0,0.49230086684273744,-4.587573400287404,0.009769465029775229,$f$,dfa (short)
Shuffled,6.0,0.4643306979657402,-4.082877719982266,0.004169518060779692,$f$,mean (short)
Trace,7.0,0.46386483854269805,-4.4209773455620685,0.01431720728420131,$f$,dfa (short)
Trace,7.0,0.2935246434644669,-3.5402191771342286,0.0137049980271131,$f$,mean (short)
Shuffled,7.0,0.42447288254654636,-4.452604004242705,0.008288018742372361,$f$,dfa (short)
Shuffled,7.0,0.31838982824057527,-3.748948264762266,0.011656640377983833,$f$,mean (short)
Trace,8.0,0.7088558597206462,-4.891357676035174,0.00463148347056295,$f$,dfa (short)
Trace,8.0,0.5988548323172301,-4.064151756323547,0.00725879074952267,$f$,mean (short)
Shuffled,8.0,0.544404110624063,-4.2973031484828645,0.015482415410385291,$f$,dfa (short)
Shuffled,8.0,0.46890528493597533,-3.677077291877042,0.010132546549973389,$f$,mean (short)
Trace,9.0,0.8304826923053007,-4.9173626471555725,0.013678663548882869,$f$,dfa (short)
Trace,9.0,0.6923585041880707,-3.8435694696794798,0.008638191638109164,$f$,mean (short)
Shuffled,9.0,0.39993424720388293,-3.829145320830651,0.017004105727986423,$f$,dfa (short)
Shuffled,9.0,0.26763598124963545,-2.9855429471289194,0.026080916301465723,$f$,mean (short)
Trace,10.0,0.5344083921642342,-4.364817841689554,0.010322436962655114,$f$,dfa (short)
Trace,10.0,0.5501853411120509,-3.98263260401355,0.004295056953267071,$f$,mean (short)
Shuffled,10.0,0.4461869834878291,-4.2087891126456025,0.012871904075183597,$f$,dfa (short)
Shuffled,10.0,0.3362083506201049,-3.5487154711199027,0.011864678228624153,$f$,mean (short)
Trace,11.0,0.6984888610965915,-5.0271844296682815,0.002764653528334129,$f$,dfa (short)
Trace,11.0,0.6419162186789552,-4.348547911562346,0.0037177316744958578,$f$,mean (short)
Shuffled,11.0,0.6141558412716491,-4.766260732339283,0.001818073856032572,$f$,dfa (short)
Shuffled,11.0,0.5993046612629488,-4.2276533584094,0.005737410415211154,$f$,mean (short)
Trace,12.0,0.5318063675286813,-4.1690362105374135,0.005993203612881713,$f$,dfa (short)
Trace,12.0,0.5033103610821181,-3.6192637556318834,0.007319486305287857,$f$,mean (short)
Shuffled,12.0,0.5934635513241294,-4.447650695525717,0.004321257130628335,$f$,dfa (short)
Shuffled,12.0,0.4880202075452123,-3.6409709276822837,0.01191430044658863,$f$,mean (short)
Trace,13.0,0.6694680636514625,-4.764465107632237,0.008239036481842342,$f$,dfa (short)
Trace,13.0,0.6368386613303855,-4.193072097152656,0.004930035499250203,$f$,mean (short)
Shuffled,13.0,0.5755532269600975,-4.516316184009286,0.010326196080351666,$f$,dfa (short)
Shuffled,13.0,0.5679890311905131,-3.968557859298899,0.013696350181054376,$f$,mean (short)
Trace,14.0,0.5939905140824059,-4.107492481316223,0.00563527234006209,$f$,dfa (short)
Trace,14.0,0.5711900573296536,-3.4405477367022024,0.008139542226126829,$f$,mean (short)
Shuffled,14.0,0.44861118952564594,-3.692740693840805,0.012282945603870412,$f$,dfa (short)
Shuffled,14.0,0.4397732568088912,-3.129625477281504,0.013310043430337155,$f$,mean (short)
Trace,15.0,0.5643806948571628,-4.492653485520428,0.007335965573813596,$f$,dfa (short)
Trace,15.0,0.7218290030403739,-4.372484612327732,0.005438388291004738,$f$,mean (short)
Shuffled,15.0,0.7113894304766547,-4.759568765450394,0.005320466164012555,$f$,dfa (short)
Shuffled,15.0,0.5951648926913559,-3.82056692691027,0.010150623230602587,$f$,mean (short)
Trace,16.0,0.3828444507936985,-4.156665278899851,0.00835992882094208,$f$,dfa (short)
Trace,16.0,0.5037892747197527,-3.9333127813270914,0.0032378468679212513,$f$,mean (short)
Shuffled,16.0,0.6195918464384724,-4.750792428236152,0.011377400286275399,$f$,dfa (short)
Shuffled,16.0,0.5953070346620918,-4.107632738790517,0.007973827094059301,$f$,mean (short)
Trace,17.0,0.5764087794711014,-4.533437865624408,0.010327583583131383,$f$,dfa (short)
Trace,17.0,0.46281191910772973,-3.6912577819472756,0.008067820713684832,$f$,mean (short)
Shuffled,17.0,0.3649844116037598,-4.068044308943176,0.009185136045485107,$f$,dfa (short)
Shuffled,17.0,0.3966391086638627,-3.816907937813351,0.00329878521031259,$f$,mean (short)
Trace,18.0,0.4239237065485119,-4.02927562939857,0.023166959306781112,$f$,dfa (short)
Trace,18.0,0.4138364001357355,-3.6805024011180043,0.006271195273182981,$f$,mean (short)
Shuffled,18.0,0.5734070039637467,-4.463509182572706,0.010981949813811103,$f$,dfa (short)
Shuffled,18.0,0.5487096501830195,-3.9052397730043404,0.005104349260748225,$f$,mean (short)
Trace,19.0,0.5823775987703036,-4.790051505098817,0.00758067389585129,$f$,dfa (short)
Trace,19.0,0.47877493713922775,-4.0031611400692855,0.006051832375789635,$f$,mean (short)
Shuffled,19.0,0.3905257016685523,-4.310854187463553,0.012702174707788384,$f$,dfa (short)
Shuffled,19.0,0.29246823067314126,-3.7048826440410507,0.008848514223608243,$f$,mean (short)
Trace,20.0,0.33380651965157937,-4.208788627182074,0.018064471219950032,$f$,dfa (short)
Trace,20.0,0.3981184631851705,-3.8617984341617744,0.008089577913470711,$f$,mean (short)
Shuffled,20.0,0.628332891205703,-4.418313199854113,0.014051733488326588,$f$,dfa (short)
Shuffled,20.0,0.6212541584595804,-3.9760947867811773,0.010538374927109394,$f$,mean (short)
Trace,1.0,0.42916600732184135,-1.5877246144845636,0.0043790183254202785,$\Delta$,dfa (short)
Trace,1.0,0.4263656484536318,-1.1352084231926316,0.007823313824789927,$\Delta$,mean (short)
Shuffled,1.0,0.45646145750258016,-1.5438399728045042,0.007792060344936195,$\Delta$,dfa (short)
Shuffled,1.0,0.3516921987473885,-0.8487315117207794,0.010104858400434933,$\Delta$,mean (short)
Trace,2.0,0.5698640342356208,-1.9998194954473032,0.007381169184160401,$\Delta$,dfa (short)
Trace,2.0,0.5511608064124824,-1.4501131443149005,0.00344931609822439,$\Delta$,mean (short)
Shuffled,2.0,0.6692680511813917,-2.3367345854337795,0.01290620849459208,$\Delta$,dfa (short)
Shuffled,2.0,0.5317966535449294,-1.3743496239480457,0.010879406490781934,$\Delta$,mean (short)
Trace,3.0,0.4569539774913547,-1.5489499637509505,0.009145212184861345,$\Delta$,dfa (short)
Trace,3.0,0.37079350147472445,-0.9141303787457713,0.010701602854569486,$\Delta$,mean (short)
Shuffled,3.0,0.4175752093399279,-1.3700589077469387,0.012067309934565524,$\Delta$,dfa (short)
Shuffled,3.0,0.3083262235397987,-0.6885971365178689,0.011219086491140996,$\Delta$,mean (short)
Trace,4.0,0.4291072575362483,-1.5986200619381938,0.006467417323473007,$\Delta$,dfa (short)
Trace,4.0,0.45378338824576925,-1.2690931602963387,0.0031868281524347537,$\Delta$,mean (short)
Shuffled,4.0,0.34434594315036626,-1.3502608678508803,0.011111182275785102,$\Delta$,dfa (short)
Shuffled,4.0,0.28644753940922135,-0.8350404904087995,0.007953997436522179,$\Delta$,mean (short)
Trace,5.0,0.4515933232867746,-1.850025348748527,0.005121456490750269,$\Delta$,dfa (short)
Trace,5.0,0.596936219898601,-1.8479214347987625,0.010582784712578815,$\Delta$,mean (short)
Shuffled,5.0,0.4611952970441089,-1.696666561143225,0.010516440528937417,$\Delta$,dfa (short)
Shuffled,5.0,0.49770256195718265,-1.3904706343425968,0.0025869659322163303,$\Delta$,mean (short)
Trace,6.0,0.52139481497501,-1.9749458587685158,0.0036086564235814013,$\Delta$,dfa (short)
Trace,6.0,0.49525406424122265,-1.3946928622285815,0.010732432549079853,$\Delta$,mean (short)
Shuffled,6.0,0.5524252228984432,-2.022429797884193,0.0047059077163327445,$\Delta$,dfa (short)
Shuffled,6.0,0.536672318127884,-1.46389559747085,0.004118730123556677,$\Delta$,mean (short)
Trace,7.0,0.30125499482811535,-1.4574955476045126,0.010324690923940274,$\Delta$,dfa (short)
Trace,7.0,0.4349023991307131,-1.503366956838707,0.005285496730460659,$\Delta$,mean (short)
Shuffled,7.0,0.5625549259652007,-2.118819265127671,0.0033120142561482886,$\Delta$,dfa (short)
Shuffled,7.0,0.4645923500794238,-1.355299322340347,0.0061423080226236495,$\Delta$,mean (short)
Trace,8.0,0.657949045227054,-2.1843969193904234,0.0072876152716959556,$\Delta$,dfa (short)
Trace,8.0,0.5806690548598411,-1.3789149908859042,0.007893155317661792,$\Delta$,mean (short)
Shuffled,8.0,0.49062551258091486,-1.681600084032766,0.006860678966198739,$\Delta$,dfa (short)
Shuffled,8.0,0.3710217453813912,-0.8915971740326184,0.012476318992736287,$\Delta$,mean (short)
Trace,9.0,0.8169176667920284,-2.0283763723032306,0.010742318478182323,$\Delta$,dfa (short)
Trace,9.0,0.673748302717127,-1.144188094383912,0.008373114134109351,$\Delta$,mean (short)
Shuffled,9.0,0.800096570265053,-1.8746398625712197,0.007380558379684237,$\Delta$,dfa (short)
Shuffled,9.0,0.6868908196844863,-1.0972041210790338,0.008816815129084027,$\Delta$,mean (short)
Trace,10.0,0.6055500027332203,-1.9920461224848636,0.002661924757757841,$\Delta$,dfa (short)
Trace,10.0,0.6902979423219333,-1.7306293580212382,0.003430008872672908,$\Delta$,mean (short)
Shuffled,10.0,0.6246547469562329,-2.027370093085918,0.00537507180288018,$\Delta$,dfa (short)
Shuffled,10.0,0.5997900351264075,-1.5147996217193238,0.0034594150734002325,$\Delta$,mean (short)
Trace,11.0,0.4616297092215312,-1.838078493980916,0.0031528703023623096,$\Delta$,dfa (short)
Trace,11.0,0.4820646530937645,-1.5145458308796618,0.0013881878662172192,$\Delta$,mean (short)
Shuffled,11.0,0.3509277878225,-1.3862574310980593,0.010709787296261162,$\Delta$,dfa (short)
Shuffled,11.0,0.31820297430358246,-0.9592017745308934,0.0070518545059214946,$\Delta$,mean (short)
Trace,12.0,0.3420717416918477,-1.4115428476096124,0.008610596574745869,$\Delta$,dfa (short)
Trace,12.0,0.33508251929665633,-1.0668452529604495,0.003572079412287111,$\Delta$,mean (short)
Shuffled,12.0,0.4575781413915923,-1.6753622405529132,0.009462462580373272,$\Delta$,dfa (short)
Shuffled,12.0,0.4105619738131631,-1.1670522578646114,0.005383623701705268,$\Delta$,mean (short)
Trace,13.0,0.4878147012901681,-1.9491685559709755,0.008302524352676501,$\Delta$,dfa (short)
Trace,13.0,0.38902259308065545,-1.3291329968215895,0.009353235381626794,$\Delta$,mean (short)
Shuffled,13.0,0.5154177634708031,-1.8891318433867597,0.006273076174675893,$\Delta$,dfa (short)
Shuffled,13.0,0.550717097185644,-1.5672151397360656,0.0016130926195891146,$\Delta$,mean (short)
Trace,14.0,0.5482412743596609,-1.9866468114023021,0.004480013399991999,$\Delta$,dfa (short)
Trace,14.0,0.43947834188808294,-1.237462974422193,0.01148826154155179,$\Delta$,mean (short)
Shuffled,14.0,0.3609898565926606,-1.4260242106653533,0.012763056382257987,$\Delta$,dfa (short)
Shuffled,14.0,0.34396008274428036,-0.9724319182268402,0.007662325103657632,$\Delta$,mean (short)
Trace,15.0,0.4721144671674551,-1.7611867019483176,0.005002666833620542,$\Delta$,dfa (short)
Trace,15.0,0.4325163255068639,-1.2485528957854237,0.004889065374224494,$\Delta$,mean (short)
Shuffled,15.0,0.41755497233301037,-1.6675041598714748,0.006833598456444243,$\Delta$,dfa (short)
Shuffled,15.0,0.41043780781411626,-1.3048892421522182,0.005226654896368262,$\Delta$,mean (short)
Trace,16.0,0.5899327192289465,-2.195383826739293,0.013105228591873743,$\Delta$,dfa (short)
Trace,16.0,0.5755178391245233,-1.5512682181210895,0.0045621166159542795,$\Delta$,mean (short)
Shuffled,16.0,0.46550149497824367,-1.6556456621801408,0.011057718185299242,$\Delta$,dfa (short)
Shuffled,16.0,0.3426178830280254,-0.9443029259950293,0.01098476405072142,$\Delta$,mean (short)
Trace,17.0,0.4425956683239038,-1.621749659080476,0.004185920096098009,$\Delta$,dfa (short)
Trace,17.0,0.4721414402982941,-1.285952234017973,0.002914002022845052,$\Delta$,mean (short)
Shuffled,17.0,0.5161913702840049,-1.7251150242635531,0.005698222668215284,$\Delta$,dfa (short)
Shuffled,17.0,0.4894908662677756,-1.1755720669191339,0.004313964087007778,$\Delta$,mean (short)
Trace,18.0,0.5435515665306421,-2.0846864540030676,0.0089036256320249,$\Delta$,dfa (short)
Trace,18.0,0.5612746952941968,-1.6523028973692035,0.008085281384011232,$\Delta$,mean (short)
Shuffled,18.0,0.4893209454291554,-1.7658663429990928,0.015376667287257133,$\Delta$,dfa (short)
Shuffled,18.0,0.34918545034127196,-1.0203662271057388,0.014826712379203496,$\Delta$,mean (short)
Trace,19.0,0.49124596142515187,-1.9903539980561844,0.004565986079992628,$\Delta$,dfa (short)
Trace,19.0,0.4439773244106408,-1.4120198282694716,0.009334370645251874,$\Delta$,mean (short)
Shuffled,19.0,0.42261485314874153,-1.6603466773334175,0.013227111971403816,$\Delta$,dfa (short)
Shuffled,19.0,0.31948456954918036,-0.9953202027241944,0.010313212256634566,$\Delta$,mean (short)
Trace,20.0,0.3372744794628524,-1.7372101987326056,0.027742593591472284,$\Delta$,dfa (short)
Trace,20.0,0.2804696615865471,-1.2869821433303739,0.011281447597222794,$\Delta$,mean (short)
Shuffled,20.0,0.2672078412261784,-1.5082603517394761,0.02965147341052728,$\Delta$,dfa (short)
Shuffled,20.0,0.3274070898793299,-1.3006491127972546,0.003993903626544103,$\Delta$,mean (short)
Trace,1.0,0.394233835763145,-3.2636883609224085,0.0029961899808808004,$\tau$,dfa (short)
Trace,1.0,0.45456604194291705,-3.0854618356879984,0.003137101934909447,$\tau$,mean (short)
Shuffled,1.0,0.4096297006317627,-3.186627376616687,0.005973031557958394,$\tau$,dfa (short)
Shuffled,1.0,0.42563436754967293,-2.789773796469749,0.005555206807933365,$\tau$,mean (short)
Trace,2.0,0.4514547688536806,-3.4304078895854433,0.0056947226129674434,$\tau$,dfa (short)
Trace,2.0,0.3520070118014469,-2.8118473184271293,0.008745116215573088,$\tau$,mean (short)
Shuffled,2.0,0.5907492859682284,-3.750912111446179,0.006424973894066741,$\tau$,dfa (short)
Shuffled,2.0,0.43040005661774106,-2.836202545669103,0.008672966601719023,$\tau$,mean (short)
Trace,3.0,0.41471213632119486,-3.186484379470106,0.007937738739666276,$\tau$,dfa (short)
Trace,3.0,0.39225231075558187,-2.7028925970677578,0.006366858767302458,$\tau$,mean (short)
Shuffled,3.0,0.5624618433635721,-3.539102447905963,0.00353796055125337,$\tau$,dfa (short)
Shuffled,3.0,0.43363959818145265,-2.7012314708038994,0.00966679268448766,$\tau$,mean (short)
Trace,4.0,0.45001412002079266,-3.44620756998979,0.0021162634624987027,$\tau$,dfa (short)
Trace,4.0,0.47849114253908603,-3.053235873955001,0.0024003146059884176,$\tau$,mean (short)
Shuffled,4.0,0.3370522200572677,-2.964681406645828,0.013576009536949868,$\tau$,dfa (short)
Shuffled,4.0,0.2070427624922843,-2.251203288092048,0.012652825103805658,$\tau$,mean (short)
Trace,5.0,0.42848617325854976,-3.522437154483412,0.005169623436968547,$\tau$,dfa (short)
Trace,5.0,0.47417063045820906,-3.2599039783222596,0.0034107047001119147,$\tau$,mean (short)
Shuffled,5.0,0.4547591578181308,-3.435597098158901,0.008641143198344416,$\tau$,dfa (short)
Shuffled,5.0,0.38007448997718274,-2.8291617489072878,0.007649510734079399,$\tau$,mean (short)
Trace,6.0,0.4705844924493765,-3.51210028434401,0.002290744155767172,$\tau$,dfa (short)
Trace,6.0,0.45294052999661316,-3.056868548123319,0.004396716014003874,$\tau$,mean (short)
Shuffled,6.0,0.5835833827317486,-3.7494047222833142,0.003881949273413611,$\tau$,dfa (short)
Shuffled,6.0,0.5246880217659006,-3.0934727647270814,0.006575080335272619,$\tau$,mean (short)
Trace,7.0,0.3640076613811151,-3.200873247990364,0.006735959980112978,$\tau$,dfa (short)
Trace,7.0,0.32916642982451383,-2.7743472538513005,0.006485778309199944,$\tau$,mean (short)
Shuffled,7.0,0.46484198826686557,-3.4676374959273435,0.0059125127072094195,$\tau$,dfa (short)
Shuffled,7.0,0.4179948567175194,-2.9236213950142678,0.0044215425100684585,$\tau$,mean (short)
Trace,8.0,0.3785440476010053,-3.0517502258283207,0.0052418687585109,$\tau$,dfa (short)
Trace,8.0,0.39421223987005943,-2.7908837952308536,0.001978838515800723,$\tau$,mean (short)
Shuffled,8.0,0.40163087619341514,-3.0582073663981313,0.004042267205920081,$\tau$,dfa (short)
Shuffled,8.0,0.3728143929205065,-2.6066795255259523,0.005553283997255357,$\tau$,mean (short)
Trace,9.0,0.8736501297831946,-3.5895438967954356,0.013301478414504148,$\tau$,dfa (short)
Trace,9.0,0.8150579319603793,-2.6046506993830354,0.01446661397511278,$\tau$,mean (short)
Shuffled,9.0,0.5584283542208501,-2.710138725017594,0.018911560231023597,$\tau$,dfa (short)
Shuffled,9.0,0.48493531799393225,-1.9072375024333335,0.017044410440455803,$\tau$,mean (short)
Trace,10.0,0.6331967509271146,-3.572553054940566,0.0032896830918318493,$\tau$,dfa (short)
Trace,10.0,0.684035716967502,-3.181931478764761,0.002999203713093548,$\tau$,mean (short)
Shuffled,10.0,0.6912381434451789,-3.7945371875254046,0.008209441679239189,$\tau$,dfa (short)
Shuffled,10.0,0.6565321924819746,-3.1774062757219923,0.004235227972452745,$\tau$,mean (short)
Trace,11.0,0.5195426592142863,-3.5759910817213862,0.005029185093975937,$\tau$,dfa (short)
Trace,11.0,0.4826534646341722,-2.985656041962759,0.00452082698676725,$\tau$,mean (short)
Shuffled,11.0,0.3509991607788064,-2.914773135513978,0.013088731550224709,$\tau$,dfa (short)
Shuffled,11.0,0.32001739614804825,-2.4789725862608316,0.0057602954219839395,$\tau$,mean (short)
Trace,12.0,0.4744075289079222,-3.327039750896864,0.0037207858431001976,$\tau$,dfa (short)
Trace,12.0,0.35774611409823076,-2.5686436636511107,0.011183814392787069,$\tau$,mean (short)
Shuffled,12.0,0.36866414297036576,-2.946001176263201,0.01567617627576403,$\tau$,dfa (short)
Shuffled,12.0,0.3012148133826449,-2.4122722944717685,0.00901172242998954,$\tau$,mean (short)
Trace,13.0,0.47872994278041986,-3.4686024699788005,0.004801252330198871,$\tau$,dfa (short)
Trace,13.0,0.5134809879159066,-3.1967495646929796,0.001061174559950531,$\tau$,mean (short)
Shuffled,13.0,0.4267297010680766,-3.224326441121418,0.009557512091319362,$\tau$,dfa (short)
Shuffled,13.0,0.3080271311684148,-2.5828776552942303,0.007222093121093657,$\tau$,mean (short)
Trace,14.0,0.5702464129025543,-3.5988425112974647,0.005425657545224484,$\tau$,dfa (short)
Trace,14.0,0.688466200186052,-3.1559249514800594,0.007924862723582,$\tau$,mean (short)
Shuffled,14.0,0.3234639632614596,-2.787060806868104,0.016340190926169177,$\tau$,dfa (short)
Shuffled,14.0,0.3541335490580936,-2.4797925499493068,0.005867070786435439,$\tau$,mean (short)
Trace,15.0,0.48908639155703515,-3.4590991295239273,0.004119321433900612,$\tau$,dfa (short)
Trace,15.0,0.5783952233200824,-3.2379555813932863,0.003454990252795304,$\tau$,mean (short)
Shuffled,15.0,0.33182197529523083,-2.9840551138029574,0.00515234703681845,$\tau$,dfa (short)
Shuffled,15.0,0.3912239620353064,-2.876795125119629,0.0022819647115630668,$\tau$,mean (short)
Trace,16.0,0.47380626931948183,-3.4072037757438856,0.006224788514543316,$\tau$,dfa (short)
Trace,16.0,0.5625346044687738,-3.1660853149650334,0.0022929333723694925,$\tau$,mean (short)
Shuffled,16.0,0.47653726822418896,-3.2814108493037466,0.010833364841586078,$\tau$,dfa (short)
Shuffled,16.0,0.3150874018209409,-2.4468771565836436,0.016972879490956005,$\tau$,mean (short)
Trace,17.0,0.44315361991091917,-3.400515626439153,0.0046947413136297226,$\tau$,dfa (short)
Trace,17.0,0.543030486974302,-3.212429440335081,0.0020824786068744145,$\tau$,mean (short)
Shuffled,17.0,0.5435792609277781,-3.532535027972636,0.0063797363038689174,$\tau$,dfa (short)
Shuffled,17.0,0.538717426783398,-2.959461670445809,0.0033160638266334953,$\tau$,mean (short)
Trace,18.0,0.4321133658290275,-3.478196702788173,0.0038423573491221615,$\tau$,dfa (short)
Trace,18.0,0.503615167463636,-3.2391346535623455,0.003966172653591993,$\tau$,mean (short)
Shuffled,18.0,0.574193887754219,-3.6924951577642338,0.009034578704229834,$\tau$,dfa (short)
Shuffled,18.0,0.4815368236089538,-2.973331660313278,0.01593873780792589,$\tau$,mean (short)
Trace,19.0,0.3664530487010111,-3.1879293993272086,0.0053870817606956195,$\tau$,dfa (short)
Trace,19.0,0.39767697889483333,-2.8932106919896423,0.003804794766664181,$\tau$,mean (short)
Shuffled,19.0,0.38959717336279837,-3.1337714369495786,0.009794074365335989,$\tau$,dfa (short)
Shuffled,19.0,0.31709017918362065,-2.6130482505846806,0.0073979710482694845,$\tau$,mean (short)
Trace,20.0,0.3330592186594576,-3.3317233342350367,0.010809496202677233,$\tau$,dfa (short)
Trace,20.0,0.3028286161936784,-2.997637596167827,0.009334002353946151,$\tau$,mean (short)
Shuffled,20.0,0.2959312271178335,-3.1293712235025453,0.016750512455646436,$\tau$,dfa (short)
Shuffled,20.0,0.17931708792982975,-2.557638103708911,0.021493122797106648,$\tau$,mean (short)
Trace,1.0,0.5842769525562862,-2.1149242116011755,0.015376309693542091,$x_0$,dfa (short)
Trace,1.0,0.46795460953012047,-1.1869453700045147,0.012778718608878081,$x_0$,mean (short)
Shuffled,1.0,0.5010756065661461,-2.1434246369433563,0.004049533855143543,$x_0$,dfa (short)
Shuffled,1.0,0.5330801273884134,-1.758660655840421,0.005453892146991868,$x_0$,mean (short)
Trace,2.0,0.6473255611337949,-2.4981434086578655,0.009337410073399537,$x_0$,dfa (short)
Trace,2.0,0.6975168957207551,-1.8388460969379263,0.003688603460216948,$x_0$,mean (short)
Shuffled,2.0,0.4608363392220316,-2.051037239386935,0.00951093306454723,$x_0$,dfa (short)
Shuffled,2.0,0.4389384773933331,-1.5898892535413056,0.00639181284279897,$x_0$,mean (short)
Trace,3.0,0.5947390736641499,-2.1899168328393843,0.01203968018105367,$x_0$,dfa (short)
Trace,3.0,0.4806237485081862,-1.313109901420602,0.006791699097669946,$x_0$,mean (short)
Shuffled,3.0,0.4845241760796193,-1.9877519277548634,0.008397882392102787,$x_0$,dfa (short)
Shuffled,3.0,0.39279559443235834,-1.2929289878158468,0.007869439681094473,$x_0$,mean (short)
Trace,4.0,0.5521414174370342,-1.9362616999953783,0.021586478923411548,$x_0$,dfa (short)
Trace,4.0,0.4428862111564912,-1.0344685730678354,0.014023053448093502,$x_0$,mean (short)
Shuffled,4.0,0.4171071806738381,-1.7671639087594555,0.008254329300821298,$x_0$,dfa (short)
Shuffled,4.0,0.3479371478965386,-1.2310303683026806,0.006285321599195385,$x_0$,mean (short)
Trace,5.0,0.7938669874416633,-2.890590114351315,0.005457617838001508,$x_0$,dfa (short)
Trace,5.0,0.777220484955473,-2.0538881758608065,0.0043266036608023365,$x_0$,mean (short)
Shuffled,5.0,0.46254631088406317,-2.052654427828468,0.008819033477921522,$x_0$,dfa (short)
Shuffled,5.0,0.36410341190709283,-1.4054311272300595,0.007521138621025134,$x_0$,mean (short)
Trace,6.0,0.6113413800816377,-2.425015041913265,0.01749078116708977,$x_0$,dfa (short)
Trace,6.0,0.53191413859089,-1.5771601872457093,0.007229462666867887,$x_0$,mean (short)
Shuffled,6.0,0.5290658353668206,-2.345748202775599,0.006529321139056895,$x_0$,dfa (short)
Shuffled,6.0,0.42369440380837964,-1.5988593908829285,0.011465472512888429,$x_0$,mean (short)
Trace,7.0,0.5440490535210785,-2.1437155732565465,0.019868995503512198,$x_0$,dfa (short)
Trace,7.0,0.5307148686949577,-1.4775118425656375,0.0058383970316944886,$x_0$,mean (short)
Shuffled,7.0,0.406193400588627,-1.955905127129898,0.013117884908552634,$x_0$,dfa (short)
Shuffled,7.0,0.28758881589949065,-1.2147176002906117,0.01449521822887489,$x_0$,mean (short)
Trace,8.0,0.7927695696962683,-2.690742306802296,0.010478302352172392,$x_0$,dfa (short)
Trace,8.0,0.706247834207596,-1.6114188940723213,0.007378127810246552,$x_0$,mean (short)
Shuffled,8.0,0.44329613928364536,-1.860959540134788,0.005818143696439493,$x_0$,dfa (short)
Shuffled,8.0,0.4359758315043063,-1.4339479134033464,0.005840716788970806,$x_0$,mean (short)
Trace,9.0,0.5567113201823819,-2.3973495759327497,0.01850229928355177,$x_0$,dfa (short)
Trace,9.0,0.5314224938470516,-1.7403134329165741,0.007933514950662952,$x_0$,mean (short)
Shuffled,9.0,0.490515540158146,-2.2835626097458053,0.011360418395755951,$x_0$,dfa (short)
Shuffled,9.0,0.4781672182381399,-1.8080893807330098,0.011690490837536115,$x_0$,mean (short)
Trace,10.0,0.6620942197352156,-2.497055606308388,0.01489787785702388,$x_0$,dfa (short)
Trace,10.0,0.5994474598535809,-1.6504911408234046,0.00797701487850243,$x_0$,mean (short)
Shuffled,10.0,0.49780378720401386,-2.132762972716469,0.007956224011495415,$x_0$,dfa (short)
Shuffled,10.0,0.3831706424336151,-1.4107109149445787,0.0074674144643215945,$x_0$,mean (short)
Trace,11.0,0.633474673067212,-2.489837511885492,0.012039772387106417,$x_0$,dfa (short)
Trace,11.0,0.6169897703874945,-1.8319502771930853,0.0029485485093185848,$x_0$,mean (short)
Shuffled,11.0,0.4686950592625744,-2.198656740360903,0.003185465538037961,$x_0$,dfa (short)
Shuffled,11.0,0.49653545205801736,-1.7854408963013262,0.0034637117230416677,$x_0$,mean (short)
Trace,12.0,0.5700549907998101,-2.1774034042942114,0.01643565557926954,$x_0$,dfa (short)
Trace,12.0,0.41345896118791414,-1.2268233024627617,0.012993620755204912,$x_0$,mean (short)
Shuffled,12.0,0.5485909002079915,-2.278146056290651,0.005112141334990821,$x_0$,dfa (short)
Shuffled,12.0,0.4878070448905703,-1.6388999267100022,0.005105117631780024,$x_0$,mean (short)
Trace,13.0,0.8298757987195978,-3.01847112151344,0.017460728962595876,$x_0$,dfa (short)
Trace,13.0,0.5843710333608372,-1.629305627308535,0.014316073714455868,$x_0$,mean (short)
Shuffled,13.0,0.41753249374777546,-2.094578998354298,0.007754969787670041,$x_0$,dfa (short)
Shuffled,13.0,0.44937194429915467,-1.7822313066078435,0.003435147237013298,$x_0$,mean (short)
Trace,14.0,0.4751382491944216,-2.1292278171338888,0.016471700893719302,$x_0$,dfa (short)
Trace,14.0,0.45666688743736245,-1.5217220429190261,0.008007929379650168,$x_0$,mean (short)
Shuffled,14.0,0.4288310012267818,-2.1013767198022477,0.008898350502586293,$x_0$,dfa (short)
Shuffled,14.0,0.427528642056653,-1.6649769797332006,0.005980810416667388,$x_0$,mean (short)
Trace,15.0,0.6783238725231813,-2.388753206609714,0.010178702914793024,$x_0$,dfa (short)
Trace,15.0,0.611414888937243,-1.5610876973931567,0.006006583597674696,$x_0$,mean (short)
Shuffled,15.0,0.49415076465769553,-2.0597623124879245,0.004765263135417897,$x_0$,dfa (short)
Shuffled,15.0,0.4395568063096861,-1.4946108557148654,0.006224817821648263,$x_0$,mean (short)
Trace,16.0,0.8149757315951043,-3.0121290310770745,0.009955167799298979,$x_0$,dfa (short)
Trace,16.0,0.643910746463694,-1.5348106670582045,0.013199633465919,$x_0$,mean (short)
Shuffled,16.0,0.49166565117928673,-2.075749516937197,0.004034698193311139,$x_0$,dfa (short)
Shuffled,16.0,0.4217824140493091,-1.3986702634797903,0.008367888754454107,$x_0$,mean (short)
Trace,17.0,0.6534569267142107,-2.198044757706131,0.022024071159584487,$x_0$,dfa (short)
Trace,17.0,0.43195633825525853,-0.9354592835522131,0.02116399587906051,$x_0$,mean (short)
Shuffled,17.0,0.5660658194752685,-2.2281556054079763,0.00650247569477954,$x_0$,dfa (short)
Shuffled,17.0,0.5687227997966847,-1.7288005078846826,0.0012726153969408482,$x_0$,mean (short)
Trace,18.0,0.8225807137494286,-2.85783597266278,0.015774293530763026,$x_0$,dfa (short)
Trace,18.0,0.565385711709396,-1.4862804266883543,0.020390866201234478,$x_0$,mean (short)
Shuffled,18.0,0.46892230923953826,-2.072384220990695,0.01927711538381736,$x_0$,dfa (short)
Shuffled,18.0,0.3907200463094188,-1.4486946239345242,0.00843930961747229,$x_0$,mean (short)
Trace,19.0,0.8180329834903838,-2.86609054549449,0.005981846233086829,$x_0$,dfa (short)
Trace,19.0,0.60195576272905,-1.500301906266341,0.01326778376487459,$x_0$,mean (short)
Shuffled,19.0,0.46062827891642877,-1.9629807399216572,0.01322374398186689,$x_0$,dfa (short)
Shuffled,19.0,0.4405315533086327,-1.4659067062131712,0.006307994386677996,$x_0$,mean (short)
Trace,20.0,0.7158970096066346,-2.9446293402144756,0.016970351621555902,$x_0$,dfa (short)
Trace,20.0,0.5649699970491856,-1.7764909690531296,0.020063122285620353,$x_0$,mean (short)
Shuffled,20.0,0.4792552611051611,-2.278149064691413,0.003202788093802899,$x_0$,dfa (short)
Shuffled,20.0,0.40435799305813735,-1.6770630426857418,0.018248577999775046,$x_0$,mean (short)
Trace,1.0,0.615377744551691,-1.737451076970774,0.011898982276343152,$x_\tau$,dfa (short)
Trace,1.0,0.5111858243921581,-0.7928276479439202,0.012613742621419654,$x_\tau$,mean (short)
Shuffled,1.0,0.4869471510011911,-1.569005887541312,0.004414778007773913,$x_\tau$,dfa (short)
Shuffled,1.0,0.397055904676953,-0.885491077161861,0.008293635413798,$x_\tau$,mean (short)
Trace,2.0,0.7335862117393825,-2.1775617222962063,0.01290245599342793,$x_\tau$,dfa (short)
Trace,2.0,0.7038388075471954,-1.3226096348059309,0.004437907941872214,$x_\tau$,mean (short)
Shuffled,2.0,0.6343381699279411,-2.0398155714109505,0.008256534443567127,$x_\tau$,dfa (short)
Shuffled,2.0,0.5330861281959156,-1.1971813377433045,0.012017301471275282,$x_\tau$,mean (short)
Trace,3.0,0.613283597783488,-1.66409169181291,0.015004204982469953,$x_\tau$,dfa (short)
Trace,3.0,0.466182395941858,-0.7035068067416552,0.010590047186579915,$x_\tau$,mean (short)
Shuffled,3.0,0.3795906587114159,-1.1716940695927984,0.009617629765134965,$x_\tau$,dfa (short)
Shuffled,3.0,0.3509311390505268,-0.7150744220853252,0.006883882496925503,$x_\tau$,mean (short)
Trace,4.0,0.5705613589213144,-1.5650227198307822,0.019804586867117387,$x_\tau$,dfa (short)
Trace,4.0,0.4961622227135387,-0.7615422903774236,0.010928948652658426,$x_\tau$,mean (short)
Shuffled,4.0,0.41189453148623184,-1.367448471382513,0.008113714902746526,$x_\tau$,dfa (short)
Shuffled,4.0,0.38790762611498103,-0.890816000723084,0.006961904399256142,$x_\tau$,mean (short)
Trace,5.0,0.7884170925304935,-2.47295067836055,0.004917323884609993,$x_\tau$,dfa (short)
Trace,5.0,0.8017850886868578,-1.7411431839217935,0.0062321314976818525,$x_\tau$,mean (short)
Shuffled,5.0,0.48757475938401207,-1.7058189797134877,0.00911325912757137,$x_\tau$,dfa (short)
Shuffled,5.0,0.5452706955113639,-1.4445992125562408,0.004842416238075373,$x_\tau$,mean (short)
Trace,6.0,0.662887529914603,-2.0178842986355616,0.015133004864057753,$x_\tau$,dfa (short)
Trace,6.0,0.5453473572083621,-1.0107534674443417,0.01260957067307623,$x_\tau$,mean (short)
Shuffled,6.0,0.4689930518208438,-1.6022010228859087,0.0039549031063031365,$x_\tau$,dfa (short)
Shuffled,6.0,0.4612445272578723,-1.1068271310578806,0.004814864214406531,$x_\tau$,mean (short)
Trace,7.0,0.5169037976791563,-1.6579436116563195,0.019225295024928094,$x_\tau$,dfa (short)
Trace,7.0,0.5622996973083529,-1.1794685101865183,0.00448694704696224,$x_\tau$,mean (short)
Shuffled,7.0,0.535296887270376,-1.8409170252742861,0.010419426290955708,$x_\tau$,dfa (short)
Shuffled,7.0,0.4172971418056104,-1.0525014654194584,0.012088668236828417,$x_\tau$,mean (short)
Trace,8.0,0.8217997395298611,-2.2155262637098883,0.008358392910357134,$x_\tau$,dfa (short)
Trace,8.0,0.6835511066657729,-0.9901965749670765,0.009173151985852923,$x_\tau$,mean (short)
Shuffled,8.0,0.5146837128933135,-1.5164741397906476,0.0042074286774253945,$x_\tau$,dfa (short)
Shuffled,8.0,0.41833454168148915,-0.7587048410398476,0.010197603804655727,$x_\tau$,mean (short)
Trace,9.0,0.8753920809343747,-2.0693588341605658,0.015999518958504884,$x_\tau$,dfa (short)
Trace,9.0,0.6559350878598521,-0.8872239022209101,0.012722375897662362,$x_\tau$,mean (short)
Shuffled,9.0,0.7855744819451931,-1.806029911256223,0.00797771101868742,$x_\tau$,dfa (short)
Shuffled,9.0,0.6734911728881768,-1.031226499455659,0.008345246537318976,$x_\tau$,mean (short)
Trace,10.0,0.7070351554798027,-1.9865544260702834,0.0073446564007867985,$x_\tau$,dfa (short)
Trace,10.0,0.7023986496012682,-1.2774649471995554,0.006151462829332271,$x_\tau$,mean (short)
Shuffled,10.0,0.5483807645275148,-1.6417764329503632,0.006875985092000537,$x_\tau$,dfa (short)
Shuffled,10.0,0.46938699251749616,-1.0272490166504957,0.006490039837255047,$x_\tau$,mean (short)
Trace,11.0,0.5960859984432679,-1.8960274087731124,0.010994133798736769,$x_\tau$,dfa (short)
Trace,11.0,0.6260922751096969,-1.4186234249385001,0.0013414429002794636,$x_\tau$,mean (short)
Shuffled,11.0,0.4761247640367267,-1.695095322706512,0.0032286989901618877,$x_\tau$,dfa (short)
Shuffled,11.0,0.4798544127601459,-1.241284563974665,0.0075563252895146675,$x_\tau$,mean (short)
Trace,12.0,0.5439536322974752,-1.6190486951213505,0.016250852396888806,$x_\tau$,dfa (short)
Trace,12.0,0.4226483775443486,-0.7861451515375035,0.009260256994224093,$x_\tau$,mean (short)
Shuffled,12.0,0.5544327751765512,-1.8787282540002295,0.004970791626066125,$x_\tau$,dfa (short)
Shuffled,12.0,0.5687019121343686,-1.456798015927273,0.002695422762688567,$x_\tau$,mean (short)
Trace,13.0,0.7720411350924149,-2.352517010797933,0.017924135660688293,$x_\tau$,dfa (short)
Trace,13.0,0.5393552744053511,-1.0746144436965852,0.01400755489397619,$x_\tau$,mean (short)
Shuffled,13.0,0.5770404285207552,-1.9191664269861475,0.004360406079751307,$x_\tau$,dfa (short)
Shuffled,13.0,0.6140926586620538,-1.519522517059742,0.0016432114752698173,$x_\tau$,mean (short)
Trace,14.0,0.6277280824435169,-2.0393821131747267,0.0075417675529394915,$x_\tau$,dfa (short)
Trace,14.0,0.42098073843415584,-0.8715064231673418,0.01781044117577719,$x_\tau$,mean (short)
Shuffled,14.0,0.3657979726580317,-1.4480851303020716,0.01212496682097971,$x_\tau$,dfa (short)
Shuffled,14.0,0.2952882077923045,-0.9068933238576823,0.0087666796901047,$x_\tau$,mean (short)
Trace,15.0,0.6793153587606047,-1.9285218925301746,0.013123894858046844,$x_\tau$,dfa (short)
Trace,15.0,0.5496327821022202,-0.9249849466946749,0.009493885540151625,$x_\tau$,mean (short)
Shuffled,15.0,0.5547092637473264,-1.8505166922893976,0.00639431394139617,$x_\tau$,dfa (short)
Shuffled,15.0,0.4897516293474996,-1.1872706403300288,0.00801554374903499,$x_\tau$,mean (short)
Trace,16.0,0.8539247633784903,-2.645942269408085,0.010161651582840612,$x_\tau$,dfa (short)
Trace,16.0,0.6566904371450256,-1.0998382984190243,0.011932895707640757,$x_\tau$,mean (short)
Shuffled,16.0,0.5135380265103597,-1.587748377049912,0.005893304402332673,$x_\tau$,dfa (short)
Shuffled,16.0,0.42946939393544903,-0.9257455973927947,0.005297102078573245,$x_\tau$,mean (short)
Trace,17.0,0.6160215285993187,-1.6486315015482371,0.01986409968072082,$x_\tau$,dfa (short)
Trace,17.0,0.4784276642555336,-0.6697036286759326,0.015978062793871504,$x_\tau$,mean (short)
Shuffled,17.0,0.5557486868629884,-1.725623857971977,0.0031991489390951915,$x_\tau$,dfa (short)
Shuffled,17.0,0.48903633019319936,-1.099854240816914,0.002453671662032767,$x_\tau$,mean (short)
Trace,18.0,0.839019972184551,-2.4666422098198284,0.005992241578932843,$x_\tau$,dfa (short)
Trace,18.0,0.630294971644124,-1.1918198088701297,0.019106797140867562,$x_\tau$,mean (short)
Shuffled,18.0,0.5722215670439704,-1.8251665005678332,0.007209948230968465,$x_\tau$,dfa (short)
Shuffled,18.0,0.45356410572843403,-1.0911551199960952,0.012708501900094872,$x_\tau$,mean (short)
Trace,19.0,0.8084293502208046,-2.4652621930823075,0.00419312248818873,$x_\tau$,dfa (short)
Trace,19.0,0.605099968225049,-1.1215820448541232,0.013813127373356405,$x_\tau$,mean (short)
Shuffled,19.0,0.4628784648948168,-1.5588735189114276,0.017434780770700573,$x_\tau$,dfa (short)
Shuffled,19.0,0.428294877617989,-1.0245296365814633,0.007874696557436832,$x_\tau$,mean (short)
Trace,20.0,0.6947171551242362,-2.386950381093982,0.021064779452415916,$x_\tau$,dfa (short)
Trace,20.0,0.5568365179082208,-1.3497707453002812,0.018567007745425242,$x_\tau$,mean (short)
Shuffled,20.0,0.36848521436067494,-1.6575276410479853,0.012717481100986071,$x_\tau$,dfa (short)
Shuffled,20.0,0.3748464192173939,-1.2727657328973585,0.01324365102633142,$x_\tau$,mean (short)
Trace,1.0,0.668455561161068,-3.299714294530842,0.006787678357717365,$\alpha$,dfa (short)
Trace,1.0,0.6359851420116077,-2.6830813405868335,0.001921515549486815,$\alpha$,mean (short)
Shuffled,1.0,0.5752649654101787,-3.0364950745233354,0.0064609697527130165,$\alpha$,dfa (short)
Shuffled,1.0,0.4659674987115105,-2.2671555001006047,0.007888256532897929,$\alpha$,mean (short)
Trace,2.0,0.5888622473698366,-2.916077092830471,0.011102113143782523,$\alpha$,dfa (short)
Trace,2.0,0.6188956272032302,-2.4157715468345278,0.006992228355911017,$\alpha$,mean (short)
Shuffled,2.0,0.6937670850415693,-3.1811333494221774,0.007503904879217637,$\alpha$,dfa (short)
Shuffled,2.0,0.5335634410928515,-2.194395845674976,0.017373844492949927,$\alpha$,mean (short)
Trace,3.0,0.5749485464101182,-2.8724578757221595,0.014252971178293916,$\alpha$,dfa (short)
Trace,3.0,0.4739918322248051,-2.0825360098458985,0.012238230836739517,$\alpha$,mean (short)
Shuffled,3.0,0.5627144994218802,-2.918743436693939,0.008556781035850537,$\alpha$,dfa (short)
Shuffled,3.0,0.43093953988896133,-2.0499076088377763,0.01270150961342718,$\alpha$,mean (short)
Trace,4.0,0.6061024278344469,-3.3406335256370445,0.010734021951327501,$\alpha$,dfa (short)
Trace,4.0,0.5432451874329717,-2.527304603192859,0.005211898468109521,$\alpha$,mean (short)
Shuffled,4.0,0.3687611146208593,-2.7854630548882042,0.010092211068226836,$\alpha$,dfa (short)
Shuffled,4.0,0.32728852282748794,-2.3006045214500297,0.007622298387416825,$\alpha$,mean (short)
Trace,5.0,0.6026346121618052,-3.260052985265097,0.015641252189949436,$\alpha$,dfa (short)
Trace,5.0,0.4788467478363138,-2.4463305287924837,0.006839790780390603,$\alpha$,mean (short)
Shuffled,5.0,0.38108336181691516,-2.8141568287784207,0.008214161925448273,$\alpha$,dfa (short)
Shuffled,5.0,0.43592456569864674,-2.622554179335807,0.0029082034429335386,$\alpha$,mean (short)
Trace,6.0,0.4547920822468613,-3.0529180531260387,0.011833164347704773,$\alpha$,dfa (short)
Trace,6.0,0.4271621444999781,-2.522935188880264,0.005141467290362746,$\alpha$,mean (short)
Shuffled,6.0,0.3568979858819833,-2.7871137252949447,0.0157933528209605,$\alpha$,dfa (short)
Shuffled,6.0,0.3084540012396882,-2.3588591396625356,0.006188489448938916,$\alpha$,mean (short)
Trace,7.0,0.4623656124383491,-3.0076302857550496,0.012545996307454203,$\alpha$,dfa (short)
Trace,7.0,0.43712616599935294,-2.475971480603436,0.005150227735833716,$\alpha$,mean (short)
Shuffled,7.0,0.4009683109559461,-2.9928034567981383,0.009398168085238563,$\alpha$,dfa (short)
Shuffled,7.0,0.3596640336806366,-2.5109187497947385,0.0067904519611461005,$\alpha$,mean (short)
Trace,8.0,0.6953348527266685,-3.499475628937793,0.0068418274310507905,$\alpha$,dfa (short)
Trace,8.0,0.5822406972859344,-2.5756308718823706,0.009718332412245562,$\alpha$,mean (short)
Shuffled,8.0,0.3864921115979935,-2.487988190963452,0.015901831547350195,$\alpha$,dfa (short)
Shuffled,8.0,0.2792579164020083,-1.8455014876677307,0.010664598929344028,$\alpha$,mean (short)
Trace,9.0,0.9046962116351127,-3.9107620970875137,0.0029437295296823947,$\alpha$,dfa (short)
Trace,9.0,0.7375534417034596,-2.6347048146288814,0.01583077106711783,$\alpha$,mean (short)
Shuffled,9.0,0.36073170703199553,-2.4848955841445663,0.014664338469949804,$\alpha$,dfa (short)
Shuffled,9.0,0.3769870164702477,-2.1162750544530016,0.006087323278575466,$\alpha$,mean (short)
Trace,10.0,0.7212992139952411,-3.5586711774664015,0.01146450337543517,$\alpha$,dfa (short)
Trace,10.0,0.7342621439828468,-2.8396839167224934,0.0051970639874840555,$\alpha$,mean (short)
Shuffled,10.0,0.39578488923076877,-2.7656019223398554,0.007088085309208751,$\alpha$,dfa (short)
Shuffled,10.0,0.29693052091212857,-2.137242822256084,0.011421139681455382,$\alpha$,mean (short)
Trace,11.0,0.6258600354769632,-3.3569340984798086,0.006270584472382547,$\alpha$,dfa (short)
Trace,11.0,0.5818009182682927,-2.5783012224219974,0.002932922359410301,$\alpha$,mean (short)
Shuffled,11.0,0.5199875388207762,-3.1161560738048286,0.007943752747210014,$\alpha$,dfa (short)
Shuffled,11.0,0.4502505339361203,-2.5016122739889024,0.0071072225890152435,$\alpha$,mean (short)
Trace,12.0,0.6462966880577082,-3.141931410484239,0.00627793611538987,$\alpha$,dfa (short)
Trace,12.0,0.49390503597577606,-2.1272884663159397,0.014139797272433205,$\alpha$,mean (short)
Shuffled,12.0,0.5368210973683697,-2.8511745636208214,0.010107043647266363,$\alpha$,dfa (short)
Shuffled,12.0,0.41304664740568414,-2.0505745403237112,0.00943216121039193,$\alpha$,mean (short)
Trace,13.0,0.5129534850981554,-3.3111243362787652,0.012060358138700301,$\alpha$,dfa (short)
Trace,13.0,0.5107761027793167,-2.753081058069313,0.003770086631719565,$\alpha$,mean (short)
Shuffled,13.0,0.5303479811922145,-3.40645810584403,0.0052119709096195965,$\alpha$,dfa (short)
Shuffled,13.0,0.41972331826420317,-2.6382674698869466,0.009971171829579498,$\alpha$,mean (short)
Trace,14.0,0.5994167706328849,-2.989236950559722,0.009395062033850238,$\alpha$,dfa (short)
Trace,14.0,0.5756638134055875,-2.2140559177629533,0.012294218191334095,$\alpha$,mean (short)
Shuffled,14.0,0.4466864602214635,-2.6411690912908754,0.01011409848438298,$\alpha$,dfa (short)
Shuffled,14.0,0.45651891402805284,-2.2494935348127836,0.006303379761468305,$\alpha$,mean (short)
Trace,15.0,0.6863831650452908,-3.197166929778359,0.002927719005081987,$\alpha$,dfa (short)
Trace,15.0,0.5987815060690287,-2.3288757827609845,0.007265574713460776,$\alpha$,mean (short)
Shuffled,15.0,0.5480225004048457,-2.9360709165938523,0.002115952426160023,$\alpha$,dfa (short)
Shuffled,15.0,0.532937788080718,-2.4348122877788083,0.003987988263893573,$\alpha$,mean (short)
Trace,16.0,0.5268220987945299,-2.9319080731063663,0.01902233103002904,$\alpha$,dfa (short)
Trace,16.0,0.49941085352952297,-2.2762254579516914,0.008124156086927898,$\alpha$,mean (short)
Shuffled,16.0,0.6268410306385384,-3.246949145657829,0.010372206273505265,$\alpha$,dfa (short)
Shuffled,16.0,0.4817902676724883,-2.360656290881544,0.017128271756135512,$\alpha$,mean (short)
Trace,17.0,0.6515333458106539,-3.414965116581378,0.011220817167452898,$\alpha$,dfa (short)
Trace,17.0,0.6188272284846824,-2.672993640482652,0.006433779720090154,$\alpha$,mean (short)
Shuffled,17.0,0.47915445352593294,-3.0459320922747013,0.014444614104491419,$\alpha$,dfa (short)
Shuffled,17.0,0.2997444952080899,-2.1368457571266335,0.015313390685877894,$\alpha$,mean (short)
Trace,18.0,0.412803925876976,-2.660971097111553,0.008305891717274283,$\alpha$,dfa (short)
Trace,18.0,0.44096411239044897,-2.300118481906885,0.00532670467016661,$\alpha$,mean (short)
Shuffled,18.0,0.6232174484901997,-3.147411251185651,0.009250739174086241,$\alpha$,dfa (short)
Shuffled,18.0,0.4287415578937808,-2.0740554874543182,0.02725815313993882,$\alpha$,mean (short)
Trace,19.0,0.5159298070739128,-3.1828383467055428,0.013120450541285824,$\alpha$,dfa (short)
Trace,19.0,0.5360577603811683,-2.584196728062871,0.007291382694626128,$\alpha$,mean (short)
Shuffled,19.0,0.6150215896288337,-3.594191806409281,0.006904478454576669,$\alpha$,dfa (short)
Shuffled,19.0,0.554429978353518,-2.8946968854335298,0.001367302238071955,$\alpha$,mean (short)
Trace,20.0,0.5567964897300215,-3.17413426854681,0.04245323709664711,$\alpha$,dfa (short)
Trace,20.0,0.33414338096837964,-2.2673504676698277,0.03047054841899167,$\alpha$,mean (short)
Shuffled,20.0,0.5988160620477769,-3.276570228901787,0.019845062595566024,$\alpha$,dfa (short)
Shuffled,20.0,0.38052938254988694,-2.2246801810527668,0.026149331359352084,$\alpha$,mean (short)
