div_then_fold,div_and_fold,fold_then_div,fold_growth,division_ratio,added_length,generationtime,length_birth,length_final,growth_rate,lineage_ID,generation
,,0.3374860591844011,0.06895999460180635,,-46.83788450112333,0.016666666666666663,-86.66614068065196,-133.5040251817753,0.34078488412733066,4.0,0.0
,1.1420147834749699,1.2401914781064065,1.0959462988359148,0.26902648595143064,273.33166800086724,0.3499999999999999,-51.009447294626426,222.3222207062408,0.999093565568415,4.0,1.0
0.44784228154594174,-0.11575980530818988,-0.828120471298814,-0.060189381906734174,-0.1429917317495158,52.998202972123124,0.04999999999999988,87.77475288438293,140.77295585650606,-0.12363111395035764,4.0,2.0
0.059848078721947306,-0.1035280973853776,0.945884528360718,0.24020399677599835,-0.31673449493763806,55.1732694164474,-0.11666666666666664,-17.14766988576875,38.02559953067865,2.045265282974466,4.0,3.0
-0.6603123701649798,-0.18721050046703536,-1.1898656871686926,-0.3857764642881838,0.400501065048007,-39.966727320275396,-0.1833333333333333,140.45907861072703,100.49235129045164,-0.3494210512013527,4.0,4.0
0.2596041427033382,-0.3298194354446776,-0.6148340651052917,-0.3295240225007392,-0.4969737061780687,-78.77518727059092,0.08333333333333354,-89.57686697211426,-168.35205424270518,-0.8401029525210129,4.0,5.0
-0.7241513289425747,0.11022482103636305,-0.45689758782490686,0.237456327110787,-0.04546727927791838,-47.53652679800193,0.04999999999999988,-101.69117333884329,-149.22770013684521,0.6204831585934454,4.0,6.0
1.048989214338526,0.1524867484551754,2.0690346912280244,0.7008405987240017,-0.23245659000415408,-9.329333057431683,0.3333333333333331,-105.07822132751673,-114.4075543849484,0.478373501090424,4.0,7.0
-0.09815530406083128,0.45656454200690666,0.39607495653150027,0.2832213371482276,0.33562791547536763,55.29637960292587,0.16666666666666613,-25.99818909875151,29.298190504174357,0.26236825244026263,4.0,8.0
0.7866682745623372,0.11529100052299873,0.23823158498999408,0.0737169993478245,0.11850550915565372,80.4926119633725,0.13333333333333336,58.66832536013143,139.16093732350393,-0.059358374044091944,4.0,9.0
-0.16426865412077907,-0.23700571469088794,-0.7265841818152925,-0.4069168658258079,0.21170634228226215,-41.13041756789542,-0.19999999999999968,176.58734635812795,135.45692879023252,-0.37832320074691894,4.0,10.0
-0.1465893760996706,-0.3344018430961738,-0.6580355176139614,-0.5025354508100732,-0.09387054643235782,-80.33408395211478,-0.21666666666666629,62.21992708493755,-18.11415686717723,-0.9730372635286825,4.0,11.0
-0.49691187260111835,-0.362278570887444,-0.7525657875740832,-0.5533979232652764,0.02634661123087556,-90.79014982370842,-0.2499999999999995,3.180816817768118,-87.6093330059403,-1.3534324767407016,4.0,12.0
-0.3125630858821361,-0.306577928216627,,-0.46200544394774606,-0.03321958056394525,-82.59182166459419,-0.21666666666666717,-51.72253851780185,-134.31436018239606,-0.6690622120612255,4.0,13.0
,,0.07726579482968898,-0.2078755470911081,,15.735312693415253,-0.10444444444444445,130.1018251490107,145.83713784242593,-0.07284678677508305,5.0,0.0
,0.014745585637674363,-0.1578644372668181,-0.10806668346254805,0.2222328908854122,47.78219719431631,-0.12111111111111114,138.69447319136052,186.4766703856768,1.030028028857633,5.0,1.0
0.1745517557520031,-0.09118903008247062,-0.21773164609002849,-0.1498506084088423,-0.025084889150800094,20.169116480180733,-0.05444444444444449,94.60554144878682,114.77465792896753,-0.22859945533965265,5.0,2.0
-0.03258447644435636,-0.014500082191151842,-0.48820687287779485,-0.0019066849315498846,-0.04526918847526529,33.403623568263086,-0.004444444444444501,48.27609797160363,81.67972153986669,0.06776609745927864,5.0,3.0
-0.17746669005337778,-0.16758020950742802,-0.3212222692433986,-0.14304209316943778,-0.2967213525784076,-18.559224733022475,-0.054444444444444545,-22.75793903241663,-41.31716376543913,-0.1914620994883549,5.0,4.0
-0.40061234715970984,0.0002266301109929425,-0.09012108990332102,0.10294917137227827,-0.12605111588031065,-11.07564979950989,0.06222222222222204,-45.743097517053016,-56.818747316562934,0.0012401127054249006,5.0,5.0
0.2234926338810801,0.18866177046044957,0.19666316712000842,0.4418253058096589,-0.09562612723970698,9.98599448733109,0.21222222222222217,-50.98980726202685,-41.00381277469579,0.152405258834299,5.0,6.0
-0.07136372911628075,-0.007030010537728948,-0.062232153689071756,0.08394369566936316,-0.12259032596035774,-12.096558589992888,-0.00444444444444439,-45.29461980765782,-57.391178397650734,0.435696300034619,5.0,7.0
-0.25510403955012606,-0.07904949120262311,0.43248078039655946,-0.10314025798075455,-0.06935420159772787,-25.695943096111236,-0.08777777777777743,-49.440925330111014,-75.13686842622228,0.43298937488111244,5.0,8.0
6.511457472879734e-06,0.2925857947540704,-0.06377920301171036,0.11356424851294317,0.39411193129091127,-2.171818902904114,0.012222222222222218,-34.688112051613224,-36.85993095451737,0.4048361795072659,5.0,9.0
0.9668047882959276,0.07364727638896335,0.0674796918956505,0.2027657029918491,-0.08582123483460091,1.5215708131581493,0.07888888888888865,-39.97446328054083,-38.45289246738271,0.2214144867042851,5.0,10.0
0.12479863817588699,0.12675784585365424,0.21948652457301587,0.27117955079651884,-0.06085417520105685,9.264181172227183,0.12888888888888891,-38.577564403948756,-29.313383231721602,0.13174500364500474,5.0,11.0
-0.06978562068694016,0.008120620024517078,-0.12369840435918744,0.01950544686139488,-0.02196925019539797,-7.4630103465807665,0.012222222222222218,-29.80795146478183,-37.270961811362625,0.028600972901072774,5.0,12.0
-0.06666399212297491,-0.04993388400361459,0.5314801176264069,-0.04612279812780018,-0.07270178431585383,-17.61070424899347,0.028888888888888825,-39.00457656057756,-56.61528080957106,-0.33206992402038105,5.0,13.0
-0.41607343242860373,-0.2954628157053045,,-0.4757284488419672,0.40569882325316176,-43.18908669177692,-0.10444444444444403,-15.398881050033879,-58.58796774181083,-2.0817435499065255,5.0,14.0
,,-0.15690513648248405,0.11956681229192057,,-2.012627437720397,0.05416666666666667,-14.187364809403988,-16.199992247124385,-0.20468689659763872,8.0,0.0
,-0.01685232349403709,-0.41365249907674617,0.10760492586162285,-0.23093775487758195,-3.943409916728811,-0.12916666666666668,-15.320013919493263,-19.263423836222074,2.560243329381706,8.0,1.0
-0.25886608906387754,-0.11704148351469473,0.30667427995813545,0.05238383594285945,-0.37442012843315975,-18.072309891287773,-0.07916666666666669,-30.234523781523436,-48.30683367281121,0.8520134102296875,8.0,2.0
-0.5829744727405909,-0.020752034154598642,0.1539792445349013,-0.09240730754574128,0.09521531575320064,-19.67890989223303,-0.06250000000000008,-13.02365156071523,-32.70256145294826,-0.19970628270626523,8.0,3.0
-0.08686113947464169,-0.13784820151598984,-0.049333975190310575,-0.23020374008496755,0.12511029399302243,-26.216055192030908,-0.09583333333333319,3.2497534232975767,-22.96630176873333,-0.7117428729581121,8.0,4.0
-0.10984112013238523,-0.19231694355786108,-0.0716424582173747,-0.2844977558550783,0.09456014192311601,-29.904932998578843,-0.09583333333333341,9.539012260463252,-20.36592073811559,-1.0737029780921823,8.0,5.0
0.09187396870838982,0.0031436042894411598,0.2308805444738784,-0.07733402975035797,0.12500037871630965,-6.882519000604816,-0.029166666666666757,14.620977481345804,7.738458480740988,-0.41163397288810977,8.0,6.0
0.946668852703106,0.4816673819477404,,0.4048872591397422,0.16547175292509209,106.71076432918458,0.4375000000000002,45.35581090602929,152.0665752352139,-0.8107837363690866,8.0,7.0
,,-0.2863780004647043,0.02183766805409182,,-0.7093884850272829,-0.0203703703703704,-10.44091426166895,-11.150302746696227,0.2179365672328617,13.0,0.0
,0.092594769254076,0.12187567974561886,0.2707494455513587,-0.2016691758320739,13.402993078716776,0.12962962962962957,-22.057916936089534,-8.65492385737275,0.07791381424291344,13.0,1.0
-0.5162711533149061,-0.23425991855592068,0.03850747975846769,-0.3666828185731118,-0.10980402211762608,-29.823741860673273,-0.053703703703703726,-12.249000137720728,-42.072741998393994,-1.5373225069839078,13.0,2.0
-0.20001880380541193,0.10522653944961174,-0.37006771547311623,-0.07080897691861782,0.3554170679236833,-6.520510610559832,-0.07037037037037044,-5.106856146419233,-11.627366756979058,0.2625636045837674,13.0,3.0
0.6554403698708355,-0.024219315854925733,0.4211644140271704,0.05395513603583446,-0.21076587685485626,-5.289847167823993,0.012962962962962926,-23.121595610027562,-28.411442777851548,0.07951448040998232,13.0,4.0
-0.18440587426954358,0.24911355541559677,0.011025764285906403,0.12775734062344368,0.2259872060137067,16.949811012506366,-0.053703703703703726,0.16054124020182314,17.110352252708196,1.159623815906395,13.0,5.0
0.1872814606477231,-0.0856597195719091,-0.37644213900674295,-0.1367328683987259,-0.08048075475149341,-8.418201795384384,-0.03703703703703712,6.9701939673884254,-1.4480078279959514,-0.40810864081257003,13.0,6.0
-0.077268175449272,-0.030878280020433052,0.45322254098950787,0.01581697774404256,-0.1808405145334432,-3.651493736589991,0.012962962962963148,-14.939423975520853,-18.590917712110837,-0.07303815275718684,13.0,7.0
-0.381155778169723,-0.03285267329698613,-0.410782189801282,-0.1839035977259007,0.28370164344771853,-11.160070322814825,-0.12037037037037038,14.234873218760981,3.0748028959461635,0.17017402393910475,13.0,8.0
0.1875400597040131,-0.14538494527985685,0.1380825014145357,-0.19568896201542615,-0.18209289190951183,-18.86554586663211,-0.12037037037037038,-12.62736769947854,-31.492913566110644,0.06915661574317244,13.0,9.0
-0.22670369987646666,0.16804660689141004,-0.29638224272502467,0.02353881886131237,0.2664585250114273,5.178038082672693,-0.0037037037037036813,0.06877099224396943,5.246809074916669,0.08224937850495828,13.0,10.0
0.47010819585840435,-0.03779331200100894,-0.18838755289942366,0.025855004111477564,-0.20902459554515673,-2.480572779902303,0.012962962962962926,-14.327122327413512,-16.80769510731581,-0.032886047287445264,13.0,11.0
-0.32226611725196364,-0.05012475606013475,0.3943910532413719,-0.04706582076410831,-0.14049743340068355,-10.844830027272522,-0.0037037037037041254,-19.825630890371748,-30.670460917644263,-0.22034193417541292,13.0,12.0
-0.2777330384100869,0.044581249217383934,-0.39809503109406197,-0.11404769147982496,0.30805648032303823,-7.219447855020569,-0.08703703703703716,3.819936250378362,-3.3995116046422,0.20167403283958474,13.0,13.0
0.5160267544997765,-0.04377946206764974,0.3263868673591679,0.014166866224725683,-0.20903097787885183,-5.814069388630585,-0.08703703703703716,-18.754000993312225,-24.568070381942803,1.0564377508699232,13.0,14.0
-0.38323124758294114,-0.0046838830642425555,-0.36399134721520077,-0.13336205563215897,0.20252471638100533,-9.677427499605209,-0.08703703703703716,1.9990651015118175,-7.678362398093384,0.07291160515735795,13.0,15.0
0.48276268822481416,0.019049687561424,-0.05725499222499564,0.1010343194757849,-0.17323381614322453,1.9303353536275054,0.06296296296296275,-17.59214580783764,-15.661810454210126,-0.07409950875701465,13.0,16.0
-0.33226202186074916,-0.08693001702132142,0.24449804014960197,-0.12829491600520543,-0.10401851793718098,-15.11451167391867,-0.08703703703703672,-16.035613720156924,-31.150125394075587,0.10669253600370965,13.0,17.0
-0.19241443125109614,0.07965573574764018,-0.3646425139614693,-0.07142290286354191,0.28224682194242334,-3.8899002787366257,-0.037037037037036896,1.5151786321281122,-2.3747216466085064,-0.08155881313665203,13.0,18.0
1.0343856516770784,0.11662006295319938,-0.12900440771133292,0.32399317558879925,-0.20659276352719114,22.895729700087557,0.1962962962962965,-17.98813244146583,4.907597258621735,-0.08562633761436755,13.0,19.0
0.6558315710493967,0.29129667954668914,0.10443317675939645,0.7926140630777011,-0.26168808057306253,81.47988208932304,-0.02037037037037029,-20.09533361665934,61.38454847266371,3.775366082726441,13.0,20.0
-0.17299090735478828,-0.0267779706575767,-0.08622644789690859,0.24586800642498297,-0.36351730981881464,21.668688278240843,0.09629629629629685,-10.726288318742505,10.942399959498346,0.1894361906271751,13.0,21.0
-0.3890176862366873,0.06448227166063353,0.029799969745454735,0.2172664273073981,-0.20220944771351945,18.573226541926907,0.2129629629629631,-10.646299609046054,7.9269269328808605,-0.38569047400920864,13.0,22.0
-0.14066249128843789,0.07869251334212346,0.6414028198171242,0.1599003075565406,-0.12530987690652362,17.756350038581296,0.2296296296296297,-3.809141576988054,13.947208461593249,-0.5585486823818244,13.0,23.0
-0.3530870775146421,-0.09531799427216558,0.07320346260970734,-0.2412264984275758,0.2551267132024517,-11.506981614160715,0.029629629629629534,43.630403593117165,32.12342197895646,-1.1438708740653682,13.0,24.0
0.05207569321206962,-0.13460113779195973,0.32966081057122865,-0.28182345318687596,0.2577606778133732,-14.303482666292176,-0.053703703703703504,61.72324299999657,47.4197603337044,-1.0744532412408043,13.0,25.0
-0.09196394110739392,-0.27609628552369775,,-0.4232929946464207,0.523496203384387,-34.545030546638024,-0.053703703703703504,116.22057807319219,81.67554752655417,-1.8461052855655922,13.0,26.0
,,-0.3989212090316758,-0.13539850023618838,,-4.799896967801466,-0.08273809523809536,6.427263639090668,1.627366671289181,-0.16018908774150042,16.0,0.0
,-0.021780770441215375,-0.058082190202027206,-0.009375198396127937,-0.15218332455683037,-3.1899456565832125,-0.032738095238095344,-13.622889884426257,-16.81283554100949,0.012444113376369081,16.0,1.0
-0.039851588675628324,0.23512504760512898,-0.013096548211856796,0.26755542899363427,0.005872669836331612,23.709195141936604,0.20059523809523788,-11.143568516162496,12.565626625774087,-0.337871929996745,16.0,2.0
-0.19595591886433938,-0.0938161812412577,-0.3991996092240766,-0.1576185150713008,-0.13577132440827877,-11.170792641758666,-0.08273809523809555,-6.221911687332998,-17.392704329091686,-0.28138916866029384,16.0,3.0
-0.05352463093757476,0.10657041095406444,-0.0799473374837345,0.22342050046444706,-0.14074626541117496,8.133294344349025,0.11726190476190462,-22.616144870069768,-14.482850525720764,-0.11884096326218185,16.0,4.0
-0.016508100131523706,0.1263207434857383,-0.05044906466338195,0.2674717521302057,-0.14574313742263523,12.873131483635987,0.16726190476190467,-21.466934179696615,-8.59380269606065,-0.21982183127163912,16.0,5.0
-0.023385989583495803,0.1220402856418184,-0.11145889587666735,0.2705921165916546,-0.15395791805133807,15.666118154137386,0.13392857142857123,-19.069968997378908,-3.4038508432415426,-0.07408661278015449,16.0,6.0
-0.3597719808582802,-0.07424907940701522,0.33329579325315417,-0.08749553293219858,-0.1852524958475117,-11.344214658736043,-0.09940476190476216,-19.19216053441589,-30.536375193151954,0.29871315924088826,16.0,7.0
-0.46449923913687086,0.023623197883339053,-0.395502841081395,-0.17714164277454697,0.333256519956989,-10.677643485841315,-0.14940476190476198,0.013075317417580834,-10.664568168423756,0.46192365140655856,16.0,8.0
0.37600833079490537,-0.03999120372724396,0.4074401776724601,-0.0629443705283545,-0.1274884799410254,-9.211058970702119,-0.08273809523809555,-17.961057684402178,-27.17211665510432,0.23501525611941387,16.0,9.0
-0.43438691847091704,-0.03756729305509063,-0.4940667833338437,-0.24345398703273088,0.3592729802049497,-14.792108421765015,-0.13273809523809493,5.101533495004006,-9.69057492676103,-0.327538576871393,16.0,10.0
0.7808303099276985,0.05165178804897097,-0.13506355109484125,0.15357800901319918,-0.17045030693289376,4.169341504102832,0.08392857142857096,-21.00985135451915,-16.84050985041634,-0.15113450492633596,16.0,11.0
-0.27299981427591713,0.019070226996077355,-0.2054243546186627,0.055551169964543456,-0.13793260255954654,-3.6618941863377046,0.0005952380952379266,-22.109452132450322,-25.771346318788048,0.019983290641093054,16.0,12.0
-0.1531371337781431,0.06460724024733355,0.584727705585379,0.12762094888353226,-0.12553553148874563,-1.7058437268291158,-0.01607142857142868,-26.032322358816863,-27.738166085646,0.4345968603148531,16.0,13.0
-0.3885632476281997,0.005813820860959218,-0.4418941668824714,-0.18063836523367688,0.280127172289207,-11.167802608584537,-0.11607142857142833,-0.643809555704344,-11.811612164288903,-0.08071164737265413,16.0,14.0
0.8520086796901061,0.11698184504091108,-0.09345039019586632,0.27066434342250156,-0.1610309121923459,13.312809381021694,0.13392857142857167,-21.30596228354893,-7.993152902527257,-0.07390604570303916,16.0,15.0
-0.3800541540401998,-0.07796588191871362,-0.21564901080200627,-0.10142139082606755,-0.1765258108717751,-12.82653222569251,-0.01607142857142868,-20.677380000704424,-33.503912226396956,-0.4815724985235461,16.0,16.0
-0.4147641901314806,-0.04204981726865201,0.5709632490594738,-0.11982067595534052,-0.04013590149973234,-15.666041055867844,0.03392857142857114,-25.16796382956783,-40.8340048854357,-0.7751469524215282,16.0,17.0
-0.22738070643442243,0.14521384443744184,-0.40197898370383167,-0.12247505682678056,0.5371023564808011,-5.940636029383306,-0.06607142857142939,0.3039910292370962,-5.636645000146231,-0.23847557332649583,16.0,18.0
1.1459949376433631,0.06648574695286835,0.1444383754664913,0.17155458355744857,-0.16104232411923458,8.004010224912697,0.08392857142857185,-18.161275106317987,-10.157264881405311,-0.09977286337134195,16.0,19.0
-0.33210299101463925,0.027800723725315946,-0.03975559159433595,-0.037073563578125746,0.002734959605446119,-1.8365462881457262,-0.01607142857142868,-6.90204270905118,-8.738588997196928,-0.2241811895317789,16.0,20.0
0.26518557529833386,0.2510700166166542,-0.13066771787959797,0.2585343655367217,0.036997221195528396,31.09099338661313,0.10059523809523846,-3.061200306787299,28.029793079825808,0.056751057665101134,16.0,21.0
1.4110308165698673,0.3604250853640252,-0.47285613775595325,0.8176997980314386,-0.18882639314678912,118.3948203136882,-0.14940476190476154,-4.372867961903168,114.02195235178502,8.989136001172106,16.0,22.0
0.08712963210127112,-0.08828479721935556,0.6661814209081951,0.45383144132099396,-0.49145432723362226,24.092556065652367,-0.03273809523809529,-25.596657765147157,-1.5041016994948109,1.9976154264497477,16.0,23.0
-0.8420892770276922,0.017504315391326408,0.3252032005773309,-0.07768286996262685,0.048532434644847466,-0.6743061659686376,-0.08273809523809511,3.1118878012230056,2.4375816352543467,0.15462344102337777,16.0,24.0
-0.05548805512153021,0.12075346081362298,0.4398535502026131,-0.07462233779323313,0.3178775074166582,12.606015029368358,-0.0660714285714285,31.642247395729413,44.24826242509775,0.0007880218412337214,16.0,25.0
0.5694513580720628,0.3089335980623661,0.6653609109111249,0.07551028574328489,0.39364231472598576,70.56875129663348,0.2172619047619056,83.36111801561445,153.92986931224792,-0.7882122811812373,16.0,26.0
-0.8331757039867538,-1.6942863738494196,,-1.8264227365063035,0.37866091932673207,-223.95577323605463,-0.049404761904761896,196.3743050250875,-27.58146821096716,-8.22873855230887,16.0,27.0
,,2.5054189119046963,1.3192362788662468,,329.4397362789225,0.18055555555555475,-66.66868190635495,262.7710543725676,2.3357867130299415,20.0,0.0
,-0.09136009465746195,-0.32427805845446567,-0.2699169290918727,-0.012219151815071383,-8.184443980322314,-0.10277777777778024,151.7378152098258,143.55337122950354,-0.29343617514206577,20.0,1.0
-0.39161434183163246,-0.12545801033904747,-0.2068587608183694,-0.35455740769864086,0.09551243311886837,-44.04393098277164,-0.16944444444444312,121.14539750876312,77.10146652599153,-0.1845400005492952,20.0,2.0
-0.21422454547615954,-0.04742099098668767,-0.9640304719672694,-0.2937538703382879,0.2585859138711174,-23.490326830914327,-0.13611111111111168,125.14484846950464,101.65452163859035,-0.11397537424250892,20.0,3.0
1.99993139971348,0.029107779243890464,0.4584264603775061,0.7589648356896226,-0.40342921211073735,90.19799657206714,0.13055555555555404,-76.66935526475939,13.528641307307794,1.442879896233731,20.0,4.0
-0.8101960951316938,-0.09294834017973455,-0.8114338801372163,-0.209564970756215,-0.13838307874962963,-47.63723651057195,-0.019444444444444542,-28.997461641513354,-76.63469815208526,-0.5296788221297022,20.0,5.0
-0.3073805701242829,-0.08096814550031725,-0.0918315193690109,-0.004307368269867995,-0.3070757142362303,-57.003070774437425,0.18055555555555475,-98.43156227590651,-155.4346330503439,-0.6054213917169848,20.0,6.0
-0.6746361757672226,-0.021052769538057237,-0.5076956085472009,-0.196002619520094,0.07099685316015125,-68.65667670105121,-0.13611111111111168,-92.15189006179915,-160.80856676285032,0.6191590068939476,20.0,7.0
1.7230524416238058,0.5055427996033035,1.765362356620445,0.9079948028449891,-0.08900773495231462,33.08722665268658,0.5305555555555561,-107.7627779877392,-74.67555133505257,0.04453359899465292,20.0,8.0
0.05965948482475203,0.3374435689974175,0.858114339575647,0.28072240683421545,0.11307235517729686,51.31748535356168,0.18055555555555475,-30.283345827559543,21.03413952600218,0.027978108514312705,20.0,9.0
-0.11268687407430478,0.04896782439842956,-0.4660854158361635,-0.2086662642957191,0.33313471913691395,-3.9277786594438027,-0.11944444444444241,95.49248112166839,91.56470246222463,0.2741184169423254,20.0,10.0
0.3466728474936449,0.0006092873182877434,-0.022921604072825286,-0.08885560035188039,-0.051528004899884405,6.8172222241443166,-0.019444444444444542,36.31247322606643,43.12969545021079,-0.04684134051236377,20.0,11.0
-0.3983789158885721,-0.06717232263125966,-0.1182874244410681,-0.29641808585515794,0.1764769744203346,-36.78876626603382,-0.13611111111111168,72.71799824869686,35.92923198266308,-0.13395699061903432,20.0,12.0
0.10865921074945928,0.1405544791787381,-0.6371634478432132,-0.08853336058621197,0.2810799761462054,37.78460675633882,0.03055555555555617,95.43331733078443,133.2179240871233,-0.3256915872302162,20.0,13.0
0.0811737827268697,-0.12984668211879863,-0.4336095828120343,-0.23639237391729923,-0.22727823200514924,-44.38072649181261,-0.11944444444444241,-5.164996271058357,-49.54572276287092,0.08927768613179365,20.0,14.0
-0.6235712452709177,-0.11701959808089481,-0.514428366152775,-0.3131262599006567,-0.011056682811600438,-64.59278997185226,-0.08611111111111097,-35.156428364806956,-99.74921833665917,-0.659391746916431,20.0,15.0
-0.2935238178859696,-0.06949539315500924,-0.4886979280266789,-0.22517465927448843,-0.02964212767151342,-62.823531021435855,-0.05277777777777598,-67.81411968070914,-130.63765070214495,-0.4176144931366488,20.0,16.0
-0.49293658568126075,-0.2194833915527985,,-0.4816485543786794,-0.059239285778760364,-87.11499564707384,-0.13611111111111168,-88.88371183310348,-175.99870748017727,-1.5231855045454503,20.0,17.0
,,0.3433697204180892,-0.10476364758309531,,-10.188693018001285,-0.08229166666666676,-5.7619555206529895,-15.950648538654278,0.314815835607118,29.0,0.0
,-0.0072348471218594,-0.38558811867573617,-0.16768732697141692,0.3218930619865036,-8.634149004634711,-0.09895833333333337,13.195359941630038,4.561210936995323,0.11311646833736244,29.0,1.0
0.6889825316676488,0.014686646976857898,-0.17665647031754705,0.13042091123245275,-0.17417461715475147,4.651236488740661,0.06770833333333331,-9.788614105831563,-5.137377617090905,0.01785145242164754,29.0,2.0
0.14599331361745693,0.16285572740684406,0.18303181626864418,0.4418062276803489,-0.18583036936588215,25.09309564491058,0.23437499999999994,-15.630840007932008,9.462255636978568,0.019083758397214545,29.0,3.0
-0.3994464340967938,-0.11651614438166413,0.2850716220863365,-0.1311385282054472,-0.16818811796285182,-12.281854828156757,-0.04895833333333338,-6.7413893106805105,-19.02324413883727,-0.22210639054048564,29.0,4.0
-0.3329132512888423,0.08375942717371887,-0.10435426024116401,-0.07124780230550443,0.30546006714947727,-1.5202702681132685,-0.048958333333333603,9.052564918418135,7.532294650304863,0.1045702961864774,29.0,5.0
0.5014968375821907,0.035148415357494855,-0.14177053224045066,0.03411500239853782,-0.024273387040528616,6.385443812181055,0.08437499999999992,5.3388003760857,11.724244188266752,-0.3844230724199671,29.0,6.0
-0.050662490625443146,-0.02178916482114887,-0.118852063408598,0.006800848635175771,-0.11365437324560956,0.6925354957534715,0.01770833333333327,-0.39540349211642223,0.2971320036370457,-0.10365650957630201,29.0,7.0
-0.05220139169411975,0.07811037244373914,-0.03184596422987873,0.1512017958250676,-0.08307775460079592,10.577313556875989,0.15104166666666657,-4.340618499859453,6.236695057016533,-0.33334220558800665,29.0,8.0
-0.13987462831097952,-0.021321335196492125,-0.051670757022989955,0.008648736772055021,-0.11498760533003194,-0.9328309972878976,0.01770833333333327,-3.63695885505998,-4.569789852347881,-0.09626495702878501,29.0,9.0
-0.27044842660447954,-0.050994688881274064,0.31501464592422845,-0.0881686452472078,-0.04081716759741438,-8.317942811700465,-0.06562500000000021,-3.931047791697715,-12.248990603398184,0.19820326710831848,29.0,10.0
-0.18437780771343748,0.04038800398726772,-0.3449036695259319,-0.10857054084853707,0.28519610860880784,-2.8634904595837902,-0.04895833333333316,14.306103057174063,11.44261259759027,-0.09900827768461418,29.0,11.0
0.2960172769009477,-0.09493884118800797,0.3414184697526568,-0.08542435482336713,-0.1738313347595566,-9.076529204196657,-0.048958333333333603,-6.257338041727266,-15.333867245923926,0.027243646089044393,29.0,12.0
-0.42043126375282325,-0.031494851861001816,-0.1960458802292312,-0.18686652774553128,0.30126948447894697,-10.517671506648401,-0.08229166666666726,12.413085174716592,1.895413668068187,-0.23253669880911665,29.0,13.0
0.562004576979185,0.06724574868310057,-0.09255214487518415,0.07617823853463063,-0.015553250338423696,8.517002384006997,0.051041666666666485,2.3708034515535488,10.887805835560542,-0.06389554286738308,29.0,14.0
0.2567950327606814,0.12518606224428608,-0.06769694564638273,0.25756914771239675,-0.1073929917649048,24.63293163854723,0.1177083333333338,-0.2815151780693057,24.35141646047792,0.11472335065637207,29.0,15.0
-0.15122891915219538,-0.039960810208548636,-0.10068466377451057,0.037750369284821006,-0.19030708990632939,2.685194537199056,0.03437499999999988,-1.4633509443928432,1.2218435928062092,-0.09655539963749704,29.0,16.0
-0.29764627284257683,-0.0039206376666423015,-0.11497013922427957,0.019524263117911222,-0.08995760527082597,-0.4855357888277503,0.001041666666666663,-4.367764419118139,-4.8533002079458925,0.07539765820383804,29.0,17.0
-0.05612006882780074,0.048598269572301844,-0.08475284976151964,0.10653339883360152,-0.08817874702003559,4.194580582463384,0.051041666666666485,-7.828658350108576,-3.634077767645195,0.043240317011338014,29.0,18.0
0.09108611746850315,0.10622297601816533,0.16295645976290785,0.23928031944987155,-0.1200262545036922,13.781206149414697,0.13437499999999952,-9.641274066452901,4.139932082961792,-0.024324969159169818,29.0,19.0
-0.24252976474907628,-0.031726928585437936,-0.059796800911054104,-0.044871900180007473,-0.06299456905010947,-3.463963032342374,-0.03229166666666655,-0.2805367489260533,-3.7444997812684306,0.07381811633724,29.0,20.0
-0.17577374552895586,-0.024435575209607624,-0.2788250512924306,-0.06372063195212296,-0.011066159904604245,-5.281961407020663,-0.03229166666666655,-1.0343400546798662,-6.316301461700533,-0.02042554252333728,29.0,21.0
1.0868735869695403,0.3510292061073284,0.08221819146823472,0.73715853840148,-0.1502888622383286,61.720790717292246,-0.03229166666666655,-13.480167008779652,48.24062370851259,3.983970309244675,29.0,22.0
-0.12996949761539356,-0.07041462535903367,-0.13624376385645265,0.13816004955951872,-0.3311501250101994,6.448203257224687,0.0843749999999997,-8.230077259346182,-1.7818740021214978,-0.055859765595815736,29.0,23.0
-0.6069147842618955,-0.12901544229122003,0.2647606585211477,-0.15620344371219713,-0.16674162821709637,-15.650497327234842,-0.09895833333333298,-12.40769532623596,-28.058192653470805,0.1992455927815051,29.0,24.0
-0.27478517357236054,0.16026697251292227,-0.2659452986584322,0.0019879005783861037,0.31507786262684634,0.8580679264663154,0.01770833333333327,0.6567641367377277,1.5148320632040395,-0.12290830180346068,29.0,25.0
0.6903342768943821,0.017632668878879765,0.7470318112722505,0.13799746523661377,-0.175772699907774,3.9604558199922444,0.10104166666666542,-11.473053065832296,-7.512597245840055,-0.14590502976144215,29.0,26.0
-0.45077691233081374,-0.06835820935807027,-0.43025704065790915,-0.2309907483102135,0.33434032385060186,-11.961012321248024,-0.11562499999999959,22.614834622906137,10.65382230165811,-0.14946622058497105,29.0,27.0
0.2490588272590164,-0.1389295851972101,0.328280918171745,-0.16997301025142608,-0.17759164507359337,-14.810417785509397,-0.08229166666666637,-7.011977009979908,-21.82239479548931,-0.11991324884842514,29.0,28.0
-0.49261172794751273,-0.13026888780000165,0.054325670851278485,-0.2975077648301139,0.3779338498777639,-19.67650272705494,-0.015624999999999944,10.742774444239892,-8.933728282815053,-1.2399495748072022,29.0,29.0
0.21717203721322953,-0.08398319535056012,0.07593243005217376,-0.23644335883559248,0.28200254813171055,-13.605626035981818,-0.0989583333333321,17.277122178261813,3.6714961422799917,-0.4025537706439679,29.0,30.0
-0.05710185439729076,-0.22582672688512656,,-0.3815549814510877,0.2426830485526833,-24.929109487525697,-0.1322916666666653,26.01636275575604,1.0872532682303415,-1.3721845905021832,29.0,31.0
,,0.1865421504560072,-0.27408170183347874,,-21.460811971117682,0.0005482456140351033,-12.962857231032508,-34.423669202150144,-1.2048205027290666,32.0,0.0
,0.24489798900575244,-0.23975410490069105,0.0675494660706602,0.37745439467020414,5.000842778820907,0.06721491228070176,-2.688886274222014,2.311956504598939,-0.2022313123648105,32.0,1.0
0.6903737521879869,-0.026631792743684657,-0.07794912107966345,0.08057479256052863,-0.1963199264631792,-0.2103287330420791,0.08388157894736842,-12.518271808234275,-12.728600541276307,-0.24612003672770966,32.0,2.0
-0.45039139979657694,-0.14281647122205637,0.5693700475747381,-0.19223187990442514,-0.10444032537978776,-17.40713332967888,-0.09945175438596493,-13.544700081586974,-30.95183341126581,-0.1313347168189647,32.0,3.0
1.007192322518445,1.3533539545737898,-0.37140392848688353,0.8397478510956013,0.5986833068523437,143.83876587872896,-0.11611842105263154,12.707501401925704,156.54626728065472,8.955106112871693,32.0,4.0
1.0589899882948217,-0.17914368134561556,-0.09721605733497984,0.08278953383952636,-0.5036506061895838,2.2424901198567646,0.0505482456140352,-8.97848545884412,-6.735995338987308,-0.053418993634272605,32.0,5.0
-0.7844886918318545,-0.03581016085680977,0.4569888585276145,-0.002858589802842204,-0.11744090386094275,-5.103900469919079,0.0005482456140351588,-10.988332446873763,-16.092232916792796,-0.04243573688348179,32.0,6.0
-0.2040347426608301,0.13289573294211193,-0.2626022598586051,-0.007366685068334766,0.3007199910190743,6.151266204366241,-0.032785087719298056,11.838922398900316,17.990188603266603,0.2308906080838069,32.0,7.0
1.2710077097924757,0.173301475260991,0.1149298667301093,0.43847072437838824,-0.17246533971871103,44.23505771026038,0.2172149122807015,-2.2288269025825542,42.00623080767788,0.08356969977885664,32.0,8.0
-0.35094138629657434,-0.1145749106986835,-0.3303821344184661,-0.0917036878640412,-0.2010108668857713,-4.007284995725609,-0.04945175438596511,6.803284434195639,2.7959994384700764,-0.04289965509860538,32.0,9.0
-0.31215371009849935,-0.049819913248326186,0.4996863696531868,0.016093457738720507,-0.17518148365348174,-3.5178577511815625,0.0005482456140351588,-10.447709733654584,-13.9655674848361,0.03878732400892981,32.0,10.0
-0.31606262514850914,0.10398584739501976,-0.3148752149260624,-0.03969358492851721,0.3096590591706202,4.176782141317435,-0.049451754385964664,14.585813837626908,18.76259597894439,0.24079181545879358,32.0,11.0
0.6676404571981658,0.002445189825423466,-0.036574008530306346,0.13275711711964816,-0.19104239994202743,10.034323079775337,0.1005482456140348,-3.725853260705783,6.3084698190696,-0.1681488944465641,32.0,12.0
-0.2729987527226865,-0.004307841160062498,-0.27876572964677326,0.0460640185044518,-0.11074045829086077,3.09992610056916,0.050548245614035425,-2.813249419584693,0.28667668098451315,-0.1830384595227723,32.0,13.0
-0.18070429704747104,-0.06909110894357162,0.4905560722812008,0.0074875476392721185,-0.20997625757435973,-6.354065926288218,0.017214912280701766,-14.680717882315449,-21.03478380860362,-0.11939791563292523,32.0,14.0
-0.4383195703129771,-0.0019729674664549224,-0.3244509053383955,-0.1455916201399025,0.3123959684342513,-8.284230166675751,-0.09945175438596537,7.634367516956566,-0.6498626497191395,0.21846723141496183,32.0,15.0
1.0672987788917043,0.14269616656940848,0.06012503070182551,0.33615165078604586,-0.14171767192878626,23.873100643562015,0.23388157894736855,-9.470856575593366,14.402244067968695,-0.2035856852201232,32.0,16.0
0.020466183721052467,0.08100271679986665,0.11306931569989165,0.2638736907925709,-0.17327887280270748,22.18364710260178,0.1005482456140348,-4.193954560906761,17.989692541695064,0.22520082657220453,32.0,17.0
-0.33046151667379586,-0.06672196840718447,-0.07363954726886646,-0.06239329701992752,-0.10715691199152078,-2.454227546711177,0.017214912280701766,4.410159726222993,1.955932179511862,-0.3989212942697238,32.0,18.0
-0.4810419048497927,-0.26855431889924547,0.0867793208281622,-0.40587179446478416,-0.010202205902419492,-27.35903412007978,-0.11611842105263198,3.23968161626307,-24.119352503816664,-1.7216337062173228,32.0,19.0
-0.19406424531752597,0.007514901763572945,-0.37596989074626896,-0.16555075336548086,0.43029101075748744,-8.808256699489544,-0.1161184210526311,11.53869272346973,2.730436023980232,0.33826093177669625,32.0,20.0
0.5520278172459185,-0.08205911405994379,0.3209865592870311,-0.04882973890604919,-0.1705666319609893,-7.737278225832494,0.0005482456140351588,-10.083256902843452,-17.8205351286759,-0.23945494732579742,32.0,21.0
-0.27712882304619557,0.12185630237815737,-0.339978519544344,0.0013228726605282182,0.2535940276074763,4.5296295915233,-0.06611842105263127,7.009722705912907,11.539352297436253,0.6927334090041439,32.0,22.0
0.2012094494617882,-0.13699719860368167,-0.1306122381291518,-0.12077324744096335,-0.22793311290471246,-12.589861369267272,-0.08278508771929877,-10.899582842463111,-23.489444211730337,0.15768928317822772,32.0,23.0
-0.3575005778279067,0.017564765345277233,0.504854843559214,0.010796301707768963,-0.01122041802164453,-5.95445745436729,0.0005482456140351588,-14.321119142382948,-20.27557659675019,0.016085226733423275,32.0,24.0
-0.14872288185791138,0.031684833256901634,-0.1543276958169968,-0.11407245277299832,0.3183798971107351,-5.220097331416152,-0.08278508771929788,8.78076407929499,3.5606667478788836,0.20236124763131613,32.0,25.0
0.32489572632430885,-0.06179187619056731,-0.09645123311967063,-0.09437801978320898,-0.03332276480028362,-5.943175398103644,0.0838815789473682,2.326477930173361,-3.616697467930237,-0.7986026020237225,32.0,26.0
0.0073483622119663305,0.06420615928494089,-0.22845193855029455,0.07381926748124557,-0.0043699382607212955,7.165986112994059,-0.049451754385964664,-0.1258841465494669,7.040101966444638,0.8599528286029532,32.0,27.0
-0.20562213720309086,-0.16005593184102324,0.33572114174609435,-0.18715014957533477,-0.19253725499028995,-16.171431856310495,-0.0994517543859636,-9.803453332645745,-25.974885188956193,-0.09322173935080413,32.0,28.0
-0.32761984732671134,0.16093412281081748,-0.24203265761724568,-0.021203923822084136,0.4064545856130325,2.9237840577849106,-0.049451754385964664,8.069989583577595,10.993773641362552,0.3416445124029739,32.0,29.0
0.6620039216600353,-0.02761124352858385,-0.007962845387704087,0.03779611496659918,-0.15129850006604073,1.7818642320515998,0.017214912280701766,-3.9014673473452746,-2.1196031152936285,0.001836353676383018,32.0,30.0
-0.6233055645434574,-0.39781783572043705,-0.07297629432949071,-0.6001898935264864,-0.03409219261672658,-37.08095210678215,-0.06611842105263216,-1.5114248240918116,-38.59237693087392,-2.9163431881179434,32.0,31.0
-0.1356238150259419,0.13718206395587157,0.38326761458566905,-0.06620837993318301,0.48041555651750045,-5.69743026534665,-0.032785087719298944,-2.5305903351375676,-8.228020600484172,-0.06331786624042612,32.0,32.0
0.3218946258596713,-0.10155543559290353,-0.22373283508203856,-0.24445170859628648,0.3141255929942227,-13.636489832224338,-0.1327850877192968,20.703875403511013,7.067385571286721,-0.09143235445992515,32.0,33.0
0.4069219994952309,-0.008146718829211474,-0.28278706461046055,-0.03337795178594832,0.000829421828172916,1.6314581321985422,-0.04945175438596644,7.755959681454854,9.387417813653443,0.2752407235091896,32.0,34.0
-0.14086224185355145,-0.12172985039395673,0.2928431356499923,-0.12304840341311035,-0.17237070337193094,-11.304980448888994,-0.09945175438596537,-6.740482921813403,-18.04546337070235,0.38754135686590363,32.0,35.0
-0.2745220241579115,0.15045270265069172,-0.21148279011468207,0.007997420107643205,0.3059275792670698,6.873045023835434,0.000548245614036047,10.230072983316056,17.103118007151537,0.004090019875734541,32.0,36.0
0.19847010472187354,-0.1437086912488595,-0.14898308692025197,-0.1764566210303026,-0.14705890966623902,-12.920935542336611,-0.1161184210526311,-0.13466216816330245,-13.055597710499868,0.2447820660782245,32.0,37.0
0.16558783692173296,0.3034275100088124,0.15217094619206994,0.39755879783732634,0.013660487166541224,35.207826766518465,0.2838815789473675,-5.399128839248739,29.808697927269776,-0.24093162442072646,32.0,38.0
0.0934513889528743,-0.009765736095016075,-0.08946463244191627,0.08182368595478146,-0.1637688471253832,11.190397236955217,0.033881578947367486,4.968265010772242,16.158662247727506,0.053222681236549274,32.0,39.0
-0.38341467558783415,-0.12203175076912101,-0.28808208289822534,-0.15378015390795285,-0.11217329668524567,-10.409082975546934,-0.1161184210526311,2.827654102789161,-7.581428872757726,0.43915178426979296,32.0,40.0
-0.17225864386590972,-0.019352195542942263,0.3998425915962127,0.019294124138817592,-0.10919432439400822,-3.5153719224673203,0.000548245614036047,-10.851626398028436,-14.36699832049571,0.05250446572362444,32.0,41.0
-0.5957988168955614,-0.4629485857977519,-0.13909152902104094,-0.6157152922722771,0.2419021395008807,-39.75658975120278,-0.049451754385964664,9.48556502447294,-30.27102472672979,-2.90114477005262,32.0,42.0
0.3997916366334413,0.22926468929111898,-0.17986195352293144,0.035847570686506125,0.41820877692115477,6.122955063098612,0.05054824561403498,3.953058036737346,10.076013099836004,-0.21909651064493096,32.0,43.0
0.6273328210267279,-0.04048977668907289,-0.00815372532195835,0.0070875834159020434,-0.14208556634576486,-0.493127096693609,-0.016118421052633225,-3.539467717850023,-4.032594814543586,0.14002359549293164,32.0,44.0
-0.11325335053013441,0.10144615149877595,-0.26511722977208896,0.13479007200384757,-0.013515333441718513,12.119917529325573,0.03388157894736926,-1.142651756731638,10.97726577259398,0.25184662892053433,32.0,45.0
-0.14114086723661956,-0.13336692226329652,-0.013539332080790167,-0.10260311414679407,-0.24354562727496037,-12.130048770558876,-0.06611842105263216,-12.641447264670099,-24.771496035228928,0.06917748816022118,32.0,46.0
-0.544051857690701,-0.15298771079010176,0.08504197238173128,-0.25483920401095933,0.06189851352652731,-20.13977324115346,-0.1327850877192968,-10.894908200233282,-31.034681441386695,-0.19530730860665213,32.0,47.0
0.03408015862577485,0.09308191592047066,-0.11424672403619418,-0.03575616475776611,0.27065928260288485,-4.355819534012117,-0.08278508771929788,-4.665632901595146,-9.021452435607216,0.7244698343995299,32.0,48.0
0.33515272389638073,-0.03356743753231167,0.37166629898437686,-0.03900287234099292,-0.05601266342919475,-6.005515501942622,-0.09945175438596537,-7.729477405185385,-13.73499290712796,1.0178828399067865,32.0,49.0
-0.2808070795470866,-0.06404013117600849,-0.5038994160280451,-0.19984712252668346,0.279014206838915,-11.445555222699678,-0.11611842105263287,12.6749846623321,1.2294294396324688,0.044292053252132035,32.0,50.0
0.5793713177453275,-0.04207898601837967,0.6590289967271681,0.11176885677739884,-0.25511735110542083,-1.8201139464657992,0.033881578947367486,-18.053158782084026,-19.87327272854978,0.165517071821365,32.0,51.0
-0.4251744503728545,0.11633929135211613,-0.3665688005839012,-0.028191607767074023,0.31162409302364547,2.591938415628551,-0.049451754385964664,8.758630483695718,11.350568899324315,0.3035298727030291,32.0,52.0
0.30234960699943714,-0.13030437423252145,-0.22602741437171614,-0.10390464693102619,-0.2318779226735288,-11.736562726019475,-0.06611842105263038,-11.363149515044107,-23.099712241063536,0.06136829145480838,32.0,53.0
-0.4618166512830927,-0.10672281868513003,-0.0021834542536707247,-0.1370646544719319,-0.0924677677418797,-16.17173099413022,-0.049451754385964664,-18.974677021206197,-35.14640801533637,-0.2903231093234677,32.0,54.0
-0.2416468880933601,-0.018962798811581694,-0.19221471909303356,-0.09345329668020713,0.09712235449376505,-13.280476139871002,-0.049451754385964664,-17.068880869181562,-30.349357009052518,-0.05244297591406033,32.0,55.0
0.044113020677860604,-0.061117299120710844,0.3151489993665888,-0.07209381667058212,-0.07429836274867507,-14.323573748831397,-0.1161184210526311,-22.3952642110701,-36.71883795990145,1.139320389161539,32.0,56.0
0.07728201130996859,0.32204788059131684,0.33371664176265203,0.19987277264915299,0.2718555163367943,10.828903082632213,0.06721491228070248,-10.115088208983742,0.7138148736485164,0.23884637623016047,32.0,57.0
0.2198051841143711,-0.05779697775103815,-0.27417254095000876,-0.12535623184842837,0.05094854130026549,-6.617241205622324,-0.06611842105263038,7.545586625680329,0.9283454200580508,-0.0673412180496038,32.0,58.0
0.18742500015910957,0.02959743290566874,-0.13559892049186917,0.10788429909369529,-0.1153027882472798,6.006449529366346,0.06721491228070248,-6.358375288592683,-0.3519257592262903,-0.06778186895469762,32.0,59.0
-0.035830850805716574,0.03997919461332866,-0.09644456058303341,0.164888897659002,-0.15453348846266102,7.724285313494288,0.0838815789473682,-10.372931664054846,-2.6486463505605116,0.02013503200431299,32.0,60.0
-0.25913541539216534,-0.05648989269178914,0.4785542201746509,-0.006420796356084391,-0.1627637931687972,-6.004066133918084,0.017214912280701766,-12.28779647419669,-18.291862608114727,-0.17503129161435127,32.0,61.0
-0.39783715158121047,-0.031841798385160436,-0.37749069853362915,-0.1766283493110605,0.31858627534444806,-9.958065732740263,-0.09945175438596537,10.810327352472207,0.8522616197319905,-0.014308237368723997,32.0,62.0
0.9826280682707613,0.09982106862707146,-0.0915623587395934,0.2897843090138939,-0.16588800186779395,18.188788423995195,0.15054824561403463,-10.678290301194288,7.5104981228009535,0.026336679598586432,32.0,63.0
-0.2926504991040888,-0.09110687504797696,0.4522275950248511,-0.027069387341945417,-0.22319036352349536,-7.3749633855395835,-0.016118421052629672,-12.360689570457694,-19.73565295599723,-0.01762396185101056,32.0,64.0
-0.38514260585531346,0.11001360557769524,-0.2916610291278273,-0.03833851233098429,0.3219695588203434,2.001163284557382,-0.032785087719298944,9.558997856244552,11.56016114080198,0.0760314717705679,32.0,65.0
0.66578196343168,0.00391132966438601,-0.21940166652272364,0.11954845959953958,-0.17583340336440134,7.289403589678937,0.033881578947367486,-5.928328931348659,1.361074658330324,0.19469058240439274,32.0,66.0
0.055618454205784706,0.10237275039238453,0.11681787534513455,0.35865761998348383,-0.20983616400957045,20.626949115290873,0.18388157894736962,-14.144547708530858,6.4824014067600615,0.044114758385548125,32.0,67.0
-0.042775547776192635,0.12929919637252085,-0.027786843735970512,0.33524539362195344,-0.15885524629243886,26.501605894995773,0.18388157894736962,-7.048791366635498,19.45281452836032,-0.01207458488212465,32.0,68.0
0.49085741123087345,0.2405959832876895,0.3076681059586115,0.6514739152851214,-0.21423368848993213,67.30620965217004,0.3172149122807025,-5.767544609669109,61.53866504250098,0.1251743442582125,32.0,69.0
-0.25810956001517127,-0.02912833187526842,-0.12990961873887852,0.11121222180708418,-0.2301362220020025,19.25693328258217,0.05054824561403676,12.280089278284244,31.53702256086646,0.046896375662980105,32.0,70.0
-0.13245217305116386,0.10751164820321568,-0.046580059778918104,0.28715939627504955,-0.15298436695188378,36.15904250046171,0.1338815789473689,7.133920956232046,43.29296345669381,0.10299479686766899,32.0,71.0
-0.34776924785341146,-0.13011767884837053,-0.38302841720810643,-0.12375602278503806,-0.19969934704826142,-6.4600728588287915,-0.0827850877192961,7.609202793733807,1.149129934905062,0.13780411421769512,32.0,72.0
-0.08192318918881458,0.07071435176909469,-0.08600705446961232,0.27615866703262754,-0.19741759639875556,14.438025904207048,0.1338815789473689,-13.194662385832629,1.2433635183744656,0.07299280802469998,32.0,73.0
0.2439378998972339,0.19401545291195066,0.1904098595343824,0.5545027586925955,-0.21390002392769442,39.469431514507306,0.2838815789473675,-14.547078734824765,24.922352779682598,0.06283088046044027,32.0,74.0
-0.21522116416160464,-0.0037297154388105103,-0.2042568063170791,0.16148180395475914,-0.22688197640834146,12.053462932467436,0.06721491228070248,-4.4954521647621135,7.558010767705369,0.11087648058218114,32.0,75.0
-0.17246695072858786,0.03544006140659034,-0.1501009303974601,0.23700819044530658,-0.2213885708605111,12.120529125259157,0.10054824561403747,-12.17375906769535,-0.05322994243614687,0.1446043255303957,32.0,76.0
-0.43150877524890574,-0.13255400818375745,0.2746822570242424,-0.11134257163022576,-0.22789781863312636,-13.967039289396407,-0.1327850877192968,-16.345123521187197,-30.31216281058356,1.2396590152006635,32.0,77.0
-0.2180048889136279,0.315593071411013,0.7929403920715581,0.18759748679903082,0.2808680417940821,15.359749440186452,0.0838815789473682,-3.421088925447158,11.93866051473934,0.09184636613071984,32.0,78.0
0.11998608876306949,-0.0719754559939774,-0.47287847393593474,-0.2146090684131904,0.311051115517362,-6.373528729713225,-0.1161184210526311,40.81975544948643,34.44622671977325,-0.082238911489384,32.0,79.0
0.5292134920688878,-0.05510099161707749,0.031156259121357666,0.04878011516241265,-0.22319675065581696,5.250377591141291,-0.03278508771929539,0.4260472619922311,5.676424853133568,0.5116246092375127,32.0,80.0
-0.4321130452441936,-0.06606002817409512,-0.3516462254580426,-0.10847543218869482,-0.016792751417490703,-6.021543883560906,-0.0827850877192961,5.209529476989097,-0.8120144065717625,0.23967471819331498,32.0,81.0
0.4139186176070422,0.12845557297202032,0.10058864579953708,0.3672956364047862,-0.18195810729550854,22.896946260658257,0.16721491228070035,-12.89529676508915,10.001649495569154,0.14328277539871426,32.0,82.0
-0.39309060646781147,-0.12662299799796695,0.3135226869725507,-0.13315384574151284,-0.1708988924897754,-11.813554309849774,-0.049451754385968216,-6.27979975551856,-18.09335406536829,-0.26899142533933373,32.0,83.0
-0.2171901169507826,0.22945031521017512,-0.2050680047874136,0.07408580869465092,0.33169159514951285,14.799010620892208,0.033881578947367486,11.871520209015237,26.67053082990749,0.02420564151105964,32.0,84.0
0.9783902529759165,0.08327806304146607,-0.003113017369057447,0.27491612592925524,-0.17836290906200525,29.174439248607964,0.15054824561403463,1.68165482296817,30.85609407157618,-0.012449884970036074,32.0,85.0
-0.04523914849893518,0.08542852392389338,0.08656092252365277,0.2703757462404402,-0.17180314148178788,31.548320164836905,0.11721491228070319,4.6076067334202975,36.15592689825725,0.14650015207924016,32.0,86.0
-0.06717157966446163,0.09856965194778988,-0.48383879361641224,0.23637379796300478,-0.12431565024577074,35.36108467277714,0.10054824561403747,13.086239494306149,48.44732416708334,0.14270114808349033,32.0,87.0
-0.009970433166478276,-0.09169158631185906,0.014733428646051205,0.20497935048703825,-0.4012266401966701,5.797213602516006,0.1338815789473689,-16.448015966652207,-10.650802364136155,-0.12113260073599785,32.0,88.0
-0.4062506321577467,0.19304192454781954,0.21730441873145923,0.40077601920484945,-0.12410950392298692,25.007290621086394,0.21721491228070106,-13.74777718514008,11.25951343594636,-0.00019631171789447066,32.0,89.0
-0.2941077354846837,-0.10085408561540243,0.3156885527084312,-0.10451954812616376,-0.13673596523867737,-8.475511103059755,-0.06611842105263038,-2.3737881196049457,-10.849299222664655,0.057678884283983045,32.0,90.0
-0.3724526225191147,-0.046193816610305194,-0.3034991505638227,-0.1875007848090414,0.30421167199592547,-9.189826853948286,-0.1161184210526311,17.329051888232605,8.139225034284365,0.15011780511760664,32.0,91.0
0.36416339398996356,-0.058871240599285474,0.17361823468356463,-0.052742357494411196,-0.101257859395533,-3.9437119929481916,0.000548245614036047,-0.8676549568015517,-4.811366949749697,-0.2562233127044977,32.0,92.0
-0.31930615746862867,-0.07084150128033473,-0.3885446041874121,-0.17622397992295735,0.15495309039927696,-9.706225505534373,-0.09945175438596537,11.609566353015872,1.9033408474815445,-0.011275466957950231,32.0,93.0
0.1667196631127239,-0.0782906972540488,-0.1956945896319553,-0.03865269170760244,-0.17479103864769263,-7.430613606164112,-0.016118421052633225,-10.88093503084297,-18.311548637007036,-0.0710853666155522,32.0,94.0
-0.07435479843373516,0.10712215627613964,-0.044045072931973905,0.23494070433598618,-0.10993779058604958,7.31067232446409,0.16721491228070035,-17.21743589684408,-9.906763572379944,-0.18760455477328697,32.0,95.0
0.0034792732995081455,0.044658902585528626,-0.030191403118562166,0.19273191370813386,-0.17167034437247009,4.588244717404361,0.11721491228070319,-16.82908225930703,-12.240837541902621,-0.07533936944163422,32.0,96.0
-0.14607913071435963,0.042023484572956016,0.5850753740882253,0.15488321576279768,-0.14145317567179772,2.653013504579075,0.000548245614036047,-15.8990212182227,-13.246007713643579,0.633600572683537,32.0,97.0
-0.410995216741484,-0.10798463967730826,-0.31184168910859233,-0.23519782428478933,0.22728176980206016,-15.025789787882228,-0.1161184210526311,9.509481783212642,-5.51630800466954,-0.25871396181737394,32.0,98.0
0.15998196492889427,-0.09579929205801604,0.30790833457324096,-0.12547842160022105,-0.07906389220164589,-11.647254175754636,-0.049451754385968216,-7.2810031843755,-18.92825736013009,-0.22712547547774142,32.0,99.0
-0.20155856167510577,0.07837680692801569,-0.246787358511377,-0.06855673504656801,0.3196247289646471,-0.5534293784358759,-0.049451754385964664,10.230652441318192,9.677223062882362,0.08335645117851676,32.0,100.0
0.8181117108537332,0.07851896578144812,-0.007410215191967717,0.2055775460164821,-0.12814681914323267,17.924606975301263,0.11721491228070319,-2.4599873969507158,15.464619578350593,-0.03863756284635356,32.0,101.0
-0.168408887953028,-0.01328658371641639,-0.18393502423615093,0.051181870563330345,-0.13633318749215495,5.226330802338072,0.06721491228069892,0.026026851184631994,5.2523576535227505,-0.25678996405589527,32.0,102.0
-0.3694144326342981,-0.1492294827314471,0.24357317702705972,-0.18392419670843316,-0.1530941793301639,-15.301317038674863,-0.09945175438596537,-7.19958964941776,-22.500906688092577,-0.06902709284901909,32.0,103.0
-0.2775273787447595,0.11977429138594703,-0.20016063598425637,-0.031769225552223446,0.3299130881801461,1.5315184377010702,-0.016118421052629672,7.224613403121175,8.756131840822292,-0.039315522821524285,32.0,104.0
0.24624409408717862,-0.1288579678867528,0.251093349972789,-0.16333897501717987,-0.11700932896971028,-12.514419913837198,-0.09945175438596537,-1.9554135350377848,-14.469833448874937,0.08536206983538142,32.0,105.0
-0.3410258503181942,-0.03464394843167298,-0.39025160185210994,-0.1784977133042242,0.3148058667360488,-9.139597591977076,-0.09945175438596537,14.433881281203902,5.294283689226873,-0.028328467317451755,32.0,106.0
0.41627369845966244,-0.07265943457301127,0.388759740197389,-0.02777385390322329,-0.1749448915210725,-5.87792365009452,-0.016118421052636778,-9.12068396847134,-14.998607618565813,-0.020875345979926463,32.0,107.0
-0.4383793373946756,-0.07872456947122841,-0.04299299322773087,-0.21501719823372856,0.2796867863481445,-12.989846600671964,-0.1161184210526311,11.486689131477952,-1.5031574691939653,-0.08573716709399659,32.0,108.0
-0.396839036339939,-0.5741975975964572,-0.2206177287429696,-0.7777023219115784,0.12823499004192818,-48.57496757070015,-0.09945175438596537,12.235739259595299,-36.339228311104804,-4.522363031872624,32.0,109.0
0.221334406671565,0.26550254430041487,-0.13330950685360465,0.03610117172813532,0.49754884360152063,4.416681221105225,0.017214912280701766,0.9353351180978038,5.352016339203075,-0.004943419277472438,32.0,110.0
0.4546659626179248,-0.13065495847455333,0.23653923177592628,-0.16830450241955383,-0.11263740557329416,-13.305797924557776,-0.1161184210526311,-3.5437405191624194,-16.84953844372015,0.31465736845607095,32.0,111.0
-0.34792471785491175,-0.05315418053610979,-0.4149789371281908,-0.19539450731490132,0.30849841071804207,-11.332869868070855,-0.1161184210526311,11.602397402498731,0.26952753442792243,0.0824573264959505,32.0,112.0
0.24642627028826047,-0.1354713433879024,0.23454645710122102,-0.1421468081008906,-0.1858439081141232,-14.420625711642504,-0.1161184210526311,-12.66342322250268,-27.084048934145137,0.5388661769017551,32.0,113.0
-0.15308045439380114,0.30299605610833225,-0.11804362526421086,0.17464779177866724,0.2810000921254022,16.685811374233158,0.06721491228069892,-0.25394117993683807,16.431870194296366,0.1547631066618982,32.0,114.0
0.3992744511129407,-0.06293173879704175,-0.15056605276199575,-0.0052612468351243,-0.17991341057676435,-1.599819127031946,0.000548245614036047,-3.793237340119653,-5.393056467151553,-0.05273283845041177,32.0,115.0
-0.2971259240750259,-0.030237333260750565,-0.15461562712772092,-0.006065798020269797,-0.09935217820736719,-4.2042422381138245,-0.0327850877193025,-8.79283576801609,-12.997078006129868,0.23739504332417738,32.0,116.0
0.13741379818065225,0.14637557469129603,0.08482349058209593,0.2915959956886737,-0.10155519479233721,15.44400259548389,0.1338815789473689,-13.500137850330546,1.943864745153391,0.11509461345028038,32.0,117.0
-0.04322966697894959,0.032987836472115284,-0.158892654363322,0.13444562556370893,-0.13721501224310595,7.304030249386106,0.06721491228070603,-7.642699253997499,-0.3386690046113472,0.020755885945325625,32.0,118.0
-0.07631306898350543,0.023228002668034486,-0.023539183319231327,0.16362311001281055,-0.18219578775222156,5.812672204886756,0.10054824561403036,-12.670869532435113,-6.858197327548311,-0.07555091576705375,32.0,119.0
-0.376479732268853,-0.09846507485539943,0.27549127999336975,-0.10874610868754492,-0.12129472423005927,-12.026264930359215,-0.08278508771929965,-11.355289153418305,-23.381554083777473,0.23787020820102978,32.0,120.0
-0.31506979873986285,-0.0021800911335311812,-0.28091156470161593,-0.1365014484057166,0.2789242917953467,-8.947642004140175,-0.09945175438596537,3.2453998394820402,-5.702242164658088,0.28664351942135635,32.0,121.0
0.6127245822926315,0.04430963604483973,-0.29565893969622936,0.1317796819357379,-0.11386328613124419,5.27842572569546,0.08388157894737175,-10.10930920127958,-4.8308834755840735,-0.08442038606917213,32.0,122.0
-0.286597041660823,-0.14290213765625323,0.29740086934543797,-0.11268811646423288,-0.25981696582496294,-15.73310668801361,-0.08278508771929965,-21.10726385921336,-36.840370547226925,0.21159015635644307,32.0,123.0
-0.39004091780596173,0.17426307857054163,-0.1494859960027659,0.03486083902257242,0.2989426853156206,-1.3498829850893408,-0.016118421052629672,-8.964461586051073,-10.314344571140367,0.2682078521390694,32.0,124.0
0.7317216206700454,0.0671999417537793,-0.13711153313646174,0.17949170901667605,-0.12220566235419128,6.434138030251919,0.08388157894737175,-13.415052478370988,-6.980914448119023,0.06624917313378864,32.0,125.0
-0.2804470458980213,-0.11136672218450741,0.44279096039367594,-0.09056551451478889,-0.19291728840444888,-13.068300740482005,-0.08278508771929965,-16.918735105191217,-29.987035845673176,0.3590741693527377,32.0,126.0
-0.3631262955219152,0.09975814743437877,-0.3549791739457062,-0.06889463518452665,0.3820215596913866,-3.8765477688681678,-0.06611842105262683,2.3273853176503394,-1.5491624512177822,0.27142836193375963,32.0,127.0
0.5264170961866685,-0.08072568060492372,0.456542207299232,-0.02093587597630653,-0.2043348165815117,-8.319554067705678,-0.03278508771929539,-15.113243775413132,-23.432797843118763,0.16304465354392184,32.0,128.0
-0.26472776647736784,0.23195131577399153,-0.22900067661329215,0.08285366048302212,0.3186364981647011,11.694907814202505,0.033881578947367486,5.587501960388195,17.282409774590747,0.057085085717451856,32.0,129.0
0.6460030406394881,-0.011739691580940792,-0.1776206075506549,0.11141756822249665,-0.19741547075770316,7.16405486225587,0.017214912280701766,-5.119521207888944,2.0445336543669725,0.2963221666999729,32.0,130.0
-0.44342925063190075,-0.15325411860385893,0.22045977603363665,-0.1790215954889623,-0.18122162893814575,-16.118433804855673,-0.09945175438596537,-11.3582676876038,-27.476701492459426,-0.03225758370298748,32.0,131.0
-0.41143542312746195,-0.019721046682825427,-0.3506353279094844,-0.16171083419178894,0.30666918549223665,-11.598836243412162,-0.1327850877192968,0.804114912123076,-10.79472133128904,0.7359763895850384,32.0,132.0
0.7399862143270537,0.047126221974383375,-0.08933280777653929,0.17632606108695165,-0.15296270760958475,4.151845925961215,0.1338815789473689,-15.933051845792967,-11.781205919831706,-0.19927793546350658,32.0,133.0
-0.29136327038252696,-0.08030321708265103,-0.051961698773609566,-0.04943595017253938,-0.16492085659780864,-10.997171927332591,-0.0327850877193025,-17.330314117883532,-28.327486045216077,0.02054428256282481,32.0,134.0
-0.3705165091942384,-0.07930640051685153,0.2444672175398208,-0.1332342127806454,-0.004046794751847993,-15.418271468024255,-0.08278508771929965,-17.246447069647786,-32.664718537671995,0.0746161809136916,32.0,135.0
0.08465222741357503,0.22878919093624894,-0.023443134703886814,0.09948592691984254,0.27978326651342145,5.701376874441873,0.08388157894737175,-5.779098246788308,-0.07772137234638876,-0.18640066506673558,32.0,136.0
0.6768205905964795,0.08355906260916945,-0.196337802607766,0.16810002485619352,-0.08304179549732094,12.856221452034195,0.08388157894736464,-4.24776229739728,8.60845915463696,0.030275433679675112,32.0,137.0
0.14277361170972336,0.05160797413313678,-0.04849365046742293,0.26911059908719953,-0.22012105806792975,15.457362146672391,0.10054824561403747,-11.556211223071514,3.901150923600923,0.2409115514560738,32.0,138.0
-0.357795889226309,-0.06816354572628983,-0.17362111067019959,-0.0060982203440888005,-0.19158870068242817,-5.484343468062104,0.000548245614036047,-11.306794116449872,-16.79113758451193,-0.05631986777454534,32.0,139.0
-0.39544946213152976,-0.10152038517496978,0.3409085542784056,-0.11776015865212758,-0.11413657443077607,-14.398791454640342,-0.049451754385968216,-16.604254863469606,-31.003046318109902,-0.18502585939723093,32.0,140.0
-0.2258423945701159,0.11546951035481984,-0.23040410573989678,-0.038298219883170004,0.33626518530237737,-2.9400999606490608,-0.04945175438596111,-1.1797157158963572,-4.119815676545372,0.2484028975242838,32.0,141.0
0.4449929418756482,-0.057777723404992265,-0.06487240048277287,-0.029710668362103065,-0.13391180005822678,-6.795770577640905,-0.049451754385968216,-10.779931457813511,-17.57570203545437,0.29524408763927523,32.0,142.0
-0.39971791136879264,-0.15190459927086836,0.15316586661613574,-0.2319044612380297,-0.026364127388220027,-18.99311300077576,-0.1161184210526311,-11.261004186343712,-30.254117187119427,-0.23048513570229168,32.0,143.0
-0.2236718720242441,-0.03422433042304468,0.22534595861529083,-0.17582040463382162,0.3053062798674385,-13.40100116113982,-0.1161184210526311,-2.0588791318248667,-15.459880292964641,0.25023534947663295,32.0,144.0
0.3502402810366727,0.07913140246659539,-0.37529219237744404,-0.06353207998849475,0.3072972088943636,1.0569416745655253,-0.06611842105263394,12.919056210198143,13.975997884763714,0.30360369311004076,32.0,145.0
0.6279463088657842,-0.02400044185858813,-0.14818759502036005,0.11210865806536369,-0.22123842822988238,4.446308453386134,-0.016118421052636778,-9.100653534999623,-4.654345081613442,0.6247362477212599,32.0,146.0
-0.2118372888608806,0.04275326330057294,0.7924553746594609,0.18067118791204112,-0.16423998286955377,6.473297351567059,0.08388157894736464,-13.477823513406669,-7.004526161839564,0.06997384332972079,32.0,147.0
-0.32493699283611854,0.07412418501194057,0.31763507272712,-0.07211641317529832,0.31779710252034354,4.055098387096596,-0.049451754385968216,22.223600030065775,26.278698417162417,0.06394002502184226,32.0,148.0
0.4115240320844733,0.09601562617832443,0.42351306745593686,-0.03390575355364844,0.27363819608305784,21.855706719022354,-0.06611842105262683,51.17509157417232,73.03079829319472,0.4813616517190229,32.0,149.0
0.784683013242466,0.37962352586864,1.318321519341683,0.23404078657661104,0.309391183470631,116.83106933657828,0.3005482456140332,102.20053120257779,219.03160053915613,-0.5967999280417933,32.0,150.0
-0.7499949436790582,-1.6626067538880727,,-1.537661347185914,0.5392300936661495,-280.39639791891483,-0.06611842105263394,318.8430627210649,38.44666480215008,-8.5411719100746,32.0,151.0
