div_and_fold,fold_growth,division_ratio,added_length,generationtime,length_birth,length_final,growth_rate,dataset,trap_ID,trace,lineage_ID,generation
,0.6623430920692432,,2.227935951597585,0.45,2.7788974263138364,5.006833377911422,1.4718735379316517,SL,1,A,1,0
0.3651279450015815,0.6610379553944998,0.5523554918774329,2.1659738862979006,0.40000000000000013,2.7655519132046122,4.931525799502513,1.652594888486249,SL,1,A,1,1
0.37564245949915087,0.7022242337795517,0.5349323498526196,2.286516641248126,0.4500000000000002,2.638032684286698,4.924549325534824,1.560498297287892,SL,1,A,1,2
0.2676533056625462,0.5248886769132158,0.5099239466101104,1.4638222486011117,0.3999999999999999,2.511145627352875,3.9749678759539866,1.3122216922830399,SL,1,A,1,3
0.38119139884602826,0.7455699165480019,0.5112751874578702,1.9930338143485193,0.6000000000000001,2.0323024459173866,4.025336260265906,1.242616527580003,SL,1,A,1,4
0.4934770762059387,0.8571926799161945,0.5756897927011984,2.7670807337618832,0.6000000000000001,2.3173449972250966,5.08442573098698,1.4286544665269907,SL,1,A,1,5
0.34982608617975913,0.6701166990187507,0.5220375595653833,2.197158470748596,0.5000000000000004,2.6542612003958834,4.8514196711444795,1.3402333980375003,SL,1,A,1,6
0.3475168413860937,0.6468871131873664,0.5372140429166933,2.0588577881263963,0.5,2.6062507754211004,4.665108563547497,1.2937742263747327,SL,1,A,1,7
0.3683074035050434,0.6714290616279972,0.54854254090822,2.1525101769289012,0.5499999999999998,2.55901050506104,4.711520681989941,1.2207801120509043,SL,1,A,1,8
0.3423778383283316,0.5742517817874037,0.5962155437509549,1.8709443893606807,0.4500000000000002,2.8090818653065024,4.680026254667183,1.2761150706386744,SL,1,A,1,9
0.37416066620910515,0.6605475689029848,0.5664401533268809,2.1818048715804124,0.5500000000000007,2.6509547892675074,4.83275966084792,1.2009955798236072,SL,1,A,1,10
0.4253380128157974,0.7419067651635456,0.573303860791775,2.7247816241952703,0.6499999999999995,2.7706397718428613,5.4954213960381315,1.1413950233285326,SL,1,A,1,11
0.22922666625051458,0.36365560004248226,0.6303399871299556,1.2261712954894324,0.2999999999999998,3.4639838520523587,4.690155147541791,1.2121853334749415,SL,1,A,1,12
0.37524111873286553,0.6716521386881485,0.5586837249796831,2.175679922479095,0.5,2.620313348561283,4.795993271040378,1.343304277376297,SL,1,A,1,13
0.4268764834280146,0.7721662573996173,0.5528297556870505,2.7297424810646294,0.5999999999999996,2.6513677883059903,5.38111026937062,1.2869437623326963,SL,1,A,1,14
0.31605917738729666,0.5887919629036188,0.5367926148798899,2.018466033736241,0.5,2.888540252452484,4.907006286188725,1.1775839258072376,SL,1,A,1,15
0.4038956754260362,0.6984615196089548,0.578264749147761,2.516781267455145,0.5500000000000007,2.83754875914941,5.354330026604555,1.2699300356526433,SL,1,A,1,16
0.31887252132280286,0.6176216628253932,0.5162910249360064,1.9813118464816624,0.40000000000000036,2.7643925372813003,4.745704383762963,1.5440541570634816,SL,1,A,1,17
0.3172008089177476,0.5095207566556904,0.6225473737316194,1.6597579315376327,0.3999999999999986,2.9544258006182655,4.614183732155898,1.2738018916392306,SL,1,A,1,18
0.45440903366031404,0.7858211501526755,0.5782601213673466,2.7827322768242975,0.5500000000000007,2.668198444967706,5.4509307217920036,1.4287657275503172,SL,1,A,1,19
,0.6447992466907924,,2.3160626706801053,0.45,2.992891488156419,5.308954158836524,1.4328872148684275,SL,1,B,2,0
0.3652872054565716,0.6510465554943773,0.5610769343202928,2.286701099996051,0.40000000000000013,2.9787317238869657,5.265432823883017,1.6276163887359427,SL,1,B,2,1
0.3906322912763279,0.7022579777899188,0.5562518385418556,2.5816265205117297,0.5,2.928906689003562,5.510533209515292,1.4045159555798377,SL,1,B,2,2
0.31899656349869315,0.5996082935481524,0.5320082576093916,2.063914593726883,0.44999999999999996,2.931649171292919,4.995563765019802,1.3324628745514497,SL,1,B,2,3
0.33763971436771434,0.6574596498978912,0.5135519942861171,2.070555497700918,0.5,2.5654817341093827,4.636037231810301,1.3149192997957824,SL,1,B,2,4
0.4425592075418812,0.8034824298008851,0.5508013506300989,2.779947225446763,0.6000000000000001,2.553535568852539,5.333482794299302,1.339137383001475,SL,1,B,2,5
0.3007287725983352,0.5502737982006164,0.5465075269469706,1.8389412735947297,0.44999999999999973,2.9147884919267297,4.753729765521459,1.2228306626680372,SL,1,B,2,6
0.43047973748172474,0.7781174753838056,0.5532323217254452,2.7053119639561647,0.5499999999999998,2.629916955034793,5.335228918990958,1.4147590461523742,SL,1,B,2,7
0.36811949853831555,0.6461608404254746,0.5697025810105136,2.3975512728788324,0.5,3.039493685431081,5.437044958309913,1.2923216808509492,SL,1,B,2,8
0.35563763981428065,0.6119445029694335,0.5811599550099148,2.283897122900606,0.4500000000000002,3.159792803358273,5.443689926258879,1.3598766732654073,SL,1,B,2,9
0.3685184085697706,0.6393825014091631,0.5763661153653357,2.401280651461202,0.4500000000000002,3.137558416051241,5.538839067512443,1.420850003131473,SL,1,B,2,10
0.3482175708575733,0.6792537373795254,0.5126472652192573,2.3933267757669228,0.5,2.8394707004498354,5.232797476216758,1.3585074747590509,SL,1,B,2,11
0.4119484871030686,0.7609777718551369,0.5413410251114259,2.8578006566847405,0.6000000000000005,2.832727949975662,5.690528606660402,1.2682962864252272,SL,1,B,2,12
0.3636084637115446,0.6397788083769853,0.5683346477729703,2.5514945583964925,0.5500000000000007,3.2341245713083513,5.785619129704844,1.1632341970490627,SL,1,B,2,13
0.282702215641775,0.4900770713777068,0.5768525649384929,1.8501767801278488,0.5,3.3374492347274503,5.187626014855299,0.9801541427554136,SL,1,B,2,14
0.3835289331696588,0.6790096517884636,0.5648357606691902,2.502006327754328,0.5499999999999989,2.9301566861680723,5.4321630139224,1.2345630032517545,SL,1,B,2,15
0.3762872810705651,0.6424438723738064,0.5857123046098914,2.4503572014610855,0.4499999999999993,3.1816847179011027,5.632041919362188,1.427653049719572,SL,1,B,2,16
0.31344545921201805,0.6113351485899554,0.5127227837872238,2.0845174362837655,0.4499999999999993,2.88767621130172,4.9721936475854855,1.3585225524221252,SL,1,B,2,17
0.3475475711457705,0.5988807128910445,0.5803285423369453,2.0610565474750357,0.5,2.885505891720304,4.94656243919534,1.197761425782089,SL,1,B,2,18
0.33546812306230855,0.6109306393411035,0.5491099994986587,1.9909022930932938,0.5,2.7162068985066368,4.707109191599931,1.221861278682207,SL,1,B,2,19
,0.5803555395000093,,1.9233366554224318,0.4,2.9068791585438767,4.8302158139663085,1.450888848750023,SL,2,A,3,0
0.3748719108104803,0.6769884049783954,0.5537346105986019,2.2747376094152094,0.55,2.6746576728538423,4.949395282269052,1.2308880090516279,SL,2,A,3,1
0.34546006776485466,0.6331054969675532,0.5456595613519993,2.040399294998094,0.44999999999999996,2.7006848586805856,4.741084153678679,1.4069011043723407,SL,2,A,3,2
0.35833205952167463,0.7047732578137371,0.5084359480852739,2.164215628182147,0.5499999999999998,2.4105376166276877,4.574753244809835,1.2814059232977042,SL,2,A,3,3
0.31061531893645133,0.5853782757115411,0.5306232428234394,1.6836277226655745,0.5,2.4274704018780464,4.111098124543621,1.1707565514230822,SL,2,A,3,4
0.3857625850967926,0.6511818294255336,0.5924037920976829,1.9667806507779364,0.5499999999999998,2.4354301186653133,4.40221076944325,1.1839669625918796,SL,2,A,3,5
0.3042367743756395,0.5012431393968183,0.6069644658712923,1.470970642419807,0.3999999999999999,2.6719855083279724,4.1429561507477795,1.253107848492046,SL,2,A,3,6
0.437994838092055,0.7497513173809762,0.5841868202673577,2.391905022281606,0.6000000000000005,2.420260380212437,4.812165402494043,1.2495855289682927,SL,2,A,3,7
0.27472318867830964,0.4940225289418812,0.5560944543697706,1.4754461162698673,0.4500000000000002,2.676018493837012,4.1514646101068795,1.097827842093069,SL,2,A,3,8
0.35408669839638707,0.59535971461227,0.5947441348580114,1.7922805119481038,0.5999999999999996,2.4690592279316674,4.261339739879771,0.9922661910204505,SL,2,A,3,9
0.3956385193120329,0.6643646014630337,0.5955141475641171,2.128088783072679,0.6000000000000005,2.5376881026755984,4.6657768857482775,1.1072743357717219,SL,2,A,3,10
0.32374930328579316,0.590592122897969,0.5481774827899698,1.8177356677501142,0.5499999999999998,2.5576738284891154,4.37540949623923,1.0738038598144894,SL,2,A,3,11
0.3966366773985651,0.7077989296004578,0.5603804425396076,2.239249901834878,0.6000000000000005,2.451893909794541,4.691143811629419,1.1796648826674285,SL,2,A,3,12
0.3430797361630236,0.6216296436614729,0.5519037575850517,1.9882982552504704,0.5999999999999996,2.5890598970101384,4.577358152260609,1.0360494061024554,SL,2,A,3,13
0.39902326276754213,0.6925836441509714,0.5761372884522838,2.3385878553236874,0.5999999999999996,2.6371867141183833,4.975774569442071,1.154306073584953,SL,2,A,3,14
0.4276043011437472,0.7764396056901873,0.5507244839264016,2.810366763291747,0.5499999999999989,2.7402808818900977,5.5506476451818445,1.4117083739821614,SL,2,A,3,15
0.366212822358716,0.6544188293150847,0.5596000694876012,2.451017977944905,0.4499999999999993,3.1061428079449502,5.557160785889855,1.4542640651446348,SL,2,A,3,16
0.23773884768244546,0.42374131908130913,0.5610471223289585,1.4261173898779589,0.4499999999999993,3.1178290672428366,4.5439464571207955,0.941647375736244,SL,2,A,3,17
0.3456293047206258,0.5864746588215842,0.5893337410607067,1.8617968920636976,0.5,2.677900964754542,4.53969785681824,1.1729493176431685,SL,2,A,3,18
,0.5470262035845218,,1.7799686591632327,0.4,2.899487290353499,4.679455949516732,1.3675655089613046,SL,2,B,4,0
0.3696577233120488,0.6958545919191037,0.5312284026071689,2.16423566195511,0.5,2.485859909132386,4.650095571087496,1.3917091838382074,SL,2,B,4,1
0.35206073370003815,0.679121262428494,0.5184062893879829,2.031344247117351,0.5,2.410638790306962,4.441983037424313,1.358242524856988,SL,2,B,4,2
0.38959942198013425,0.6669934741777248,0.584112794297479,2.134475910729253,0.5,2.5946191242119188,4.729095034941172,1.3339869483554496,SL,2,B,4,3
0.2808683918085651,0.48367810884870666,0.5806927927276114,1.4751207404086353,0.4500000000000002,2.74615140291427,4.2212721433229055,1.0748402418860143,SL,2,B,4,4
0.452195479379394,0.873018032767524,0.5179680858892513,2.7082387624026856,0.6499999999999999,2.1864842520945826,4.894723014497268,1.343104665796191,SL,2,B,4,5
0.33105648058786097,0.6118717854176569,0.5410553133478536,1.8753003980397938,0.3999999999999999,2.64831589435977,4.523616292399564,1.5296794635441424,SL,2,B,4,6
0.36045083206179795,0.6470883252091079,0.5570349796456574,1.9590724395565533,0.4500000000000002,2.519812509361555,4.478884948918108,1.4379740560202392,SL,2,B,4,7
0.3860041777896631,0.7256094253804782,0.5319723866421101,2.2510416512349023,0.6000000000000005,2.3826431157713914,4.633684767006294,1.209349042300796,SL,2,B,4,8
0.40844429518368275,0.716218607044523,0.5702788103608878,2.4249202285911298,0.5499999999999998,2.6424922365157166,5.067412465106846,1.3022156491718604,SL,2,B,4,9
0.4721727517235383,0.8256743476752492,0.5718631722700089,3.2791966556482377,0.6000000000000005,2.897866567496587,6.177063223144825,1.3761239127920808,SL,2,B,4,10
0.3873691036880018,0.75304997750674,0.5144002592902737,3.123339942616308,0.5499999999999998,3.1774829236381112,6.3008228662544195,1.3691817772849821,SL,2,B,4,11
0.4567747899134479,0.8146305003122406,0.5607140780247857,3.961039808122701,0.6500000000000004,3.5329600842493343,7.4939998923720355,1.2532776927880618,SL,2,B,4,12
0.21501727234014673,0.34421805425695634,0.6246542552925997,1.6065059588838881,0.34999999999999964,,6.287664880816364,0.9834801550198763,SL,2,B,4,13
0.36727497630350114,0.6488163312718334,0.5660692535028448,2.822772252243455,0.5,3.559253765359773,6.382026017603228,1.2976326625436667,SL,2,B,4,14
0.1899149757833205,0.3465679214704824,0.5479877507921511,1.171004021200277,0.3000000000000007,3.4972720828833825,4.66827610408366,1.1552264049016052,SL,2,B,4,15
0.42451849337314057,0.7512250089348644,0.5651016517342127,2.6142340234177888,0.5999999999999996,2.6380505371690313,5.25228456058682,1.2520416815581081,SL,2,B,4,16
0.27377499176216696,0.5058039918005011,0.5412669654654468,1.613880719894825,0.45000000000000107,2.842888125869846,4.456768845764671,1.1240088706677775,SL,2,B,4,17
0.3909195158088219,0.6925194634352796,0.5644888504211056,2.2306627934087095,0.6000000000000014,2.515796322338297,4.746459115747006,1.1541991057254632,SL,2,B,4,18
0.2157506181869421,0.379792425707056,0.5680750946659381,1.0374813498499704,0.34999999999999964,2.6963452115059856,3.733826561355956,1.0851212163058754,SL,2,B,4,19
,0.6642431113103751,,2.5010913929148755,0.45000000000000007,3.1077978101913946,5.60888920310627,1.4760958029119444,SL,3,A,5,0
0.35715836559210534,0.6488490193711993,0.5504491105469006,2.408954985790017,0.45000000000000007,3.0874080730059603,5.4963630587959775,1.441886709713776,SL,3,A,5,1
0.34191679202187436,0.597204784459046,0.5725285545586946,2.203956787815874,0.44999999999999996,3.146824797382266,5.35078158519814,1.3271217432423246,SL,3,A,5,2
0.39643580799239203,0.6438763103427505,0.6157018073570061,2.544660540032902,0.44999999999999973,3.294485892779081,5.839146432811983,1.430836245206113,SL,3,A,5,3
0.33241258833871856,0.6757389232606484,0.4919245834393044,2.3649090750784456,0.44999999999999973,2.872419676602135,5.237328751680581,1.5016420516903308,SL,3,A,5,4
0.35499357721890906,0.6733365821776985,0.5272156401643772,2.331406611023721,0.5499999999999998,2.761201630568576,5.092608241592297,1.2242483312321795,SL,3,A,5,5
0.28490763714637196,0.47270893901698957,0.602712607336863,1.5723902794064264,0.3999999999999999,3.0693791914352904,4.641769470841717,1.1817723475424742,SL,3,A,5,6
0.4437678372669011,0.7746195668992385,0.5728848795329048,2.749956549320558,0.6000000000000001,2.6591995441226723,5.40915609344323,1.2910326114987307,SL,3,A,5,7
0.24521152276925118,0.40783241691052957,0.6012555956851409,1.3609461087598027,0.35000000000000053,3.252285369117119,4.613231477876922,1.1652354768872255,SL,3,A,5,8
0.36714952782657706,0.7085492469675541,0.5181707967341748,2.1862740833468397,0.5999999999999996,2.3904418304106594,4.576715913757499,1.1809154116125908,SL,3,A,5,9
0.307181196691744,0.5027431927009043,0.6110101561822529,1.5755899817959977,0.4500000000000002,2.7964199052667715,4.372009887062769,1.117207094890898,SL,3,A,5,10
0.29172050781425674,0.5428686298763544,0.5373685119375934,1.480116391268874,0.5,2.3493804471873663,3.8294968384562402,1.0857372597527088,SL,3,A,5,11
0.4794973257552224,0.7540282937910596,0.6359142351866316,2.4492735118335704,0.6499999999999995,2.4352315531765236,4.884505065010094,1.1600435289093234,SL,3,A,5,12
0.3297680665592966,0.6239921280676154,0.5284811325753827,1.9707161857211184,0.5500000000000007,2.5813687688267275,4.552084954547846,1.1345311419411175,SL,3,A,5,13
0.33696734090488395,0.5806152072373819,0.5803625821449013,1.836761000749508,0.5499999999999998,2.641859778364344,4.478620779113852,1.0556640131588766,SL,3,A,5,14
0.345121031103125,0.6062418748211338,0.5692794335675836,1.8744839984846373,0.5499999999999989,2.5495867002979433,4.424070698782581,1.1022579542202453,SL,3,A,5,15
0.4272401089752484,0.7727256728366559,0.5529001093063998,2.5209216258527904,0.5999999999999996,2.446069172936129,4.9669907987889195,1.2878761213944274,SL,3,A,5,16
0.39242845054476855,0.6708043075910158,0.5850118225299608,2.468372037030123,0.5999999999999996,2.9057483396890516,5.3741203767191745,1.1180071793183604,SL,3,A,5,17
0.30480294507416117,0.461973046375659,0.6597851270013423,1.7662982579514015,0.40000000000000036,3.545764695274162,5.312062953225563,1.1549326159391464,SL,3,A,5,18
0.3570949087253497,0.5135225089768799,0.6953831672087952,2.0425858868336175,0.34999999999999964,3.6939191608264985,5.736505047660116,1.4672071685053725,SL,3,A,5,19
0.2395882728646576,0.40798800583052014,0.5872434224553736,1.36410970857629,0.29999999999999893,3.368724857120453,4.732834565696743,1.359960019435072,SL,3,A,5,20
0.36859349682689024,0.6791994615975158,0.5426881463656308,2.2185441634258036,0.5999999999999996,2.568453217513151,4.7869973809389545,1.131999102662527,SL,3,A,5,21
0.3917969622041543,0.7269867397458755,0.5389327490912837,2.383212464165661,0.5,2.579869658402206,4.963082122567867,1.453973479491751,SL,3,A,5,22
0.39499599543691927,0.6091283333868704,0.6484610447205201,2.265777861863553,0.40000000000000036,3.2183654182340957,5.484143280097649,1.522820833467175,SL,3,A,5,23
0.2769524549821871,0.4597831217670756,0.6023545490703989,1.5957020190396998,0.34999999999999964,3.303398652520677,4.899100671560377,1.3136660621916458,SL,3,A,5,24
0.3896100037338004,0.7350335040144209,0.530057475755767,2.4689039965660466,0.5500000000000007,2.5968049354406766,5.065708932006723,1.3364245527534908,SL,3,A,5,25
0.40888329993561773,0.7414412619257444,0.5514709268723805,2.651013049725168,0.5,2.7935911999994447,5.4446042497246125,1.4828825238514889,SL,3,A,5,26
0.3170376289101823,0.6025011049009383,0.5262025684787894,1.9368098771831472,0.34999999999999964,2.864964740555623,4.80177461773877,1.721431728288397,SL,3,A,5,27
0.25192218901460245,0.4775913692178864,0.5274848023890286,1.3139412928598575,0.40000000000000036,2.5328631353545887,3.8468044282144462,1.193978423044715,SL,3,A,5,28
,0.6764688517566959,,2.142680988403562,0.45000000000000007,2.5987659882276395,4.7414469766312015,1.5032641150148796,SL,3,B,6,0
0.33342484129347993,0.637969946089007,0.5226340885452335,1.922121290849455,0.5000000000000001,2.4780418190172013,4.400163109866656,1.2759398921780138,SL,3,B,6,1
0.40159667700104196,0.7589724528946051,0.5291320857159091,2.313519319309444,0.55,2.3282674838139448,4.641786803123389,1.3799499143538274,SL,3,B,6,2
0.45133030184355055,0.7754378404036691,0.582032857215998,2.765789398923733,0.5499999999999998,2.701672435609419,5.467461834533152,1.409886982552126,SL,3,B,6,3
0.24803695633067996,0.4428583495825096,0.5600819236320345,1.3668491022175147,0.2999999999999998,3.06222654167006,4.4290756438875745,1.4761944986083662,SL,3,B,6,4
0.3874683035630383,0.6816931956142643,0.5683910387485912,2.097012684509839,0.44999999999999973,2.5174469059253437,4.614459590435183,1.5148737680316995,SL,3,B,6,5
0.3379980526413859,0.6132199029083335,0.5511857182690157,1.8733481861505292,0.5,2.543424223777364,4.416772409927893,1.226439805816667,SL,3,B,6,6
0.33648624174446856,0.5655430986873913,0.5949789547877838,1.743886815461686,0.5,2.627886631994419,4.371773447456105,1.1310861973747826,SL,3,B,6,7
0.384304836497814,0.6715767856290649,0.5722425859878946,2.0768956171432165,0.5,2.5017149429254943,4.578610560068711,1.3431535712581297,SL,3,B,6,8
0.43303988166398205,0.719087210489974,0.6022077369015031,2.5440588964583823,0.5500000000000007,2.757274703532302,5.301333599990684,1.307431291799951,SL,3,B,6,9
0.3527542498423817,0.6911104243580101,0.5104166243333169,2.295675944335351,0.4500000000000002,2.7058888005720356,5.001564744907387,1.5358009430177995,SL,3,B,6,10
0.43730449594769405,0.7964757372156185,0.5490493627294373,3.0071646921456225,0.7000000000000002,2.746105935841421,5.753270627987043,1.1378224817365976,SL,3,B,6,11
0.25145488479360467,0.44846092877502797,0.560706337295546,1.5120596907380217,0.34999999999999964,3.2258953012886606,4.737954992026682,1.2813169393572241,SL,3,B,6,12
0.34572894068930327,0.5747043453505087,0.6015770430245229,1.93070303159845,0.5,2.8502449540866883,4.780947985685138,1.1494086907010175,SL,3,B,6,13
0.3341432168626765,0.6315823542684067,0.5290572394944936,1.936208140853604,0.5,2.529395143473339,4.465603284326943,1.2631647085368134,SL,3,B,6,14
0.3369806207697889,0.6079452324270671,0.554294371919785,1.8264934285156187,0.5500000000000007,2.475258767728932,4.301752196244551,1.1053549680492114,SL,3,B,6,15
0.4565765792935928,0.8206536842716742,0.5563571918875891,2.734676469433227,0.6999999999999993,2.3933107720988875,5.127987241532114,1.172362406102393,SL,3,B,6,16
0.4223939841667102,0.7504859848570921,0.5628272781764775,2.784843998650016,0.5,2.8861711016752225,5.6710151003252385,1.5009719697141841,SL,3,B,6,17
0.31766934344160713,0.5803711921149489,0.5473554644984674,2.0538727367650735,0.40000000000000036,3.1040611044163433,5.157933841181417,1.4509279802873711,SL,3,B,6,18
0.3019760297586291,0.5205780237908528,0.5800783282391322,1.7262997893300835,0.3999999999999986,2.992005639760562,4.718305429090646,1.3014450594771367,SL,3,B,6,19
0.45484784211274093,0.8183092857609733,0.5558385442122444,2.895794299522712,0.5500000000000007,2.6226160208544735,5.5184103203771855,1.4878350650199494,SL,3,B,6,20
0.3856294793543375,0.6175279722129579,0.6244728930616783,2.4694226214747035,0.40000000000000036,3.446097657867364,5.915520279342068,1.5438199305323932,SL,3,B,6,21
0.28074292191009376,0.4971099327801308,0.5647501757609517,1.774845581874506,0.34999999999999964,3.3407911174759066,5.1156366993504125,1.420314093657518,SL,3,B,6,22
0.3300525611793131,0.5969160379759025,0.5529296252425995,1.9798368068222523,0.45000000000000107,2.828587083049112,4.8084238898713645,1.3264800843908915,SL,3,B,6,23
0.2830270686936547,0.5148992091743628,0.5496747007001361,1.5043140495224216,0.40000000000000036,2.643068962504427,4.1473830120268484,1.2872480229359058,SL,3,B,6,24
0.38630688352463516,0.7096873849185126,0.5443338739478814,2.0183778243293036,0.5,2.257561061682207,4.27593888601151,1.4193747698370252,SL,3,B,6,25
0.42759638619491425,0.6684424225096018,0.6396906776047298,2.219756637341735,0.45000000000000107,2.7352782433891165,4.955034880730851,1.4854276055768894,SL,3,B,6,26
0.40658122091445265,0.724960980983982,0.5608318676166602,2.5573715629963907,0.5,2.7789414662659784,5.336313029262369,1.449921961967964,SL,3,B,6,27
0.24970071254471216,0.46937196257644065,0.5319889819879188,1.4060531381552592,0.34999999999999964,2.8388597360061545,4.244912874161414,1.3410627502184032,SL,3,B,6,28
,0.7057497939862278,,2.133079653709561,0.49999999999999994,2.403870769681775,4.536950423391336,1.411499587972456,SL,4,A,7,0
0.3626422450265236,0.6104397041910281,0.594067264197874,1.9027723064211126,0.3999999999999999,2.6952537258254776,4.59802603224659,1.5260992604775705,SL,4,A,7,1
0.3924152070657512,0.5783023483086044,0.6785640905894149,2.055078984698748,0.40000000000000013,3.120055353077863,5.175134337776611,1.4457558707715104,SL,4,A,7,2
0.3015816151241648,0.5112576230590582,0.58988189421936,1.7222284868932292,0.3999999999999999,3.05271804600732,4.774946532900549,1.2781440576476457,SL,4,A,7,3
0.41599755232161895,0.7599936901999655,0.5473697448884922,2.6019452135444348,0.5499999999999998,2.6136612655699643,5.215606479114399,1.3818067094544833,SL,4,A,7,4
0.3389484191067231,0.5752750500608017,0.5891936719155456,2.0106029492663624,0.3999999999999999,3.0730023326959235,5.083605281962286,1.4381876251520045,SL,4,A,7,5
0.3803611873352126,0.6844186086525516,0.5557434916681303,2.405539899250856,0.5,2.8251805496602707,5.230720448911127,1.368837217305103,SL,4,A,7,6
0.28874076877604204,0.5484459046631234,0.526470826604855,1.6527022039507417,0.34999999999999964,2.7538217184771594,4.406523922427901,1.5669882990374968,SL,4,A,7,7
,,0.5165015790487945,,0.8000000000000007,2.2759765640502985,,1.365586832473271,SL,4,A,7,8
0.18834408766097058,0.2989719158694671,0.6299725079970478,1.0036477060936306,0.20000000000000018,,4.996557532578249,1.494859579347334,SL,4,A,7,9
0.3262325806602308,0.589669165150374,0.5532468033614015,1.9606394282974553,0.5499999999999998,2.7643294827102483,4.7249689110077036,1.0721257548188623,SL,4,A,7,10
0.39233545705884904,0.6495663022721675,0.6039960134730957,2.322533695854981,0.6000000000000005,2.8538623860329673,5.176396081887948,1.082610503786945,SL,4,A,7,11
0.37783372405993965,0.700431598739543,0.5394298668704665,2.48609500253789,0.5499999999999998,2.7923026493216203,5.27839765185951,1.2735119977082603,SL,4,A,7,12
0.3113833289283001,0.5606274774069219,0.5554193140310314,1.8938330638193084,0.4500000000000002,2.931724002978816,4.825557066798124,1.245838838682048,SL,4,A,7,13
0.3225363577573898,0.5911900747602287,0.5455713340387222,1.8937224593321824,0.6000000000000005,2.6326856064130357,4.526408065745218,0.985316791267047,SL,4,A,7,14
0.285989365146299,0.5216137195738034,0.5482780732454148,1.5057132368262156,0.5500000000000007,2.481730293009293,3.9874435298355086,0.9483885810432777,SL,4,A,7,15
0.48439912032802007,0.8118420445330616,0.5966667082469554,2.728990691835379,0.8499999999999996,2.3791748052675734,5.108165497102952,0.9551082876859552,SL,4,A,7,16
0.3186988810587554,0.519704202018559,0.6132312954579004,1.8393358423563022,0.45000000000000107,3.1324869452017934,4.971822787558096,1.1548982267079062,SL,4,A,7,17
0.3693807145327378,0.6407057182917802,0.576521644785009,2.2656798286106845,0.5500000000000007,2.8663634510625817,5.132043279673266,1.1649194878032354,SL,4,A,7,18
0.3817871473695152,0.7164502545594806,0.5328871682853435,2.5107322913879893,0.5499999999999989,2.734800010822914,5.245532302210903,1.3026368264717856,SL,4,A,7,19
0.37078697464133686,0.632896457836927,0.5858572441827038,2.358850694019812,0.5,3.0731330988446337,5.431983792864446,1.265792915673854,SL,4,A,7,20
0.2669361389540116,0.5136844358628766,0.5196500425511583,1.6335438994569782,0.45000000000000107,2.8227306090992115,4.45627450855619,1.1415209685841676,SL,4,A,7,21
0.3471317958020889,0.6431531196279343,0.5397342953150962,1.9318346790557417,0.6000000000000014,2.4052041816062015,4.337038860661943,1.0719218660465546,SL,4,A,7,22
0.3498533316210695,0.5836866253517206,0.5993855545520738,1.7962856213524039,0.5,2.599558442611753,4.395844063964157,1.1673732507034411,SL,4,A,7,23
0.429323860527911,0.8290601754509876,0.517844027780456,2.616927493436123,0.6500000000000004,2.2763615955780074,4.8932890890141305,1.2754771930015187,SL,4,A,7,24
0.32432868075756666,0.5165596762666029,0.6278629472235006,1.7556306941103026,0.40000000000000036,3.0723149090450104,4.827945603155313,1.291399190666506,SL,4,A,7,25
0.34898257046033077,0.5861269851753207,0.5954043736033482,1.9653890738085646,0.4499999999999993,2.874579927637728,4.839969001446293,1.3025044115007147,SL,4,A,7,26
0.38910562044250707,0.6870263713015348,0.56636198652079,2.4467801759515035,0.6999999999999993,2.7411744583581665,5.18795463430967,0.9814662447164793,SL,4,A,7,27
0.24581766062253943,0.4043861434351456,0.6078785453289475,1.3064753205091968,0.34999999999999787,3.153646316336734,4.460121636845931,1.1553889812432803,SL,4,A,7,28
0.32861916256854945,0.584896385402572,0.5618416710548958,1.708692754805213,0.4499999999999993,2.5058821935536146,4.214574948358828,1.299769745339051,SL,4,A,7,29
0.4199926932258791,0.7321820737608835,0.573617831243217,2.3124377459035474,0.6000000000000014,2.417555341489584,4.729993087393131,1.2203034562681363,SL,4,A,7,30
0.3027575043721141,0.532363971118706,0.5687039709616365,1.5960044748680118,0.3999999999999986,2.6899658514215647,4.2859703262895765,1.3309099277967698,SL,4,A,7,31
0.4438005848610527,0.7574995456526271,0.5858757109599245,2.5416892565696863,0.6499999999999986,2.5110459120680453,5.0527351686377315,1.1653839163886597,SL,4,A,7,32
0.30113669945788185,0.5058591866774019,0.5952974807788233,1.7077766953291915,0.4499999999999993,3.0078805169326044,4.715657212261796,1.1241315259497837,SL,4,A,7,33
0.31987050404999484,0.5585899895700849,0.5726391629326925,1.76396287505001,0.5,2.700369998707109,4.464332873757119,1.1171799791401698,SL,4,A,7,34
0.39327697148958796,0.677615750781577,0.5803834563112997,2.2310354296861563,0.5999999999999979,2.591024943395314,4.82206037308147,1.1293595846359656,SL,4,A,7,35
0.34741454550131695,0.6228224053699186,0.5578067559964768,2.0708480226533488,0.6000000000000014,2.6897778539277355,4.760625876581084,1.0380373422831952,SL,4,A,7,36
0.3111220835221325,0.5168413429377013,0.6019682592606264,1.671150486897933,0.4499999999999993,2.8657456719166086,4.536896158814542,1.1485363176393382,SL,4,A,7,37
0.4537015253520313,0.6982635301345186,0.6497568693937472,2.6431363229275875,0.5999999999999979,2.9478794449158534,5.591015767843441,1.1637725502242018,SL,4,A,7,38
0.31714465006686543,0.5347113214838257,0.5931137743386243,2.0178353839347962,0.4499999999999993,3.3161084644523853,5.3339438483871815,1.1882473810751701,SL,4,A,7,39
,0.7786415041193583,,2.946382757071905,0.49999999999999994,2.901928937070236,5.848311694142141,1.5572830082387168,SL,4,B,8,0
0.3051259519796064,0.6018041661807311,0.5070186767167916,2.0552701201983172,0.3999999999999999,2.9652032561912858,5.020473376389603,1.504510415451828,SL,4,B,8,1
0.3173299867765916,0.5465306682147035,0.5806261299355466,1.78746342870325,0.40000000000000013,2.9150180269775423,4.702481455680792,1.3663266705367585,SL,4,B,8,2
0.3433245507015167,0.5554368950037251,0.6181162140826352,1.8190347722386506,0.3999999999999999,2.9066800341792107,4.725714806417861,1.388592237509313,SL,4,B,8,3
0.4198492062724148,0.6989566376394227,0.6006799043934486,2.5201623456610394,0.5499999999999998,2.8386419181097855,5.358804263770825,1.2708302502534963,SL,4,B,8,4
0.3799802456134571,0.6402043448110268,0.5935296264282903,2.4784442674856346,0.5,3.180609092778227,5.6590533602638615,1.2804086896220537,SL,4,B,8,5
0.3007776125339159,0.5108197313685064,0.5888136147915052,1.8778642470913582,0.3999999999999999,3.3321276653549785,5.209991912446337,1.2770493284212663,SL,4,B,8,6
0.28220435509623376,0.45031645909948853,0.6266800810713568,1.5767996509222724,0.39999999999999947,3.2649981540729835,4.841797804995256,1.1257911477487228,SL,4,B,8,7
0.44825364862306083,0.8283961685871095,0.5411102388215898,3.0564898215140737,0.75,2.6199463665868326,5.676436188100906,1.1045282247828128,SL,4,B,8,8
0.2981276974810158,0.4792104508012041,0.6221226957437355,1.839563933243355,0.39999999999999947,3.5314397835586298,5.371003716801985,1.198026127003012,SL,4,B,8,9
0.29710940307054573,0.4812133758512563,0.6174171749589576,1.7974134194360798,0.5,3.316149941521943,5.113563360958023,0.9624267517025126,SL,4,B,8,10
0.28298282421528753,0.47802005394090236,0.5919894403640913,1.602731227181736,0.4500000000000002,3.027175512319862,4.629906739501598,1.0622667865353381,SL,4,B,8,11
0.41333978194613286,0.6653246486747307,0.621260286642724,2.390155284788629,0.5499999999999998,2.8763771881118423,5.266532472900471,1.2096811794086018,SL,4,B,8,12
0.2951148255107469,0.5225418147723132,0.5647678657818745,1.8086399729562506,0.5499999999999998,2.974368304790937,4.783008277747188,0.9500760268587516,SL,4,B,8,13
0.36600703714983046,0.6748338311966244,0.5423661651651664,2.196867314268574,0.5499999999999989,2.5941418575549893,4.791009171823563,1.2269706021756832,SL,4,B,8,14
0.4543185646267849,0.7833060037406055,0.5800013819085115,2.9188180265921058,0.5999999999999996,2.77879194039402,5.697609966986126,1.3055100062343434,SL,4,B,8,15
0.2742857004605195,0.4419770301828254,0.6205881340644789,1.5745086235820547,0.29999999999999893,3.535869138039097,5.110377761621152,1.47325676727609,SL,4,B,8,16
0.45083886207954715,0.8043513422638943,0.5604999188670894,3.0867310771890457,0.5500000000000007,2.8643663207688332,5.951097397957879,1.4624569859343513,SL,4,B,8,17
0.27534262516970565,0.46311300682880213,0.5945473806817326,1.6664188767982817,0.3000000000000007,3.5382093701377317,5.2046282469360134,1.54371002276267,SL,4,B,8,18
0.43756309406091676,0.8013218130055654,0.5460516448687736,3.112748291564497,0.6500000000000004,2.8419958151698914,5.954744106734388,1.2328027892393307,SL,4,B,8,19
0.32491469856040206,0.5483059708567364,0.5925791726336993,2.1170414982218735,0.34999999999999964,3.5286573360140605,5.645698834235934,1.5665884881621055,SL,4,B,8,20
0.2578237930465811,0.4916682897126266,0.5243856446330423,1.591518188953526,0.3999999999999986,2.9605234225948256,4.5520416115483515,1.2291707242815708,SL,4,B,8,21
0.33159422439253944,0.6109144367367445,0.5427834152418797,1.8109435724878762,0.5,2.4707726922393642,4.28171626472724,1.221828873473489,SL,4,B,8,22
0.34628599979959457,0.5957785444436189,0.581232746679358,1.7376429575915013,0.4499999999999993,2.488673705049095,4.226316662640596,1.3239523209858217,SL,4,B,8,23
0.38447204031925114,0.6339121997317495,0.6065067693632444,1.9003505898901571,0.3999999999999986,2.5632896653641972,4.463640255254354,1.5847804993293793,SL,4,B,8,24
0.4683981023838396,0.8394356847153571,0.5579916495242491,2.885817721974731,0.5999999999999996,2.490673988912217,5.376491710886948,1.399059474525596,SL,4,B,8,25
0.3475012067709166,0.5808025050987022,0.5983121693179713,2.130500197645559,0.40000000000000036,3.216820418860861,5.34732061650642,1.4520062627467543,SL,4,B,8,26
0.3349996728118243,0.5817719459355085,0.575826447377303,2.0436505366881272,0.40000000000000036,3.079128633590302,5.122779170278429,1.4544298648387701,SL,4,B,8,27
0.38215929500625256,0.7355411814123431,0.5195620648628437,2.4982877352661763,0.5,2.6616017235462257,5.159889458812402,1.4710823628246863,SL,4,B,8,28
0.24148143557436988,0.40139833993136753,0.6016004839872013,1.2747589020544692,0.34999999999999964,3.1041919957419997,4.378950897796469,1.1468523998039084,SL,4,B,8,29
0.35083187145386474,0.5641062873142307,0.6219251218138555,1.7731298397364479,0.4499999999999993,2.723379570528961,4.496509410265409,1.2535695273649592,SL,4,B,8,30
0.4310376383330734,0.7576673986325294,0.5689008648267414,2.5900828670112324,0.6499999999999986,2.558068092201572,5.1481509592128045,1.1656421517423554,SL,4,B,8,31
0.44001893091924926,0.8051672669257237,0.5464938143838388,3.0719709353367755,0.6000000000000014,2.813432654724024,5.8854035900607995,1.341945444876203,SL,4,B,8,32
0.3227637599263988,0.533052381516427,0.6055010185081636,2.063955466654608,0.34999999999999787,3.563617868113417,5.627573334768025,1.523006804332658,SL,4,B,8,33
0.38222910888376543,0.6175325943968956,0.6189618367546479,2.5475761441112286,0.4499999999999993,3.4832531277594954,6.030829271870724,1.3722946542153256,SL,4,B,8,34
0.3054632247740141,0.5483465453559262,0.5570623675138521,2.110161987274259,0.4499999999999993,3.3595480322601463,5.469710019534405,1.2185478785687267,SL,4,B,8,35
0.3296586266731693,0.5531541752098077,0.5959615627019935,2.029406970408205,0.3999999999999986,3.259736930768476,5.289143901176681,1.3828854380245241,SL,4,B,8,36
0.26726700015215715,0.4476101882693758,0.5970976692588451,1.4769177936784872,0.3500000000000014,3.158135495767232,4.635053289445719,1.2788862521982114,SL,4,B,8,37
0.3720889242057024,0.6471000432045829,0.5750098892947612,2.1344937558530392,0.5499999999999972,2.6652014788395015,4.799695234692541,1.1765455330992478,SL,4,B,8,38
0.3525888045576022,0.5276088228690068,0.6682769303218077,1.9192935536653324,0.4499999999999993,3.2075255979205397,5.126819151585872,1.172464050820017,SL,4,B,8,39
0.3844847219030807,0.6301356873037867,0.6101617947528207,2.3873886323127036,0.5,3.128189174904769,5.515577807217473,1.2602713746075733,SL,4,B,8,40
0.270379403129435,0.4199791058687241,0.643792510987319,1.5386129321849635,0.3500000000000014,3.550887686054468,5.089500618239431,1.199940302482064,SL,4,B,8,41
0.3410733857460168,0.6084341232531579,0.5605757019714402,2.0801080686096225,0.5,2.8530503817536483,4.933158450363271,1.2168682465063159,SL,4,B,8,42
0.3337890363873946,0.5941669628472676,0.5617764992988951,1.9593927272243223,0.5,2.77133248473184,4.7307252119561625,1.188333925694535,SL,4,B,8,43
,0.5742440867915807,,2.0200968844939253,0.35,3.1766208346360183,5.196717719129944,1.6406973908330877,SL,5,A,9,0
0.5080806773613773,0.9404016039717409,0.5402805303771527,3.840841076441751,0.6,2.807685405511873,6.648526481953624,1.5673360066195683,SL,5,A,9,1
0.29891615028038737,0.5671264770863503,0.5270714070979172,2.2515726945673515,0.3999999999999999,3.504248207971062,5.755820902538414,1.4178161927158761,SL,5,A,9,2
0.39343691933975444,0.6397277531497835,0.6150068015692866,2.6558062309693136,0.3999999999999999,3.539869003675794,6.195675234645107,1.599319382874459,SL,5,A,9,3
0.30335706992780587,0.5802057381637213,0.5228439671897991,2.0871506678284097,0.34999999999999964,3.2393714191014373,5.326522086929847,1.657730680467777,SL,5,A,9,4
0.2850900747590213,0.47057086663811876,0.6058387693989203,1.7016649326710636,0.5,3.2270135863217475,4.928678518992811,0.9411417332762375,SL,5,A,9,5
0.28474457585391383,0.48578458688249815,0.586153994059898,1.604034903867393,0.5500000000000003,2.8889645993448587,4.492999503212252,0.8832447034227234,SL,5,A,9,6
0.4146306394666016,0.7692266097905391,0.5390227459493449,2.4801912568754245,0.5999999999999996,2.42182892977051,4.9020201866459345,1.2820443496508993,SL,5,A,9,7
0.37148073376791785,0.6865612443652641,0.5410744297274706,2.2304754624820995,0.4499999999999993,2.6523577770019977,4.882833239484097,1.5256916541450338,SL,5,A,9,8
0.3563356143050949,0.6394174212425349,0.5572816793334361,2.2061606337016535,0.6999999999999993,2.7211135076048194,4.927274141306473,0.9134534589179079,SL,5,A,9,9
0.39332975036174567,0.7081852676762793,0.5554051578231105,2.5249813656825473,0.6499999999999995,2.736633472090053,5.2616148377726,1.089515796425046,SL,5,A,9,10
0.32575827846448274,0.5640318679953976,0.5775529663283864,2.009741584486741,0.5,3.038861257233017,5.048602841719758,1.1280637359907952,SL,5,A,9,11
0.38247581623825033,0.6389193076743697,0.5986292973841106,2.310828505692128,0.4500000000000002,3.022241571910123,5.333070077602251,1.419820683720821,SL,5,A,9,12
0.32711453242613875,0.5739105513026631,0.5699747664224916,1.9828237939070963,0.40000000000000036,3.039715371796122,5.022539165703218,1.4347763782566565,SL,5,A,9,13
0.47348235263445193,0.8877147726492016,0.5333721677532092,3.4000479777882586,0.6499999999999995,2.6788826024365204,6.078930580224779,1.3657150348449267,SL,5,A,9,14
0.35310066354252173,0.6135436479179416,0.5755102587090059,2.4860637328304205,0.40000000000000036,3.4984869108992496,5.98455064372967,1.5338591197948526,SL,5,A,9,15
0.2725426070842086,0.46341933564241083,0.5881122907968415,1.7164258385769262,0.34999999999999964,3.5195877884735687,5.236013627050495,1.3240552446926037,SL,5,A,9,16
0.3045295547875412,0.5142601701432122,0.5921702135763988,1.7968620915949267,0.4499999999999993,3.100611307819426,4.897473399414353,1.142800378096029,SL,5,A,9,17
0.43652997158876233,0.8272265091688997,0.5277030737655355,3.008924858235713,0.75,2.5844117665559,5.593336624791613,1.1029686788918662,SL,5,A,9,18
0.30436723585478426,0.5558427495130684,0.5475779545949232,1.9184975311349999,0.3999999999999986,3.062787828364263,4.981285359499263,1.389606873782676,SL,5,A,9,19
0.34781440786713624,0.6306924223294675,0.5514802391036837,2.150167537933701,0.5999999999999996,2.7470804411003327,4.8972479790340335,1.05115403721578,SL,5,A,9,20
0.35361174650254656,0.6077375407986129,0.5818494378969483,2.0744032451985293,0.5,2.849460983842919,4.923864229041448,1.2154750815972257,SL,5,A,9,21
0.35891470486085447,0.6010697342784878,0.5971265635121166,2.110041792945112,0.5,2.9401701262877573,5.050211919232869,1.2021394685569755,SL,5,A,9,22
0.34950697257725855,0.6081790620545631,0.5746777460515442,2.142638414679057,0.5500000000000007,2.902244402827389,5.044882817506446,1.1057801128264768,SL,5,A,9,23
0.395943250157732,0.7278455934667362,0.5439934701972299,2.603753200645535,0.5999999999999996,2.74438331063371,5.348136511279245,1.2130759891112277,SL,5,A,9,24
0.3414071577855719,0.6045697412630137,0.5647109580316313,2.2124879326118982,0.5500000000000007,3.020151292968449,5.232639225580347,1.099217711387296,SL,5,A,9,25
0.35274802992769666,0.6282705814509805,0.5614587732454875,2.2334832724083262,0.5,2.9379112004305594,5.171394472838886,1.256541162901961,SL,5,A,9,26
0.49137857993348577,0.8922680195602728,0.5507073762160015,3.6048032520376014,0.5999999999999996,2.847925081515035,6.452728333552637,1.487113365933789,SL,5,A,9,27
0.25320990975438196,0.4469143597571528,0.5665736717253229,1.6497635540429512,0.3000000000000007,3.6559459845869418,5.305709538629893,1.4897145325238392,SL,5,A,9,28
0.37333412462787335,0.6093262441866779,0.6126998930206851,2.3366635383421257,0.45000000000000284,3.2508076667173635,5.587471205059489,1.3540583204148313,SL,5,A,9,29
0.36609087194052203,0.6476287420002567,0.5652789139805919,2.4988764156123215,0.5,3.158479654693857,5.657356070306179,1.2952574840005133,SL,5,A,9,30
0.3536480858977923,0.6371439227077066,0.5550521213399855,2.463897841078343,0.5500000000000007,3.140127487999089,5.604025329077432,1.1584434958321923,SL,5,A,9,31
0.42131534555719097,0.7891144266419691,0.5339090648108844,3.2068406320212666,0.6499999999999986,2.9920399226242407,6.198880554645507,1.2140221948338012,SL,5,A,9,32
,0.4507527533734122,,1.4547900083245615,0.35,3.0847073344651585,4.53949734278972,1.2878650096383206,SL,5,B,10,0
0.4038350043129399,0.7534896121171238,0.5359529817249385,2.3604818112182597,0.4999999999999999,2.432957136400586,4.793438947618846,1.5069792242342481,SL,5,B,10,1
0.33212629242203473,0.6976796807297135,0.47604409529980707,1.9197437117070542,0.40000000000000013,2.2818883071940728,4.201632018901127,1.7441992018242833,SL,5,B,10,2
0.4605956520618462,0.8470943972778019,0.5437359207450824,2.6121456642879264,0.5,2.2845782544292237,4.89672391871715,1.6941887945556038,SL,5,B,10,3
0.2834024084209294,0.5230817577395674,0.5417937143241576,1.5704597301904721,0.44999999999999973,2.653014239941709,4.223473970132181,1.1624039060879283,SL,5,B,10,4
0.3569491574970564,0.667429581828198,0.5348117122997675,1.8293689354412241,0.44999999999999973,2.258763345819889,4.088132281261113,1.4831768485071075,SL,5,B,10,5
0.279183309561408,0.441581763887838,0.6322346899097054,1.189177957984179,0.3500000000000001,2.5846590451529763,3.7738370031371553,1.2616621825366796,SL,5,B,10,6
0.39479719405039704,0.7457869022263208,0.5293699753533477,1.959942006248574,0.5999999999999996,1.9977560013382676,3.9576980075868415,1.242978170377202,SL,5,B,10,7
0.34745744680357704,0.6449616126260207,0.5387257784054341,1.7000999921976327,0.5499999999999998,2.132113939830857,3.83221393202849,1.1726574775018561,SL,5,B,10,8
0.46725098967963447,0.8299953372991115,0.5629561621395565,2.484136750593452,0.6500000000000004,2.1573684476724977,4.64150519826595,1.2769159035370938,SL,5,B,10,9
0.33813988728385114,0.6136672037117444,0.5510150864159336,1.9312089206414602,0.5999999999999996,2.557539387922517,4.488748308563977,1.022778672852908,SL,5,B,10,10
0.33204301507061884,0.5978944453699909,0.5553539050946408,1.7134494788464139,0.40000000000000036,2.4928439021479685,4.206293380994382,1.494736113424976,SL,5,B,10,11
0.4496876214994044,0.7729183272112714,0.5818048371577631,2.523007841086413,0.6000000000000005,2.447241835567213,4.970249676653626,1.2881972120187846,SL,5,B,10,12
0.3518167174611873,0.6520308905456844,0.5395706285736739,2.106001583269968,0.4500000000000002,2.6818007422000965,4.787802325470064,1.4489575345459649,SL,5,B,10,13
0.3763261162494055,0.7416238320362258,0.5074353061391684,2.306282214548959,0.4999999999999991,2.4294999387587244,4.735782153307683,1.4832476640724543,SL,5,B,10,14
0.40791666458815473,0.7307009428204193,0.5582539185095952,2.459270736448032,0.5,2.6437689442918226,5.103039680739855,1.4614018856408386,SL,5,B,10,15
0.3342699469755997,0.5703071066022197,0.5861227102133022,1.97467092953839,0.4499999999999993,2.991007448001268,4.965678377539658,1.2673491257827125,SL,5,B,10,16
0.3345992420488507,0.5962347903309823,0.5611870482484053,1.9085896596067586,0.3999999999999986,2.7866743912424106,4.695264050849169,1.4905869758274608,SL,5,B,10,17
,,0.629962640458861,,0.1999999999999993,2.95784093912451,3.225148696036081,0.576796445036668,SL,5,B,10,18
0.5936468153473353,0.6828398471970757,,2.149335612070259,0.3000000000000007,2.8038774542559093,4.953213066326168,,SL,5,B,10,19
0.3464766243166176,0.6660287550313039,0.5202127110868252,2.1441765749203565,0.5500000000000007,2.576724397824223,4.720900972744579,1.2109613727841873,SL,5,B,10,20
0.34943597996143627,0.6472686319852411,0.5398623735089391,2.014911228988267,0.5,2.5486368042465477,4.563548033234815,1.2945372639704822,SL,5,B,10,21
0.4711955669598684,0.8402346662061637,0.5607904385657111,2.9991132875388775,0.6500000000000004,2.55919410297344,5.558307390512318,1.2926687172402511,SL,5,B,10,22
0.31802575081679996,0.5864922315450425,0.542250576753591,2.0211745283900497,0.40000000000000036,3.0139953882790516,5.035169916669101,1.4662305788626049,SL,5,B,10,23
0.292961052815323,0.5282217203160239,0.5546175811173584,1.6734423774408946,0.4499999999999993,2.792593759697908,4.466036137138802,1.1738260451467215,SL,5,B,10,24
0.4223574339397397,0.7975819834746556,0.5295473602597504,2.518429200605716,0.5499999999999989,2.3649776472465054,4.883406847852221,1.450149060863013,SL,5,B,10,25
0.35922738076116595,0.5847260576472265,0.6143515857777847,2.0778264205126455,0.5,3.000128740976105,5.077955161488751,1.169452115294453,SL,5,B,10,26
0.2949468778745314,0.5403452988848517,0.5458488830813072,1.7090077507008674,0.4499999999999993,2.7717961532355933,4.480803903936461,1.200767330855228,SL,5,B,10,27
0.3622993569027254,0.6706580978941148,0.540214690675257,2.055645448533253,0.5999999999999996,2.420596094941519,4.476241543474772,1.117763496490192,SL,5,B,10,28
0.34400499300785536,0.6225113531178507,0.5526083842244883,1.8281395314027078,0.4499999999999993,2.4736086067381233,4.301748138140831,1.3833585624841147,SL,5,B,10,29
0.5472115995152411,1.0229027525785606,0.5349595532281202,3.6772201018428965,0.75,2.301261262079717,5.978481363922613,1.363870336771414,SL,5,B,10,30
0.31521871137056007,0.6199102122968639,0.5084909154869793,2.189310469297976,0.3999999999999986,3.0400034619628546,5.2293139312608306,1.5497755307421652,SL,5,B,10,31
0.3381012363984673,0.624313275340116,0.5415570191331829,2.100885190432214,0.4499999999999993,2.8319716647252413,4.932856855157455,1.387362834089149,SL,5,B,10,32
0.3750658295402598,0.6751588328623837,0.5555223619753913,2.291171044623055,0.5,2.74031229146357,5.031483336086625,1.3503176657247673,SL,5,B,10,33
,0.8484468432640495,,2.2227728563590743,0.55,1.9118835891700352,4.134656445529109,1.5426306241164536,SL,6,A,11,0
0.38907258126048183,0.7531949837369823,0.5165628949493203,2.099975132303554,0.55,2.1358101031233834,4.235785235426937,1.3694454249763315,SL,6,A,11,1
0.3401177391866993,0.6094888412223822,0.5580376804020956,1.7499633191085695,0.55,2.363727767459092,4.113691086567662,1.1081615294952403,SL,6,A,11,2
0.5310206857527435,0.8240548015155309,0.6443997229020884,2.9913055973006877,0.6000000000000001,2.6508613962889918,5.642166993589679,1.3734246691925514,SL,6,A,11,3
0.3465602115482637,0.5675924144773299,0.6105793571385116,2.158719915747838,0.3500000000000001,3.4449906958141154,5.6037106115619535,1.6216926127923708,SL,6,A,11,4
0.3884929918066182,0.7191603169008635,0.5402035994989031,2.7555171723892564,0.5,3.027144642915967,5.782661815305223,1.438320633801727,SL,6,A,11,5
0.4006208732243243,0.7750894236269432,0.5168705197261811,3.1238113796349225,0.6499999999999999,2.988887417877553,6.112698797512476,1.1924452671183743,SL,6,A,11,6
0.21736348150231857,0.36331399502501144,0.5982799574988977,1.3361293168332122,0.35000000000000053,3.6571051767793272,4.9932344936125395,1.0380399857857454,SL,6,A,11,7
0.5610835685994376,0.8806138162197716,0.6371505400721649,,,3.181442054312192,7.287405423628046,1.0360162543762024,SL,6,A,11,8
0.3337381498082878,0.5395213350019353,0.6185819320881734,2.774076531379727,0.4500000000000002,4.50785732685767,7.281933858237397,1.1989363000043003,SL,6,A,11,9
0.2613101367031708,0.46446588234813707,0.5626035121936205,2.0542156617214475,0.40000000000000036,4.096841564206001,6.151057225927449,1.1611647058703416,SL,6,A,11,10
0.27503603037906305,0.49837661267128375,0.5518638382826155,1.8555668274449801,0.40000000000000036,3.394546050196339,5.250112877641319,1.2459415316782083,SL,6,A,11,11
0.3193067821200706,0.5614204332737373,0.5687480597350881,1.9631307820905688,0.5,2.9859915125487007,4.9491222946392694,1.1228408665474745,SL,6,A,11,12
0.41302374300359607,0.7269847305663231,0.5681326245763779,2.6633530153018072,0.6000000000000005,2.811757838602874,5.475110853904681,1.2116412176105373,SL,6,A,11,13
0.38111453902165854,0.6717709883796407,0.5673280710453631,2.668544671106908,0.6500000000000004,3.1061840795052738,5.774728750612182,1.0334938282763697,SL,6,A,11,14
0.32254916307962367,0.5441776930682103,0.5927276461131852,2.1293046432499985,0.4499999999999993,3.4228413792924934,5.552146022542492,1.2092837623738026,SL,6,A,11,15
0.3218904084336839,0.53930747650805,0.5968587910516,2.038280751659798,0.4499999999999993,3.3138471627566615,5.352127914416459,1.1984610589067797,SL,6,A,11,16
0.37186992647219186,0.5930918614192026,0.6270022414105442,2.32949202568758,0.4499999999999993,3.355796198655061,5.685288224342641,1.3179819142648967,SL,6,A,11,17
0.2979404987242649,0.5215648021876145,0.571243491651669,1.8782426433668267,0.40000000000000036,3.2476838963196073,5.125926539686434,1.303912005469035,SL,6,A,11,18
0.3417298047194175,0.6406797208960151,0.5333863295087525,2.098068168532795,0.45000000000000107,2.734099142334848,4.832167310867643,1.4237327131022524,SL,6,A,11,19
0.32778067986247217,0.5571824302870119,0.5882825122350468,1.8220057808491403,0.45000000000000107,2.8426795251772874,4.664685306026428,1.238183178415579,SL,6,A,11,20
0.2735675712764593,0.4003029464577234,0.6834013431508709,1.33712472175598,0.40000000000000036,3.1878522035145918,4.524976925270572,1.0007573661443077,SL,6,A,11,21
0.375641531659895,0.6045270761920432,0.6213808222223666,1.9090147631092775,0.34999999999999964,2.8117338823618643,4.720748645471142,1.7272202176915536,SL,6,A,11,22
0.34949137684816667,0.5800661745518739,0.6025025974289292,1.9497295692795018,0.5,2.8442633207054624,4.793992889984964,1.1601323491037479,SL,6,A,11,23
0.3578427739320504,0.5638518648851414,0.6346396921201001,2.0372733098269284,0.5500000000000007,3.0424581717260066,5.079731481552935,1.0251852088820739,SL,6,A,11,24
0.3054843473673482,0.5057420766657297,0.6040318997805242,1.74159145911922,0.45000000000000107,3.068319857177356,4.809911316296576,1.1238712814793967,SL,6,A,11,25
0.2670473845971765,0.44658488785214184,0.5979767606592012,1.4015879991348652,0.45000000000000107,2.876215187977061,4.277803187111926,0.9924108618936461,SL,6,A,11,26
,0.7374875724759676,,1.7185829496505995,0.55,1.7993678662783887,3.5179508159289883,1.3408864954108501,SL,6,B,12,0
0.44265066468991177,0.825847720378632,0.5359955034893924,2.1557091697057533,0.6499999999999999,1.8856058188347768,4.04131498854053,1.2705349544286648,SL,6,B,12,1
0.4834187111054015,0.8449588523075807,0.572121008952313,2.7042709908071227,0.6000000000000001,2.3121212087379135,5.016392199545036,1.4082647538459676,SL,6,B,12,2
0.4301994613129766,0.6902011982657066,0.6232957323081361,2.648019609818231,0.4500000000000002,3.126695849560245,5.774715459378476,1.5337804405904585,SL,6,B,12,3
0.2642612556410889,0.4620061183846585,0.5719864848652706,1.6048808565242187,0.3500000000000001,3.303059196707031,4.90794005323125,1.320017481099024,SL,6,B,12,4
0.387102088161713,0.6661044284627963,0.5811432436428152,2.373781813041169,0.5500000000000003,2.8522162021393,5.225998015180469,1.211098960841447,SL,6,B,12,5
0.4097375083794601,0.7303295580398707,0.5610309809713212,2.794730012804657,0.6000000000000001,2.931946793010876,5.726676805815533,1.217215930066451,SL,6,B,12,6
0.2624815068209591,0.45960215712195257,0.5711059070406218,1.5790768925828185,0.35000000000000053,3.2705389515137706,4.849615844096589,1.313149020348434,SL,6,B,12,7
0.3349058552165712,0.5266638502612934,0.6359005939944702,1.8411650056734352,0.4500000000000002,3.083873595906015,4.92503860157945,1.1703641116917627,SL,6,B,12,8
0.43814391402817565,0.826861862573797,0.5298876799860527,2.959188582759035,0.5999999999999996,2.6097172784326883,5.568905861191723,1.3781031042896625,SL,6,B,12,9
0.2803328416468123,0.549885199310841,0.5098024860428091,1.709455001813918,0.35000000000000053,2.8390420525739115,4.54849705438783,1.5711005694595432,SL,6,B,12,10
0.3908943922827251,0.6938113589412218,0.563401546032977,2.2779176765291487,0.5999999999999996,2.562630272568545,4.840547949097694,1.156352264902037,SL,6,B,12,11
0.29809500094927815,0.5137507904470981,0.5802326857538402,1.6256534452474143,0.4499999999999993,2.808644137025198,4.434297582272612,1.1416684232157754,SL,6,B,12,12
0.45776174816852216,0.7832015842482105,0.5844750028281982,2.7218276207896297,0.5999999999999996,2.5917360919398575,5.313563712729487,1.3053359737470183,SL,6,B,12,13
0.32989120914414555,0.6009472465107144,0.5489520270865637,2.0594442885015583,0.4499999999999993,2.916891571156459,4.976335859658017,1.3354383255793674,SL,6,B,12,14
0.4059714429342836,0.6773293653920434,0.5993707990193283,2.504514940115124,0.5,2.982670400391762,5.487185340506886,1.3546587307840867,SL,6,B,12,15
0.28454202284651653,0.4401375097030813,0.646484374936528,1.6665275614435489,0.40000000000000036,3.547379585018474,5.213907146462023,1.1003437742577022,SL,6,B,12,16
0.356363606963632,0.6401325304793879,0.5567028544803924,2.291612857559787,0.5499999999999989,2.902596991431125,5.194209848990912,1.163877328144344,SL,6,B,12,17
0.40051343752722607,0.6852655401333925,0.5844645820790331,2.6243392465231086,0.5499999999999989,3.035831688621271,5.66017093514438,1.2459373456970797,SL,6,B,12,18
0.32454327611048234,0.5406615592814352,0.600270669403269,2.055324129819524,0.40000000000000036,3.397634596176044,5.452958725995568,1.3516538982035868,SL,6,B,12,19
0.283075049956638,0.4872277889364569,0.5809911839686878,1.717175744251099,0.45000000000000107,3.1681209463485525,4.8852966905996515,1.0827284198587905,SL,6,B,12,20
0.383873758309223,0.7004207681270285,0.5480616449105683,2.351657067955844,0.5,2.6774437401262006,5.0291008080820445,1.400841536254057,SL,6,B,12,21
0.4304540641412347,0.7785866056160959,0.5528660023641381,2.895917251248699,0.5999999999999996,2.7804188592505765,5.6763361104992756,1.297644342693494,SL,6,B,12,22
0.2851659809792516,0.5353212561315064,0.5327006497743069,1.842597470714208,0.4499999999999993,3.023787934400326,4.866385405114534,1.1896027914033493,SL,6,B,12,23
0.2745592562550391,0.47322356099239354,0.5801893204118217,1.4764838852467554,0.4499999999999993,2.823424841055409,4.2999087263021645,1.0516079133164318,SL,6,B,12,24
0.16636190883285884,0.26849638458749403,0.6196057689508554,0.7181513162673938,0.4499999999999993,2.664248252778946,3.3823995690463398,,SL,6,B,12,25
0.43643534506067144,0.582273426472584,,1.7463877036379092,0.5,2.535232857856191,4.2816205614941,1.164546852945168,SL,6,B,12,26
,0.7183781922984486,,2.230459224229253,0.45000000000000007,2.4956218699570276,4.726081094186281,1.596395982885441,SL,7,A,13,0
0.36687990790649627,0.6074252694282645,0.6039918429008063,1.9499807835526402,0.35,2.854514429776231,4.804495213328871,1.7355007697950413,SL,7,A,13,1
0.48154952040002835,0.9298138384454525,0.5178988529630046,3.3818262678222926,0.6499999999999999,2.488242560049269,5.870068827871561,1.4304828283776194,SL,7,A,13,2
0.2242885040879517,0.40393562298170055,0.5552580444189064,1.304403634199368,0.30000000000000004,3.259402937968345,4.563806572167713,1.3464520766056682,SL,7,A,13,3
0.39399361345490796,0.7371300867011735,0.5344967198640879,2.2964308796525525,0.5,2.439339642917809,4.735770522570362,1.474260173402347,SL,7,A,13,4
0.3560906342251387,0.6296651247513426,0.565523831998414,2.0690538704343875,0.5499999999999998,2.6781910933891226,4.74724496382351,1.144845681366078,SL,7,A,13,5
0.3800236946757169,0.7644434757294339,0.49712464916140114,2.3684828183468234,0.5499999999999998,2.359972487123991,4.728455305470814,1.3898972285989712,SL,7,A,13,6
0.34549436992719046,0.6296927621873596,0.5486713373154377,1.9462804134350273,0.4500000000000002,2.594367895888948,4.540648309323975,1.399317249305243,SL,7,A,13,7
0.3826800685960865,0.6323607711698463,0.6051609872765211,2.072820659754445,0.4500000000000002,2.7478232137459635,4.8206438735004085,1.4052461581552136,SL,7,A,13,8
,0.6324202780272237,,2.137901754538486,0.4,2.8925743852901116,5.030476139828598,1.5810506950680592,SL,7,B,14,0
0.3906036138006261,0.7328583071847289,0.5329865404693681,2.462073735603874,0.44999999999999996,2.6811760746809457,5.14324981028482,1.6285740159660644,SL,7,B,14,1
0.4437449240619615,0.7942912819328104,0.558667750931576,3.0420834024915706,0.55,2.8733678039910746,5.915451206482645,1.4441659671505642,SL,7,B,14,2
0.2998120769432852,0.5258776166837636,0.5701175852167466,1.9206146251665666,0.3500000000000001,3.3725027573073763,5.293117382473943,1.5025074762393245,SL,7,B,14,3
0.5703432483268146,1.0028813126148228,0.5687046324950983,4.697438711886591,0.8000000000000003,3.0102203757532604,7.707659087639851,1.253601640768528,SL,7,B,14,4
0.21005642059926105,0.36123036215390497,0.5815026714442262,1.501795278561504,0.25,4.4820243500439405,5.983819628605445,1.4449214486156199,SL,7,B,14,5
0.29365094538686964,0.5126174288752006,0.5728461984431679,1.9402235362712386,0.3999999999999999,3.427808326416238,5.368031862687476,1.2815435721880017,SL,7,B,14,6
0.3624210620133759,0.6974519033557653,0.5196359207991257,2.4692662896304647,0.5500000000000003,2.7894221798466523,5.258688469477117,1.2680943697377545,SL,7,B,14,7
0.3045871790380415,0.5437763939944924,0.5601331400221218,1.830693660732793,0.4500000000000002,2.9455656848063434,4.7762593455391364,1.208391986654427,SL,7,B,14,8
