MSD,RMSD,NRMSD,CV_NRMSD,distance,dataset,n,variable,lineage,kind
0.9520401019827028,0.9757254234582098,0.22562638950981026,-0.6532892072243349,1,071318_SL,21,div_then_fold,1.0,Trace
1.554933451245602,1.2469697074290145,0.2883488183777586,-0.8348986631011488,2,071318_SL,20,div_then_fold,1.0,Trace
2.3464190076173774,1.531802535452066,0.3542134571948308,-1.0256062207162182,3,071318_SL,19,div_then_fold,1.0,Trace
2.933993039501273,1.7128902590362505,0.396088116063551,-1.1468520676872624,4,071318_SL,18,div_then_fold,1.0,Trace
4.1552775821685195,2.0384497987854693,0.4713703847818856,-1.364827871651948,5,071318_SL,17,div_then_fold,1.0,Trace
4.346646850713676,2.084861350477215,0.4821025749944172,-1.3959023574466192,6,071318_SL,16,div_then_fold,1.0,Trace
0.9986127958020106,0.9993061571920843,0.22735379266275488,0.7400007017979636,1,071318_SL,21,div_and_fold,1.0,Trace
1.2320303311185559,1.1099686171773309,0.2525307915253768,0.8219478582948998,2,071318_SL,20,div_and_fold,1.0,Trace
2.3838592870436575,1.5439751575215377,0.35127233562328797,1.1433359955821252,3,071318_SL,19,div_and_fold,1.0,Trace
2.957768679266731,1.719816466739033,0.3912782820188502,1.2735490351891727,4,071318_SL,18,div_and_fold,1.0,Trace
3.8120862109953237,1.9524564555951878,0.44420658973596266,1.4458223207892074,5,071318_SL,17,div_and_fold,1.0,Trace
4.663574772655266,2.159531146488808,0.49131849433126557,1.5991641324882828,6,071318_SL,16,div_and_fold,1.0,Trace
0.8727362259429482,0.934203524903941,0.21341973634100836,1.0929044274095172,1,071318_SL,21,fold_then_div,1.0,Trace
1.0717237349666366,1.0352409067297508,0.23650182799985472,1.2111058674465238,2,071318_SL,20,fold_then_div,1.0,Trace
1.1009822878551563,1.049277031033824,0.23970839473651195,1.2275264246234723,3,071318_SL,19,fold_then_div,1.0,Trace
1.0887851755999134,1.043448693324168,0.23837690511552276,1.2207079788378221,4,071318_SL,18,fold_then_div,1.0,Trace
1.490603282957196,1.220902650892853,0.27891644048162134,1.4283075122565152,5,071318_SL,17,fold_then_div,1.0,Trace
1.3527800980487847,1.163090752284096,0.265709254007215,1.3606746268497112,6,071318_SL,16,fold_then_div,1.0,Trace
0.9472825731054906,0.9732844255948466,0.12994491272972886,0.27914039446402983,1,071318_SL,21,fold_growth,1.0,Trace
2.559937337937807,1.5999804179857349,0.21361619513983549,0.45887836409002347,2,071318_SL,20,fold_growth,1.0,Trace
5.096899011859445,2.2576312834161927,0.3014203170056113,0.6474942683090508,3,071318_SL,19,fold_growth,1.0,Trace
8.166141678010078,2.857646177890132,0.3815293591813359,0.8195800326788896,4,071318_SL,18,fold_growth,1.0,Trace
11.743426926671155,3.426868384789698,0.4575272155676443,0.9828343776505757,5,071318_SL,17,fold_growth,1.0,Trace
15.400135226767208,3.924300603517423,0.5239402645713043,1.1254991754252972,6,071318_SL,16,fold_growth,1.0,Trace
0.9699913213893071,0.9848813742727126,0.12614517244635182,-0.3598827447045496,1,071318_SL,21,division_ratio,1.0,Trace
3.18580190035552,1.784881480758742,0.22861045814058248,-0.6522085431274603,2,071318_SL,20,division_ratio,1.0,Trace
6.457099652850446,2.541082378210208,0.3254658714978946,-0.9285297952415458,3,071318_SL,19,division_ratio,1.0,Trace
11.067925470093103,3.326849180545025,0.4261081329644999,-1.2156546418564933,4,071318_SL,18,division_ratio,1.0,Trace
16.304361454846198,4.037865953055673,0.5171762917535082,-1.475465289419058,5,071318_SL,17,division_ratio,1.0,Trace
21.547168662367493,4.641892788762736,0.5945410093153143,-1.6961810438112923,6,071318_SL,16,division_ratio,1.0,Trace
0.9498083575291931,0.974581119009184,0.1713724062784832,0.4362705663239726,1,071318_SL,21,added_length,1.0,Trace
2.041235400034238,1.4287180967686517,0.25122881344734055,0.6395646714644533,2,071318_SL,20,added_length,1.0,Trace
3.833812536458669,1.9580123943577754,0.344301042775511,0.8765028990344871,3,071318_SL,19,added_length,1.0,Trace
5.449387893556014,2.3343924035080335,0.4104845000425396,1.0449891507607096,4,071318_SL,18,added_length,1.0,Trace
7.6028541290991045,2.75732735254614,0.4848542764543941,1.2343156892459237,5,071318_SL,17,added_length,1.0,Trace
9.163740115315173,3.027167011467186,0.5323034530869952,1.3551092266108138,6,071318_SL,16,added_length,1.0,Trace
0.9474978146853145,0.973394994175188,0.18540471161981795,-3.0250242422181834,1,071318_SL,21,generationtime,1.0,Trace
1.698104239510494,1.303113287289518,0.2482068889645257,-4.04969134626345,2,071318_SL,20,generationtime,1.0,Trace
2.7446804839897054,1.6567077243707489,0.3155568086063136,-5.1485584562084465,3,071318_SL,19,generationtime,1.0,Trace
4.275950611888129,2.0678371821514694,0.39386555173154053,-6.426227422988508,4,071318_SL,18,generationtime,1.0,Trace
5.133111373920218,2.265637079039849,0.4315409384558115,-7.040931101121371,5,071318_SL,17,generationtime,1.0,Trace
6.170843804632889,2.484118315345082,0.4731555459418889,-7.719906275894236,6,071318_SL,16,generationtime,1.0,Trace
0.9726758986142886,0.9862433262711027,0.11787149986364757,-0.22659288532463945,1,071318_SL,21,length_birth,1.0,Trace
3.0016836069694746,1.7325367548682695,0.20706523474013724,-0.3980564347146463,2,071318_SL,20,length_birth,1.0,Trace
6.0262735427776315,2.4548469489517326,0.29339259805454976,-0.5640097513222173,3,071318_SL,19,length_birth,1.0,Trace
10.332569593132753,3.2144314572149075,0.384174824790308,-0.7385269731786196,4,071318_SL,18,length_birth,1.0,Trace
14.657224500268397,3.8284754799095158,0.45756268761213,-0.8796057547657031,5,071318_SL,17,length_birth,1.0,Trace
19.449931772277004,4.4102076790415445,0.5270887822422716,-1.0132607808391976,6,071318_SL,16,length_birth,1.0,Trace
0.9855115532367924,0.9927293454093076,0.1587276990545748,-0.6049413777274972,1,071318_SL,21,length_final,1.0,Trace
2.1902879351517464,1.4799621397697127,0.23663145067669622,-0.9018473564390221,2,071318_SL,20,length_final,1.0,Trace
4.137193838161555,2.034009301395044,0.32521816521191305,-1.239468133773298,3,071318_SL,19,length_final,1.0,Trace
5.927630502959363,2.4346725658616526,0.38928029690830024,-1.4836210726705492,4,071318_SL,18,length_final,1.0,Trace
7.516222578660311,2.7415730117325547,0.4383506722701029,-1.6706375836751468,5,071318_SL,17,length_final,1.0,Trace
7.335508800067989,2.7084144439261855,0.43304894204908273,-1.6504316838646749,6,071318_SL,16,length_final,1.0,Trace
0.9999930081066686,0.9999965040472234,0.12838906753411222,0.30726276638979005,1,071318_SL,21,growth_rate,1.0,Trace
2.910056572826206,1.7058887926316317,0.21901823708028179,0.5241579420087468,2,071318_SL,20,growth_rate,1.0,Trace
6.1935052269518485,2.4886753960594876,0.31951983052140376,0.7646799601244744,3,071318_SL,19,growth_rate,1.0,Trace
10.561955584406897,3.249916242675632,0.4172551746654764,0.9985817462542553,4,071318_SL,18,growth_rate,1.0,Trace
15.768882751488157,3.9710052570461496,0.5098354444858506,1.2201463262023362,5,071318_SL,17,growth_rate,1.0,Trace
20.96647540449997,4.578916400689138,0.5878848622188483,1.4069354389231792,6,071318_SL,16,growth_rate,1.0,Trace
0.9988234797280404,0.9994115667371678,0.3443841498638585,-0.9277537277400925,1,071318_SL,20,div_then_fold,2.0,Trace
0.8433287304602499,0.9183293148213498,0.31644426671217624,-0.8524850756931182,2,071318_SL,19,div_then_fold,2.0,Trace
1.3908026309030712,1.179322954454407,0.40637926015871745,-1.0947654636183284,3,071318_SL,18,div_then_fold,2.0,Trace
1.1340874985022755,1.0649354433496312,0.3669628204476281,-0.9885795404547274,4,071318_SL,17,div_then_fold,2.0,Trace
1.6932036555750059,1.3012315918294506,0.4483873815781355,-1.2079332480753957,5,071318_SL,16,div_then_fold,2.0,Trace
0.9977985379999117,0.9988986625278421,0.33968860795667405,3.3143807224637545,1,071318_SL,20,div_and_fold,2.0,Trace
1.0165752562373092,1.0082535674309856,0.34286986621972365,3.3454206243422857,2,071318_SL,19,div_and_fold,2.0,Trace
1.5079395076372195,1.2279818840834826,0.4175913658195588,4.074486869209892,3,071318_SL,18,div_and_fold,2.0,Trace
1.1913560498597544,1.0914925789302254,0.3711763851936424,3.621610577757435,4,071318_SL,17,div_and_fold,2.0,Trace
1.2042014320647287,1.0973611219943638,0.37317206032964284,3.641082609035869,5,071318_SL,16,div_and_fold,2.0,Trace
0.9401370570826719,0.9696066507005158,0.2618857269372919,0.5901831330936195,1,071318_SL,20,fold_then_div,2.0,Trace
0.879437330569923,0.9377832001960383,0.2532903780264765,0.5708127381906835,2,071318_SL,19,fold_then_div,2.0,Trace
1.0446628383578098,1.0220874905593014,0.27606052956139515,0.6221273307462091,3,071318_SL,18,fold_then_div,2.0,Trace
0.9294898547299297,0.9641005418160129,0.26039855548815616,0.5868316579461844,4,071318_SL,17,fold_then_div,2.0,Trace
1.2308730861891328,1.109447198468288,0.29965593352675113,0.6753017041713704,5,071318_SL,16,fold_then_div,2.0,Trace
0.9153703873012523,0.9567499084406814,0.16806607231701018,0.722102695931478,1,071318_SL,20,fold_growth,2.0,Trace
1.6024877777107,1.2658940625939834,0.22237142767679188,0.9554278576860102,2,071318_SL,19,fold_growth,2.0,Trace
1.74798261802691,1.322112936941058,0.23224703395408494,0.9978588005793511,3,071318_SL,18,fold_growth,2.0,Trace
2.1841548173842287,1.477888634973633,0.25961114394751555,1.115429808966758,4,071318_SL,17,fold_growth,2.0,Trace
3.0311559316960794,1.741021519595918,0.3058339969896325,1.3140281717130442,5,071318_SL,16,fold_growth,2.0,Trace
0.629480922385796,0.7933983377760481,0.13880466585829448,-8.538316369256796,1,071318_SL,20,division_ratio,2.0,Trace
1.1844769305703806,1.0883367725894317,0.19040400624485812,-11.712355872476584,2,071318_SL,19,division_ratio,2.0,Trace
2.1859795507831503,1.4785058507774498,0.25866390287879026,-15.911239167857191,3,071318_SL,18,division_ratio,2.0,Trace
3.221343024268868,1.794810024562173,0.3140011692446864,-19.31521038395605,4,071318_SL,17,division_ratio,2.0,Trace
4.756889120634077,2.1810293717953635,0.3815700623066275,-23.471587852364177,5,071318_SL,16,division_ratio,2.0,Trace
0.8228219988465714,0.9070953637002955,0.16200994758213844,1.3806538439528897,1,071318_SL,20,added_length,2.0,Trace
1.5694166907807372,1.2527636212712825,0.22374733323190973,1.9067817767438278,2,071318_SL,19,added_length,2.0,Trace
1.7451054592416155,1.3210243976708438,0.23593891225321192,2.0106787947407154,3,071318_SL,18,added_length,2.0,Trace
1.8245850244948418,1.350772010553536,0.24125192497125625,2.055956455412875,4,071318_SL,17,added_length,2.0,Trace
2.155505747702846,1.468164073836043,0.26221849891710414,2.234634254800355,5,071318_SL,16,added_length,2.0,Trace
0.9905351411541231,0.995256319323883,0.18695989764760335,-2.7776899079072415,1,071318_SL,20,generationtime,2.0,Trace
1.4731808889486466,1.2137466329298907,0.22800352216487568,-3.387480900735286,2,071318_SL,19,generationtime,2.0,Trace
1.850396279557224,1.3602927183357352,0.25553235126766033,-3.7964806474052275,3,071318_SL,18,generationtime,2.0,Trace
2.0610389960661157,1.4356319152436379,0.2696848949584383,-4.006747010811071,4,071318_SL,17,generationtime,2.0,Trace
2.4241419401323254,1.5569656194445416,0.29247755296840305,-4.345380786959118,5,071318_SL,16,generationtime,2.0,Trace
0.9997201943266081,0.9998600873755328,0.15843991695261206,-0.5868692104140845,1,071318_SL,20,length_birth,2.0,Trace
2.3596118296123336,1.536102805678166,0.24341405766196272,-0.9016175883662593,2,071318_SL,19,length_birth,2.0,Trace
3.7809610244999416,1.9444693426485133,0.30812467169761093,-1.14130887131404,3,071318_SL,18,length_birth,2.0,Trace
5.87637172349037,2.424122877143477,0.3841315721939459,-1.422842152435661,4,071318_SL,17,length_birth,2.0,Trace
8.269678868451305,2.8757049341772367,0.45569020776417046,-1.6878988424613655,5,071318_SL,16,length_birth,2.0,Trace
0.7794727307955914,0.8828775287635264,0.18429426591440898,-2.7571445201354194,1,071318_SL,20,length_final,2.0,Trace
2.213367817352362,1.487739163076768,0.3105547349419379,-4.646071224185206,2,071318_SL,19,length_final,2.0,Trace
3.4587345336933044,1.8597673332149116,0.3882129109418553,-5.807880645327611,3,071318_SL,18,length_final,2.0,Trace
4.217952096813019,2.0537653460931264,0.4287085858315724,-6.413718420894775,4,071318_SL,17,length_final,2.0,Trace
4.919886023388128,2.218081608820588,0.463008411153401,-6.92686284759985,5,071318_SL,16,length_final,2.0,Trace
0.7380390347834108,0.8590919827256048,0.12069454946810422,0.42471542815573143,1,071318_SL,20,growth_rate,2.0,Trace
1.8435080464354647,1.3577584639527993,0.19075261949642702,0.6712447315830298,2,071318_SL,19,growth_rate,2.0,Trace
3.616314099675508,1.9016608792514789,0.2671659236467176,0.9401376462341703,3,071318_SL,18,growth_rate,2.0,Trace
5.152282155160252,2.2698639067486517,0.31889507420352997,1.122168801938305,4,071318_SL,17,growth_rate,2.0,Trace
7.12438715730963,2.669154764585529,0.37499177998404176,1.3195690699594584,5,071318_SL,16,growth_rate,2.0,Trace
0.9616966949568996,0.9806613559006491,0.24009020830832561,0.9218225476180479,1,071318_SL,21,div_then_fold,5.0,Trace
1.83951485862223,1.3562871593516728,0.3320527159098539,1.274911137277309,2,071318_SL,20,div_then_fold,5.0,Trace
2.230260684666144,1.4934057334382187,0.36562274170652104,1.4038027189937392,3,071318_SL,19,div_then_fold,5.0,Trace
2.308739719089509,1.5194537568118054,0.3719999435001422,1.4282878841551638,4,071318_SL,18,div_then_fold,5.0,Trace
2.490056476417308,1.5779912789420947,0.38633137993082195,1.4833132070729134,5,071318_SL,17,div_then_fold,5.0,Trace
2.9077195498438115,1.7052036681416713,0.4174761261151719,1.6028929661762308,6,071318_SL,16,div_then_fold,5.0,Trace
0.9687987610942417,0.9842757546004278,0.2691854225056977,1.9953360674643394,1,071318_SL,21,div_and_fold,5.0,Trace
1.620800931956086,1.2731068030436747,0.3481766070843748,2.5808579658436295,2,071318_SL,20,div_and_fold,5.0,Trace
1.708722964796707,1.3071813052506172,0.35749549889937304,2.6499342210664416,3,071318_SL,19,div_and_fold,5.0,Trace
2.1494430841946213,1.4660979108485972,0.4009569307401173,2.972091943012341,4,071318_SL,18,div_and_fold,5.0,Trace
2.64392273897526,1.6260143723150973,0.4446918089429754,3.2962765852266704,5,071318_SL,17,div_and_fold,5.0,Trace
3.3550389023617546,1.8316765277640468,0.5009374839473669,3.7131974679790214,6,071318_SL,16,div_and_fold,5.0,Trace
0.8132620140017697,0.9018104091225437,0.1697493084852644,0.5004005479818241,1,071318_SL,21,fold_then_div,5.0,Trace
1.3362469846310034,1.1559614979016402,0.21758860057439158,0.641425028081782,2,071318_SL,20,fold_then_div,5.0,Trace
1.45102232773176,1.2045838815673071,0.22674087462297227,0.6684048313579006,3,071318_SL,19,fold_then_div,5.0,Trace
1.4551793441856662,1.206308146447526,0.2270654359366384,0.6693615990800285,4,071318_SL,18,fold_then_div,5.0,Trace
1.9989941655637673,1.4138579014751684,0.26613287964302484,0.7845277250181609,5,071318_SL,17,fold_then_div,5.0,Trace
2.73951312431458,1.655147463011855,0.3115512245647893,0.9184155440030103,6,071318_SL,16,fold_then_div,5.0,Trace
0.8208115844126128,0.9059865255138251,0.17788477536068326,0.3464807484035418,1,071318_SL,21,fold_growth,5.0,Trace
1.624061588835644,1.2743867501020418,0.2502178502444776,0.4873698035194177,2,071318_SL,20,fold_growth,5.0,Trace
2.3627449544315398,1.537122296511094,0.30180432789737005,0.5878490117509012,3,071318_SL,19,fold_growth,5.0,Trace
2.8658372304366315,1.6928783861921777,0.33238605979262575,0.6474155560662311,4,071318_SL,18,fold_growth,5.0,Trace
3.3701791970622805,1.8358047818497152,0.3604487616857183,0.7020755792999748,5,071318_SL,17,fold_growth,5.0,Trace
4.325533235980178,2.079791632827716,0.40835405051169427,0.7953846345086455,6,071318_SL,16,fold_growth,5.0,Trace
0.9802198616683695,0.9900605343454356,0.18617877937936897,-0.8396802543231252,1,071318_SL,21,division_ratio,5.0,Trace
2.6014426789842378,1.6128988433823859,0.3033021997204034,-1.367915661747072,2,071318_SL,20,division_ratio,5.0,Trace
4.232045702126294,2.0571936472112426,0.386850893352698,-1.7447265343470029,3,071318_SL,19,division_ratio,5.0,Trace
5.154949395494683,2.2704513638249737,0.42695355374065663,-1.9255925395160454,4,071318_SL,18,division_ratio,5.0,Trace
5.6764128321398015,2.38252236760535,0.4480282678251301,-2.020641080178026,5,071318_SL,17,division_ratio,5.0,Trace
5.306533963595373,2.3035915357535446,0.4331854926414057,-1.9536990512170618,6,071318_SL,16,division_ratio,5.0,Trace
0.8147332583823182,0.9026257576550307,0.1368426278923439,-1.1542229945461802,1,071318_SL,21,added_length,5.0,Trace
1.9590271309117093,1.3996525036278502,0.21219439519444108,-1.7897906085224062,2,071318_SL,20,added_length,5.0,Trace
3.1358591629189654,1.7708357244304074,0.2684676479056479,-2.2644371660869225,3,071318_SL,19,added_length,5.0,Trace
4.817951699820967,2.1949833028569867,0.33277056498266055,-2.8068113271931687,4,071318_SL,18,added_length,5.0,Trace
6.941016789517326,2.634580951407135,0.3994157907949377,-3.368942099555782,5,071318_SL,17,added_length,5.0,Trace
8.89920409046253,2.9831533803112653,0.45226113315031113,-3.814675349791396,6,071318_SL,16,added_length,5.0,Trace
0.7236154649947748,0.8506559028154538,0.16573688012296808,0.4596853090203092,1,071318_SL,21,generationtime,5.0,Trace
1.490151515151512,1.2207176230199643,0.23783756708303994,0.659662686060509,2,071318_SL,20,generationtime,5.0,Trace
1.9641423307484942,1.4014786230080336,0.2730559956941559,0.7573439880573782,3,071318_SL,19,generationtime,5.0,Trace
2.8530709392778215,1.689103590451995,0.32909518215234274,0.912773429743293,4,071318_SL,18,generationtime,5.0,Trace
3.887884934538053,1.9717720290485037,0.3841686671739117,1.06552441650123,5,071318_SL,17,generationtime,5.0,Trace
5.023097352838693,2.241226751767588,0.4366676681566263,1.211134853189137,6,071318_SL,16,generationtime,5.0,Trace
0.9999959566626554,0.9999979783292842,0.12557427522793044,-0.2288542777290423,1,071318_SL,21,length_birth,5.0,Trace
3.490682732092945,1.868336889346497,0.23461552507662897,-0.42757775378734175,2,071318_SL,20,length_birth,5.0,Trace
7.239576043603982,2.6906460271845463,0.3378766078338535,-0.6157670980541463,3,071318_SL,19,length_birth,5.0,Trace
12.077158903294672,3.4752206985017042,0.43639920272694227,-0.7953207307812564,4,071318_SL,18,length_birth,5.0,Trace
17.41222132306507,4.172795384758887,0.5239968154645673,-0.9549640045128387,5,071318_SL,17,length_birth,5.0,Trace
22.787598188215284,4.7736357410484604,0.5994470602688725,-1.0924691682721124,6,071318_SL,16,length_birth,5.0,Trace
0.9184274657236925,0.9583462139142057,0.1055482764119475,-0.281796801445185,1,071318_SL,21,length_final,5.0,Trace
3.330231699693468,1.8248922433101271,0.20098606132351216,-0.5366002282688199,2,071318_SL,20,length_final,5.0,Trace
6.869976231451614,2.6210639502788964,0.28867311030269743,-0.7707104456072876,3,071318_SL,19,length_final,5.0,Trace
11.827827610037282,3.439160887489459,0.37877491318642886,-1.011267664732147,4,071318_SL,18,length_final,5.0,Trace
17.71966549816389,4.209473304127714,0.4636139272028901,-1.237774090041199,5,071318_SL,17,length_final,5.0,Trace
23.08322250303627,4.804500234471456,0.529147724910465,-1.4127387148397526,6,071318_SL,16,length_final,5.0,Trace
0.9070055441083152,0.952368386764447,0.20221897932470403,1.225336846360782,1,071318_SL,21,growth_rate,5.0,Trace
2.434804500223032,1.5603860100061882,0.33132102102633365,2.007624884633396,2,071318_SL,20,growth_rate,5.0,Trace
4.344883609680837,2.0844384398875486,0.44259450401464556,2.681881570053336,3,071318_SL,19,growth_rate,5.0,Trace
5.859006736954146,2.4205385220967144,0.513959551951812,3.1143148810696113,4,071318_SL,18,growth_rate,5.0,Trace
6.461927652153212,2.5420321894408047,0.5397566339908377,3.2706311440463605,5,071318_SL,17,growth_rate,5.0,Trace
6.046869308729082,2.45903828939874,0.5221343126392222,3.1638494772480503,6,071318_SL,16,growth_rate,5.0,Trace
0.8462412678564851,0.9199137284857125,0.17427887069562262,1.9097165622416332,1,071318_SL,21,div_then_fold,0.0,Artificial
1.5344602820749633,1.2387333377587622,0.2346796667041689,2.5715776361038496,2,071318_SL,20,div_then_fold,0.0,Artificial
2.230353871960262,1.4934369327026373,0.2829335991267279,3.1003355605317133,3,071318_SL,19,div_then_fold,0.0,Artificial
2.838344591437642,1.6847387309127912,0.31917597742995085,3.4974730323573793,4,071318_SL,18,div_then_fold,0.0,Artificial
2.61121104852085,1.6159242087798704,0.30613897533571516,3.354615905030549,5,071318_SL,17,div_then_fold,0.0,Artificial
3.3463847269045273,1.8293126378245266,0.34656569501804163,3.7976046381241577,6,071318_SL,16,div_then_fold,0.0,Artificial
0.8241581954936404,0.9078315898302066,0.16417846368560493,-0.6992327065434724,1,071318_SL,21,div_and_fold,0.0,Artificial
1.8537070262937674,1.3615090988655814,0.24622460228282084,-1.0486655265668834,2,071318_SL,20,div_and_fold,0.0,Artificial
2.8799678813912744,1.6970468117854836,0.3069055334520857,-1.3071043667445765,3,071318_SL,19,div_and_fold,0.0,Artificial
3.0048775777605212,1.7334582711333206,0.3134904303902908,-1.3351493076281027,4,071318_SL,18,div_and_fold,0.0,Artificial
2.80389308594336,1.6744829309202767,0.3028249271626223,-1.2897251483253829,5,071318_SL,17,div_and_fold,0.0,Artificial
2.3210198088235594,1.523489353039121,0.2755182175034471,-1.1734264324454144,6,071318_SL,16,div_and_fold,0.0,Artificial
0.680571682649891,0.8249676858216272,0.28523372576497935,0.8584789218166102,1,071318_SL,21,fold_then_div,0.0,Artificial
1.2215679599577074,1.1052456559325206,0.3821402240903709,1.150142139328105,2,071318_SL,20,fold_then_div,0.0,Artificial
0.983438991940295,0.9916849257401743,0.3428764435447192,1.0319684279309882,3,071318_SL,19,fold_then_div,0.0,Artificial
1.3890929569984523,1.1785978775640369,0.40750185682906187,1.2264740214385672,4,071318_SL,18,fold_then_div,0.0,Artificial
1.7044943989501595,1.3055628667169419,0.4514001785696586,1.3585964898330571,5,071318_SL,17,fold_then_div,0.0,Artificial
1.335911345088974,1.155816311136408,0.3996250985237432,1.2027670388255378,6,071318_SL,16,fold_then_div,0.0,Artificial
0.9650162784901397,0.9823524207178093,0.2466589280234361,-1.3651321498386908,1,071318_SL,21,fold_growth,0.0,Artificial
1.2643553093836073,1.1244355514584228,0.28233458981198767,-1.5625788559627685,2,071318_SL,20,fold_growth,0.0,Artificial
1.4779955091951715,1.2157283862751465,0.3052573131617805,-1.6894445115359051,3,071318_SL,19,fold_growth,0.0,Artificial
1.5085506644270552,1.228230704886934,0.3083965210891531,-1.7068184363357306,4,071318_SL,18,fold_growth,0.0,Artificial
1.9070297413655255,1.3809524761430154,0.3467434397604989,-1.9190491954045035,5,071318_SL,17,fold_growth,0.0,Artificial
1.8494895888925182,1.3599594070752694,0.34147228879373226,-1.8898760464370246,6,071318_SL,16,fold_growth,0.0,Artificial
1.0350222590962863,1.017360437158968,0.24553210865208766,0.7009193176315918,1,071318_SL,21,division_ratio,0.0,Artificial
0.979419618728995,0.9896563134386578,0.2388459316916372,0.6818323207479231,2,071318_SL,20,division_ratio,0.0,Artificial
2.0557400575958003,1.43378522017623,0.34603302389776275,0.9878187920916304,3,071318_SL,19,division_ratio,0.0,Artificial
3.323793802939096,1.8231274785212075,0.4399977803274162,1.2560595257360259,4,071318_SL,18,division_ratio,0.0,Artificial
4.42340005471959,2.1031880692699807,0.5075882476635771,1.449009704446836,5,071318_SL,17,division_ratio,0.0,Artificial
4.269586923290023,2.0662978786443214,0.4986850841808396,1.4235938869094018,6,071318_SL,16,division_ratio,0.0,Artificial
0.9716450624580089,0.9857205803157448,0.28743466365605685,-1.4794541591522419,1,071318_SL,21,added_length,0.0,Artificial
1.0226150402067202,1.0112443029291784,0.29487734342874944,-1.5177623555433497,2,071318_SL,20,added_length,0.0,Artificial
1.2478039504851417,1.1170514538216858,0.32573055217422553,-1.6765668206036481,3,071318_SL,19,added_length,0.0,Artificial
1.6162845311195457,1.2713317942691222,0.3707184713176466,-1.9081240143037845,4,071318_SL,18,added_length,0.0,Artificial
1.7198030869548362,1.3114126303169558,0.38240598384251684,-1.968280777566526,5,071318_SL,17,added_length,0.0,Artificial
1.8531930896998632,1.361320347934263,0.39695900050224525,-2.0431865692048317,6,071318_SL,16,added_length,0.0,Artificial
0.12182894498872988,0.34904003350436735,0.07939129322512384,-0.15286669276730244,1,071318_SL,21,generationtime,0.0,Artificial
0.2569940758450636,0.5069458312729908,0.11530793398042856,-0.2220236225077699,2,071318_SL,20,generationtime,0.0,Artificial
0.4752091864914316,0.6893541807310896,0.15679783017698498,-0.30191176838847167,3,071318_SL,19,generationtime,0.0,Artificial
0.847301193800296,0.9204896489370731,0.20937100794926455,-0.4031405995088669,4,071318_SL,18,generationtime,0.0,Artificial
1.2771074005100824,1.1300917664110657,0.2570462932221683,-0.4949386152653372,5,071318_SL,17,generationtime,0.0,Artificial
1.8813354933193343,1.3716178379269257,0.31198287735181646,-0.6007181483435866,6,071318_SL,16,generationtime,0.0,Artificial
0.9916409192191615,0.9958116886335295,0.18572993276001298,4.83509152494386,1,071318_SL,21,length_birth,0.0,Artificial
2.024047832589399,1.4226903502130739,0.26534754120629284,6.907769946317771,2,071318_SL,20,length_birth,0.0,Artificial
2.9464245405516296,1.7165152316689851,0.3201491428533974,8.334415375730815,3,071318_SL,19,length_birth,0.0,Artificial
3.686232932199093,1.9199564922672319,0.3580931960140648,9.322209680788903,4,071318_SL,18,length_birth,0.0,Artificial
3.898019108493021,1.974340170409603,0.36823635560931434,9.586265690858717,5,071318_SL,17,length_birth,0.0,Artificial
4.555054033578849,2.1342572557165758,0.39806266698952925,10.362731515358615,6,071318_SL,16,length_birth,0.0,Artificial
0.9880137212799379,0.9939887933371975,0.3134591946094129,-1.9816668970593148,1,071318_SL,21,length_final,0.0,Artificial
1.1233147350508879,1.0598654325200383,0.33423371279336495,-2.1130019342682007,2,071318_SL,20,length_final,0.0,Artificial
1.5038230399365258,1.226304627707376,0.3867211215293336,-2.4448236265114165,3,071318_SL,19,length_final,0.0,Artificial
2.2422870403631463,1.497426806345855,0.47222081762896223,-2.985346668690437,4,071318_SL,18,length_final,0.0,Artificial
1.9679826954322275,1.4028480656978601,0.4423949523179881,-2.7967896539997206,5,071318_SL,17,length_final,0.0,Artificial
2.485482334436522,1.576541256813954,0.4971699439087833,-3.143073283540194,6,071318_SL,16,length_final,0.0,Artificial
0.6215894283891613,0.78840942941416,0.2221591877634673,0.5477426169456023,1,071318_SL,21,growth_rate,0.0,Artificial
1.130555396076535,1.063275785521581,0.29961144053738864,0.7387043325055667,2,071318_SL,20,growth_rate,0.0,Artificial
1.4057883971234832,1.18565947772684,0.3340969003016351,0.8237296522684022,3,071318_SL,19,growth_rate,0.0,Artificial
1.199433946373629,1.0951867175845538,0.3086033506838122,0.7608742568941347,4,071318_SL,18,growth_rate,0.0,Artificial
0.8487110211991595,0.9212551336080356,0.2595926489075168,0.6400363553896036,5,071318_SL,17,growth_rate,0.0,Artificial
1.0366091189646593,1.018140029153485,0.2868930196259633,0.7073465425191497,6,071318_SL,16,growth_rate,0.0,Artificial
1.0958460864793942,1.0468266745165573,0.3226040310604297,0.8375685344768116,1,071318_SL,20,div_then_fold,1.0,Artificial
1.6256471173207865,1.2750086734296306,0.3929236307198284,1.0201374994030004,2,071318_SL,19,div_then_fold,1.0,Artificial
2.1972374624815396,1.4823081536851708,0.45680779568730356,1.1859983110370005,3,071318_SL,18,div_then_fold,1.0,Artificial
1.504991366982678,1.2267808960783004,0.37806111741044107,0.9815503390061924,4,071318_SL,17,div_then_fold,1.0,Artificial
1.3700776499130194,1.170503161000866,0.3607178220618431,0.9365223881142747,5,071318_SL,16,div_then_fold,1.0,Artificial
1.0394364419565258,1.0195275582133745,0.25405767093306425,0.5023458512732892,1,071318_SL,20,div_and_fold,1.0,Artificial
2.430524777801195,1.5590140402835362,0.38849315335867274,0.7681638705143629,2,071318_SL,19,div_and_fold,1.0,Artificial
3.144732658617301,1.7733394087476038,0.44190122800578874,0.8737671558823591,3,071318_SL,18,div_and_fold,1.0,Artificial
2.5550335847999426,1.598447241794343,0.39831957467760787,0.78759356127828,4,071318_SL,17,div_and_fold,1.0,Artificial
2.8436938933752947,1.6863255597230609,0.42021811052259267,0.8308933309340674,5,071318_SL,16,div_and_fold,1.0,Artificial
0.9796167314285927,0.9897558948693322,0.3028321832982651,-4.696797504252677,1,071318_SL,20,fold_then_div,1.0,Artificial
1.0762046825419198,1.0374028545082763,0.31741055852167377,-4.92290186218324,2,071318_SL,19,fold_then_div,1.0,Artificial
1.2729182384793858,1.1282367829845763,0.34520270102936546,-5.353946093170392,3,071318_SL,18,fold_then_div,1.0,Artificial
0.7520377507872782,0.8672011016986073,0.26533451767995864,-4.115224765274995,4,071318_SL,17,fold_then_div,1.0,Artificial
0.99912396446759,0.9995618862619713,0.30583248852325084,-4.743330953700584,5,071318_SL,16,fold_then_div,1.0,Artificial
0.9991255093332935,0.999562659033086,0.330962156277215,1.0618559013819764,1,071318_SL,20,fold_growth,1.0,Artificial
1.6508544145496733,1.284855795235276,0.42542470014605366,1.3649286478100118,2,071318_SL,19,fold_growth,1.0,Artificial
1.8279696772637237,1.3520242887107183,0.44766465602438604,1.4362831152256201,3,071318_SL,18,fold_growth,1.0,Artificial
1.385053185553564,1.1768828257535089,0.3896740981438667,1.2502267491367887,4,071318_SL,17,fold_growth,1.0,Artificial
1.2545080841855827,1.1200482508292144,0.3708557746520317,1.1898502152191681,5,071318_SL,16,fold_growth,1.0,Artificial
0.9610380021720109,0.9803254572701919,0.24795211334494538,0.45398604576221546,1,071318_SL,20,division_ratio,1.0,Artificial
1.9078051734899981,1.3812332074961122,0.34935305441781067,0.6396453315542071,2,071318_SL,19,division_ratio,1.0,Artificial
1.872589951568285,1.3684260855334076,0.34611377002203286,0.6337143883002871,3,071318_SL,18,division_ratio,1.0,Artificial
2.548772035939367,1.5964874055060274,0.40379694639991953,0.7393289636210062,4,071318_SL,17,division_ratio,1.0,Artificial
2.286641844413699,1.5121646221273988,0.3824693228165441,0.7002793125996755,5,071318_SL,16,division_ratio,1.0,Artificial
0.999764084396945,0.9998820352406302,0.2357998467646696,0.5870398902136396,1,071318_SL,20,added_length,1.0,Artificial
1.9545077479633033,1.398037105359977,0.3296958277041852,0.8208003743637677,2,071318_SL,19,added_length,1.0,Artificial
2.5673293361888487,1.6022887805226773,0.37786402355861026,0.9407184014284381,3,071318_SL,18,added_length,1.0,Artificial
2.1939474817661875,1.4811979887125784,0.34930746473758667,0.8696248897693593,4,071318_SL,17,added_length,1.0,Artificial
2.0173661035576242,1.4203401365720902,0.3349554995023072,0.8338946880255182,5,071318_SL,16,added_length,1.0,Artificial
0.9976946905842518,0.9988466802188671,0.3050347916767805,1.2404748194855821,1,071318_SL,20,generationtime,1.0,Artificial
1.4560228104300075,1.2066577022627452,0.3684975763790365,1.498556810608092,2,071318_SL,19,generationtime,1.0,Artificial
1.226856854693467,1.107635704865759,0.3382575456059555,1.3755806854642283,3,071318_SL,18,generationtime,1.0,Artificial
0.9308110536196373,0.9647854961698157,0.2946329488450155,1.1981739919697376,4,071318_SL,17,generationtime,1.0,Artificial
1.1848029680858787,1.0884865493362235,0.3324096424358131,1.3517992125723155,5,071318_SL,16,generationtime,1.0,Artificial
0.9999799008903059,0.9999899503946557,0.2672680790821461,0.8403892399497177,1,071318_SL,20,length_birth,1.0,Artificial
1.3370394595484958,1.1563042244792223,0.30904631470462834,0.9717553941189436,2,071318_SL,19,length_birth,1.0,Artificial
1.461920293868606,1.209098959501912,0.32315680392464136,1.016123967244658,3,071318_SL,18,length_birth,1.0,Artificial
2.466827636542661,1.5706137770128787,0.4197791457769331,1.3199401831963278,4,071318_SL,17,length_birth,1.0,Artificial
3.0386801439003994,1.743181041630616,0.46590133061353134,1.4649653129939493,5,071318_SL,16,length_birth,1.0,Artificial
0.9999664018421951,0.9999832007799907,0.24671246194883314,0.5919917967944117,1,071318_SL,20,length_final,1.0,Artificial
1.62407141145759,1.2743906039584527,0.3144133252856756,0.7544414574833084,2,071318_SL,19,length_final,1.0,Artificial
2.033045446769281,1.4258490266396653,0.3517806333698742,0.8441051075453911,3,071318_SL,18,length_final,1.0,Artificial
2.6008176723311074,1.6127050791546194,0.39788112456817315,0.9547242161303722,4,071318_SL,17,length_final,1.0,Artificial
2.928233789273272,1.7112082834281956,0.42218350086532214,1.0130382846491601,5,071318_SL,16,length_final,1.0,Artificial
0.9999511356534123,0.9999755675282334,0.2605859481272917,2.876987444358189,1,071318_SL,20,growth_rate,1.0,Artificial
2.0709407410691476,1.4390763499790926,0.37501223756277047,4.14030574826596,2,071318_SL,19,growth_rate,1.0,Artificial
2.0796169247573513,1.442087696625053,0.37579697135663426,4.1489695664354915,3,071318_SL,18,growth_rate,1.0,Artificial
1.9687935922982125,1.403137053996584,0.3656467332217207,4.036906318661566,4,071318_SL,17,growth_rate,1.0,Artificial
2.325837101088135,1.5250695397548713,0.3974214019642584,4.387713120324819,5,071318_SL,16,growth_rate,1.0,Artificial
0.9903151217056463,0.9951457791226601,0.19178604099367702,0.42123934737903174,1,071318_SL,21,div_then_fold,4.0,Artificial
2.055917497265031,1.4338470968917958,0.2763332406892113,0.6069390314537747,2,071318_SL,20,div_then_fold,4.0,Artificial
3.562966148989805,1.8875820906624974,0.36377775378586746,0.7990023820389566,3,071318_SL,19,div_then_fold,4.0,Artificial
4.6698326722252785,2.1609795631206876,0.41646733953345594,0.9147299219526537,4,071318_SL,18,div_then_fold,4.0,Artificial
6.332420868732417,2.5164301835601193,0.48497033546931284,1.0651900761537625,5,071318_SL,17,div_then_fold,4.0,Artificial
6.880870805085261,2.62314140013177,0.5055358869545824,1.1103603056514892,6,071318_SL,16,div_then_fold,4.0,Artificial
0.9796677073882771,0.9897816463181549,0.31071190394869835,0.6318264856163989,1,071318_SL,21,div_and_fold,4.0,Artificial
1.3829158195907056,1.175974412812926,0.369161471279299,0.7506825199136558,2,071318_SL,20,div_and_fold,4.0,Artificial
2.1633463486604225,1.470831856012244,0.46172301544482536,0.9389045816052082,3,071318_SL,19,div_and_fold,4.0,Artificial
2.5502287525170377,1.5969435658522932,0.501311958743974,1.0194079115262207,4,071318_SL,18,div_and_fold,4.0,Artificial
3.4146482178426276,1.8478766782019378,0.5800847925219695,1.1795909045029342,5,071318_SL,17,div_and_fold,4.0,Artificial
3.0250701877975255,1.7392728905486698,0.5459919299564616,1.1102637455958704,6,071318_SL,16,div_and_fold,4.0,Artificial
0.9792554546336306,0.9895733700103447,0.1859044857590496,0.7943355512768343,1,071318_SL,21,fold_then_div,4.0,Artificial
1.9875268429213993,1.4097967381581642,0.264849020370606,1.1316509751888753,2,071318_SL,20,fold_then_div,4.0,Artificial
3.3449238814377695,1.8289133061569018,0.3435856278907624,1.4680779650209195,3,071318_SL,19,fold_then_div,4.0,Artificial
3.713335487365208,1.9270016832803256,0.3620128308255779,1.5468140016579708,4,071318_SL,18,fold_then_div,4.0,Artificial
4.379752267540645,2.0927857672348225,0.3931575703755858,1.6798897247036946,5,071318_SL,17,fold_then_div,4.0,Artificial
3.877019787920553,1.9690149283132805,0.3699055762749009,1.5805382460298987,6,071318_SL,16,fold_then_div,4.0,Artificial
0.9955622646702741,0.9977786651709256,0.2318775874027989,0.541040612475686,1,071318_SL,21,fold_growth,4.0,Artificial
1.8483662959187783,1.3595463566641552,0.31595016024074385,0.737207377923494,2,071318_SL,20,fold_growth,4.0,Artificial
3.2105971320633064,1.7918139222763356,0.4164064675616294,0.9716023561044754,3,071318_SL,19,fold_growth,4.0,Artificial
3.9381535512174732,1.9844781558932498,0.46118044322310164,1.0760735966680297,4,071318_SL,18,fold_growth,4.0,Artificial
5.2729673027097865,2.2962942543824356,0.5336445749537996,1.245154354550809,5,071318_SL,17,fold_growth,4.0,Artificial
5.451008498914934,2.334739492730385,0.5425790104417751,1.2660010974494307,6,071318_SL,16,fold_growth,4.0,Artificial
0.979463545978817,0.9896785063740735,0.18794568965411337,-0.83352339084832,1,071318_SL,21,division_ratio,4.0,Artificial
2.2374768416145905,1.495819789150615,0.28406485546521676,-1.2598038400558942,2,071318_SL,20,division_ratio,4.0,Artificial
3.1071733979083667,1.7627176171776258,0.3347503013273313,-1.484589546923655,3,071318_SL,19,division_ratio,4.0,Artificial
4.3354937950895005,2.0821848609308207,0.3954189841999878,-1.7536500737140401,4,071318_SL,18,division_ratio,4.0,Artificial
5.625956066781808,2.3719097931375486,0.45043942956975214,-1.9976611402885962,5,071318_SL,17,division_ratio,4.0,Artificial
6.42574302326442,2.534904933772551,0.4813931523389276,-2.1349383080141466,6,071318_SL,16,division_ratio,4.0,Artificial
0.9849457405274769,0.9924443261601513,0.2534282314518185,0.854394656982293,1,071318_SL,21,added_length,4.0,Artificial
1.3082496226615035,1.1437874027377217,0.2920748408671072,0.9846858104411842,2,071318_SL,20,added_length,4.0,Artificial
1.7615536852393254,1.3272353541250042,0.33891967503872794,1.1426160291629432,3,071318_SL,19,added_length,4.0,Artificial
1.2342336340433524,1.1109606806918741,0.2836922869110306,0.956425307375253,4,071318_SL,18,added_length,4.0,Artificial
1.6257575311840091,1.2750519719540883,0.3255942502202727,1.097691390334487,5,071318_SL,17,added_length,4.0,Artificial
1.9627711326484043,1.4009893406619496,0.3577533182748152,1.2061107868710361,6,071318_SL,16,added_length,4.0,Artificial
0.9971919971919967,0.998595011599796,0.18798920631504912,0.6999598107475268,1,071318_SL,21,generationtime,4.0,Artificial
2.3338452088452093,1.52769277305524,0.28759381787798,1.0708280452903562,2,071318_SL,20,generationtime,4.0,Artificial
3.7163455321350054,1.9277825427508688,0.36291219758764626,1.3512688208050725,3,071318_SL,19,generationtime,4.0,Artificial
5.053286240786242,2.2479515654893993,0.4231852009294682,1.5756895779288789,4,071318_SL,18,generationtime,4.0,Artificial
5.594431998843765,2.3652551656943412,0.44526803775948287,1.657912906551274,5,071318_SL,17,generationtime,4.0,Artificial
5.537757217444721,2.3532439774585043,0.4430068871257157,1.6494937286595879,6,071318_SL,16,generationtime,4.0,Artificial
0.9934352490965472,0.9967122197989484,0.19126142030865692,-0.707051941018953,1,071318_SL,21,length_birth,4.0,Artificial
2.746370683243107,1.6572177537195005,0.31800735963791993,-1.1756041575318492,2,071318_SL,20,length_birth,4.0,Artificial
4.750794999735401,2.179631849587311,0.41825461253614876,-1.546196484144946,3,071318_SL,19,length_birth,4.0,Artificial
6.587701971196848,2.5666518991084177,0.492520787755978,-1.820742408024908,4,071318_SL,18,length_birth,4.0,Artificial
8.049915865496365,2.8372373650254157,0.544444060590542,-2.012691473249294,5,071318_SL,17,length_birth,4.0,Artificial
7.7532899451996276,2.7844730103198394,0.5343189861485993,-1.9752612715620752,6,071318_SL,16,length_birth,4.0,Artificial
0.9721212833251466,0.985962110491649,0.27212941511692296,5.56000269513372,1,071318_SL,21,length_final,4.0,Artificial
1.7794916133376415,1.3339758668497874,0.36818257878581806,7.522509573141431,2,071318_SL,20,length_final,4.0,Artificial
2.3672446714968083,1.5385852824906419,0.4246555811591001,8.67633576007838,3,071318_SL,19,length_final,4.0,Artificial
2.2193836475289683,1.4897595938704231,0.41117949932439796,8.400999662036227,4,071318_SL,18,length_final,4.0,Artificial
2.3035321525128953,1.5177391582590518,0.4189019689926361,8.558781032896281,5,071318_SL,17,length_final,4.0,Artificial
2.2600034210009867,1.5033307756448635,0.4149251987984704,8.477529790769484,6,071318_SL,16,length_final,4.0,Artificial
0.9727193489939369,0.9862653542500298,0.21909815595136994,1.465591873109377,1,071318_SL,21,growth_rate,4.0,Artificial
1.5357699695819875,1.239261864813885,0.27530115313443787,1.8415450871299288,2,071318_SL,20,growth_rate,4.0,Artificial
2.0322317512497574,1.4255636608898803,0.31668796632298146,2.118389850152437,3,071318_SL,19,growth_rate,4.0,Artificial
2.246769000139751,1.498922613125758,0.3329846060540074,2.227401368962683,4,071318_SL,18,growth_rate,4.0,Artificial
2.425137953434705,1.5572854437882302,0.3459498679068617,2.314128627445387,5,071318_SL,17,growth_rate,4.0,Artificial
2.092081724020766,1.4464030295947137,0.32131741744862874,2.1493571849401,6,071318_SL,16,growth_rate,4.0,Artificial
1.0369364199520001,1.0183007512282412,0.21890163402631807,-7.309584701006363,1,071318_SL,21,div_then_fold,1.0,Shuffled
1.0059322685901622,1.00296174831853,0.21560424590476338,-7.199477995436051,2,071318_SL,20,div_then_fold,1.0,Shuffled
1.7787936095536105,1.333714215847462,0.28670529882355056,-9.573691285128195,3,071318_SL,19,div_then_fold,1.0,Shuffled
1.6143209163021432,1.2705592927140958,0.27312903871176586,-9.120351484119432,4,071318_SL,18,div_then_fold,1.0,Shuffled
2.398137205735742,1.548592007513839,0.33289705470215725,-11.116130900002382,5,071318_SL,17,div_then_fold,1.0,Shuffled
3.253125875524731,1.8036423912529698,0.3877246149216638,-12.946938135209347,6,071318_SL,16,div_then_fold,1.0,Shuffled
0.9999933200527795,0.999996660020812,0.21724529500352946,-14.86445975211516,1,071318_SL,21,div_and_fold,1.0,Shuffled
1.9763541629372512,1.4058286392506205,0.30541067752371814,-20.896953021899858,2,071318_SL,20,div_and_fold,1.0,Shuffled
2.434417608901056,1.5602620321282756,0.33896071757425583,-23.192529641890484,3,071318_SL,19,div_and_fold,1.0,Shuffled
2.4733711641646736,1.5726955090432075,0.3416618409562557,-23.37734717635806,4,071318_SL,18,div_and_fold,1.0,Shuffled
2.5820093768331835,1.6068632103676976,0.34908463810207496,-23.8852332938473,5,071318_SL,17,div_and_fold,1.0,Shuffled
2.980260203931517,1.7263430145633043,0.37504115010572336,-25.661241966335496,6,071318_SL,16,div_and_fold,1.0,Shuffled
1.029083197032383,1.014437379552027,0.2374161758466763,1.0942339664308738,1,071318_SL,21,fold_then_div,1.0,Shuffled
1.166744981538592,1.0801597018675488,0.2527976500967718,1.1651260676881436,2,071318_SL,20,fold_then_div,1.0,Shuffled
2.152485692789487,1.46713519921972,0.34336434704586244,1.5825414172351182,3,071318_SL,19,fold_then_div,1.0,Shuffled
2.017372724960252,1.420342467491644,0.33241310289000825,1.5320679257500558,4,071318_SL,18,fold_then_div,1.0,Shuffled
2.3278660878274113,1.5257346059611454,0.35707879343345206,1.6457503077607039,5,071318_SL,17,fold_then_div,1.0,Shuffled
2.505417280201188,1.5828509974729739,0.37044615895471084,1.707359527700732,6,071318_SL,16,fold_then_div,1.0,Shuffled
0.969646407671353,0.984706254510122,0.25582636201216363,-53.33143310116905,1,071318_SL,21,fold_growth,1.0,Shuffled
2.0418429233645177,1.4289306922886489,0.371235725274831,-77.39051242231741,2,071318_SL,20,fold_growth,1.0,Shuffled
2.026777658864535,1.4236494157146045,0.3698636513527556,-77.10447986488481,3,071318_SL,19,fold_growth,1.0,Shuffled
2.0604481990981385,1.435426138503176,0.3729232400713475,-77.74230408979761,4,071318_SL,18,fold_growth,1.0,Shuffled
2.366027897983329,1.5381898120789024,0.3996212087675678,-83.30795776309607,5,071318_SL,17,fold_growth,1.0,Shuffled
2.2038024735930457,1.4845209576132785,0.38567805797674515,-80.40126664740521,6,071318_SL,16,fold_growth,1.0,Shuffled
0.9229247526433377,0.9606897275620978,0.36680964821975015,1.6642372860529295,1,071318_SL,21,division_ratio,1.0,Shuffled
1.2080610896599784,1.0991183237759157,0.41966432462979036,1.9040421103010474,2,071318_SL,20,division_ratio,1.0,Shuffled
0.8847484449716194,0.9406106766200453,0.3591430838740159,1.6294536256393648,3,071318_SL,19,division_ratio,1.0,Shuffled
1.108230250851489,1.0527251544688618,0.4019505283591628,1.823673558453516,4,071318_SL,18,division_ratio,1.0,Shuffled
1.0586966870218117,1.0289298746862254,0.39286503701274345,1.7824521414755092,5,071318_SL,17,division_ratio,1.0,Shuffled
1.0156580729253002,1.0077986271697834,0.3847967239605988,1.7458457231817286,6,071318_SL,16,division_ratio,1.0,Shuffled
0.9929079502373503,0.996447665578755,0.21366525121817787,1.548316025791583,1,071318_SL,21,added_length,1.0,Shuffled
2.366288817942629,1.538274623707558,0.329847562768008,2.390226134527169,2,071318_SL,20,added_length,1.0,Shuffled
2.7053552873972335,1.6447964273420688,0.3526887100956619,2.5557435233081875,3,071318_SL,19,added_length,1.0,Shuffled
2.8367749443620163,1.6842728236132103,0.36115351403653195,2.617083359908243,4,071318_SL,18,added_length,1.0,Shuffled
2.952752958719555,1.7183576341144922,0.36846221659067,2.670045557681622,5,071318_SL,17,added_length,1.0,Shuffled
2.664690829603372,1.6323880756742166,0.35002802487565565,2.536462982638915,6,071318_SL,16,added_length,1.0,Shuffled
0.9955747377622379,0.9977849155816287,0.2630160598990491,-4.531969032106578,1,071318_SL,21,generationtime,1.0,Shuffled
1.372503277972029,1.1715388503895332,0.3088175894786898,-5.321164618709598,2,071318_SL,20,generationtime,1.0,Shuffled
1.2588188949208692,1.1219709866662637,0.29575150277952605,-5.09602589404709,3,071318_SL,19,generationtime,1.0,Shuffled
1.1152935606060614,1.0560745999246746,0.27838121813030015,-4.796722527783513,4,071318_SL,18,generationtime,1.0,Shuffled
1.3611586024269862,1.1666870199102184,0.3075386471775591,-5.2991274590593465,5,071318_SL,17,generationtime,1.0,Shuffled
1.469033407998252,1.2120368839264968,0.3194928693393226,-5.505107902462035,6,071318_SL,16,generationtime,1.0,Shuffled
0.9424648728893698,0.9708063003964126,0.2975799100066029,0.8053484579923993,1,071318_SL,21,length_birth,1.0,Shuffled
1.559979361253283,1.248991337541331,0.3828515839594456,1.0361214665830287,2,071318_SL,20,length_birth,1.0,Shuffled
1.3598863841155104,1.1661416655430465,0.35745578880725215,0.9673921479107566,3,071318_SL,19,length_birth,1.0,Shuffled
1.3879666379876898,1.1781199590821343,0.3611274785273733,0.9773289398610618,4,071318_SL,18,length_birth,1.0,Shuffled
1.833054963136461,1.3539036018625776,0.41501019496408925,1.1231531744130112,5,071318_SL,17,length_birth,1.0,Shuffled
2.3287909150865254,1.5260376519229548,0.4677742068015926,1.2659498288305866,6,071318_SL,16,length_birth,1.0,Shuffled
0.9799817239177111,0.9899402628026154,0.17924436572268362,0.4689026616749931,1,071318_SL,21,length_final,1.0,Shuffled
2.3015021082844274,1.5170702384149612,0.27468959780623614,0.7185870698164842,2,071318_SL,20,length_final,1.0,Shuffled
2.9454627050117668,1.7162350378114783,0.3107515396056802,0.81292498904062,3,071318_SL,19,length_final,1.0,Shuffled
3.3779731331122766,1.8379263132977548,0.3327856726823254,0.8705662075284849,4,071318_SL,18,length_final,1.0,Shuffled
3.316886477868501,1.8212321317911402,0.32976292667647966,0.8626587140795616,5,071318_SL,17,length_final,1.0,Shuffled
3.231244573746838,1.7975662918921342,0.32547785148418223,0.8514489716977319,6,071318_SL,16,length_final,1.0,Shuffled
0.959435966993418,0.9795080229346863,0.19865907526892604,-0.8279723868989242,1,071318_SL,21,growth_rate,1.0,Shuffled
1.6708831045862804,1.292626436595771,0.2621642360752831,-1.0926495455037393,2,071318_SL,20,growth_rate,1.0,Shuffled
1.509378099428212,1.2285674989304463,0.2491721124567594,-1.0385009012056978,3,071318_SL,19,growth_rate,1.0,Shuffled
1.9614245716129441,1.4005086831622802,0.2840443910500485,-1.18384177578897,4,071318_SL,18,growth_rate,1.0,Shuffled
2.4218970984764745,1.5562445497017732,0.3156299855613081,-1.315484390372306,5,071318_SL,17,growth_rate,1.0,Shuffled
2.93705561446367,1.7137840046119202,0.34758137513446663,-1.4486515676271752,6,071318_SL,16,growth_rate,1.0,Shuffled
0.928009161434232,0.963332321389785,0.2806683177794231,-0.5836263703929134,1,071318_SL,20,div_then_fold,2.0,Shuffled
1.6279442468764167,1.2759091844157313,0.37173805599363996,-0.7729982994624682,2,071318_SL,19,div_then_fold,2.0,Shuffled
2.630268003297906,1.6218101008742996,0.47251680719418754,-0.9825593116965972,3,071318_SL,18,div_then_fold,2.0,Shuffled
3.442616659312865,1.855428969083124,0.540582015104068,-1.1240952376492448,4,071318_SL,17,div_then_fold,2.0,Shuffled
4.122082544229504,2.030291246158911,0.5915284019948722,-1.230034002312668,5,071318_SL,16,div_then_fold,2.0,Shuffled
0.9294654847497985,0.9640879030201543,0.27384049950158734,-0.9402413802403197,1,071318_SL,20,div_and_fold,2.0,Shuffled
1.4055075738621972,1.1855410468904892,0.3367422736486089,-1.1562169245853138,2,071318_SL,19,div_and_fold,2.0,Shuffled
1.3781975073478487,1.173966569944753,0.33345464755314513,-1.144928740027737,3,071318_SL,18,div_and_fold,2.0,Shuffled
1.9512297410649588,1.3968642529125581,0.39676673004109875,-1.362313093082561,4,071318_SL,17,div_and_fold,2.0,Shuffled
2.635138802321,1.623311061479284,0.4610869097406839,-1.5831587848195965,5,071318_SL,16,div_and_fold,2.0,Shuffled
0.9651226695577706,0.9824065703962747,0.1964191658428987,1.2973185944715808,1,071318_SL,20,fold_then_div,2.0,Shuffled
1.187436143381761,1.0896954360653994,0.2178701517523881,1.4389990805417978,2,071318_SL,19,fold_then_div,2.0,Shuffled
1.4414224950041263,1.2005925599486806,0.2400425610418988,1.5854444578657367,3,071318_SL,18,fold_then_div,2.0,Shuffled
1.6916210697102918,1.3006233389072686,0.26004238876468755,1.7175402657247034,4,071318_SL,17,fold_then_div,2.0,Shuffled
2.811529767087891,1.6767616906071927,0.33524626413435304,2.2142503778704,5,071318_SL,16,fold_then_div,2.0,Shuffled
0.99955974555984,0.9997798485465887,0.1992408774356956,-1.9280758409506478,1,071318_SL,20,fold_growth,2.0,Shuffled
1.2308399704287796,1.109432273926074,0.2210929336431905,-2.1395405874977746,2,071318_SL,19,fold_growth,2.0,Shuffled
1.468941349269461,1.2119989064638057,0.2415328993938004,-2.337340379693174,3,071318_SL,18,fold_growth,2.0,Shuffled
1.5902815577538558,1.26106366126134,0.2513107568003477,-2.43196177909907,4,071318_SL,17,fold_growth,2.0,Shuffled
1.8291646218766857,1.3524661259627486,0.2695258741518005,-2.6082314691216513,5,071318_SL,16,fold_growth,2.0,Shuffled
1.0460036145994682,1.0227431811552048,0.3100941626390584,-1.21516062153761,1,071318_SL,20,division_ratio,2.0,Shuffled
1.2158545932553646,1.1026579674837365,0.33432420318651496,-1.3101104615505617,2,071318_SL,19,division_ratio,2.0,Shuffled
1.1647483727595684,1.0792350868830982,0.32722242174198307,-1.282280833670057,3,071318_SL,18,division_ratio,2.0,Shuffled
1.346324490336486,1.1603122382947126,0.3518048895984267,-1.3786117244715528,4,071318_SL,17,division_ratio,2.0,Shuffled
1.6904864381041962,1.3001870781176823,0.39421472632809734,-1.544802416747564,5,071318_SL,16,division_ratio,2.0,Shuffled
0.9753486484279378,0.9875974121209198,0.16849787301008068,-0.5978648410193613,1,071318_SL,20,added_length,2.0,Shuffled
1.455499429754065,1.206440810713093,0.20583560469356912,-0.7303467330349175,2,071318_SL,19,added_length,2.0,Shuffled
1.915223061643575,1.3839158434108538,0.23611531700847524,-0.8377853319077964,3,071318_SL,18,added_length,2.0,Shuffled
2.4607298769943853,1.568671373167237,0.2676371835187832,-0.9496313473687233,4,071318_SL,17,added_length,2.0,Shuffled
3.0037603168664573,1.733135977604313,0.29569713557311134,-1.0491937838213672,5,071318_SL,16,added_length,2.0,Shuffled
0.9994759939739307,0.9997379626551803,0.31502233870215224,1.6276154166277863,1,071318_SL,20,generationtime,2.0,Shuffled
1.453634085213031,1.205667485342883,0.3799117419939958,1.9628773336356446,2,071318_SL,19,generationtime,2.0,Shuffled
1.75869522499508,1.3261580693850488,0.4178789163881156,2.1590410680052634,3,071318_SL,18,generationtime,2.0,Shuffled
1.62977433064008,1.276626151478999,0.4022711659554668,2.0784010241032447,4,071318_SL,17,generationtime,2.0,Shuffled
2.1378627104211407,1.46214319080627,0.4607284955568769,2.3804305603771967,5,071318_SL,16,generationtime,2.0,Shuffled
0.9497502779987592,0.9745513213775656,0.21332073628137582,-0.5457042238845242,1,071318_SL,20,length_birth,2.0,Shuffled
1.3845611755051201,1.1766737761610566,0.25756356878040315,-0.6588835659035241,2,071318_SL,19,length_birth,2.0,Shuffled
1.9979544136021241,1.413490153344594,0.3094005965860515,-0.7914899196986358,3,071318_SL,18,length_birth,2.0,Shuffled
2.734566332631165,1.653652421953043,0.36197001067718637,-0.9259698198562442,4,071318_SL,17,length_birth,2.0,Shuffled
3.8976599823436753,1.9742492199172006,0.4321458377382936,-1.1054893823207372,5,071318_SL,16,length_birth,2.0,Shuffled
0.8977205477787834,0.9474811595904076,0.1394329120111655,-0.3152726930318857,1,071318_SL,20,length_final,2.0,Shuffled
1.8918549230651596,1.3754471720372103,0.20241310613245084,-0.457677632596646,2,071318_SL,19,length_final,2.0,Shuffled
3.079994548158226,1.7549913242401587,0.25826745831961584,-0.5839702831452395,3,071318_SL,18,length_final,2.0,Shuffled
4.863635635829688,2.20536519330239,0.324545230095288,-0.7338313976731754,4,071318_SL,17,length_final,2.0,Shuffled
6.547105135297837,2.5587311572921916,0.37654715632464997,-0.8514133020363541,5,071318_SL,16,length_final,2.0,Shuffled
0.9995210727756809,0.9997605077095618,0.1939826748404986,-0.6344726422177015,1,071318_SL,20,growth_rate,2.0,Shuffled
1.8463697380295772,1.35881188471016,0.26364910592938706,-0.8623354894703693,2,071318_SL,19,growth_rate,2.0,Shuffled
1.8266683607386878,1.3515429555654854,0.26223872183455976,-0.8577224480019873,3,071318_SL,18,growth_rate,2.0,Shuffled
2.2251055420663746,1.4916787663791338,0.28942915315580847,-0.9466560850786832,4,071318_SL,17,growth_rate,2.0,Shuffled
3.7493905122660447,1.9363342976526663,0.37570528496328803,-1.2288454370567596,5,071318_SL,16,growth_rate,2.0,Shuffled
0.846514575207909,0.9200622670275687,0.1577804395043031,-0.6518651870136127,1,071318_SL,21,div_then_fold,5.0,Shuffled
1.6253364387289047,1.2748868336950165,0.21862890387680878,-0.9032588054639707,2,071318_SL,20,div_then_fold,5.0,Shuffled
2.8252569480094603,1.6808500670819693,0.2882470804740478,-1.1908842288033972,3,071318_SL,19,div_then_fold,5.0,Shuffled
4.868526451362673,2.206473759500138,0.3783856941045623,-1.5632892266345801,4,071318_SL,18,div_then_fold,5.0,Shuffled
5.8026049859940585,2.4088596858252367,0.41309262813439007,-1.7066798909849972,5,071318_SL,17,div_then_fold,5.0,Shuffled
7.787440887930408,2.790598661207019,0.4785566140733496,-1.9771423993340915,6,071318_SL,16,div_then_fold,5.0,Shuffled
0.7790067003148972,0.8826135622767742,0.2135656935535321,1.7517585356568204,1,071318_SL,21,div_and_fold,5.0,Shuffled
1.4585728362613366,1.207713888411215,0.29223010524269794,2.396998191596117,2,071318_SL,20,div_and_fold,5.0,Shuffled
2.119057198078985,1.45569818234378,0.3522347777150697,2.8891825655645023,3,071318_SL,19,div_and_fold,5.0,Shuffled
2.4604920900727616,1.5685955788770927,0.3795525210871846,3.1132545563919507,4,071318_SL,18,div_and_fold,5.0,Shuffled
2.1060692171690367,1.4512302426455412,0.3511536719161193,2.880314866451654,5,071318_SL,17,div_and_fold,5.0,Shuffled
3.3381473768743604,1.8270597628086391,0.44209300886044955,3.626238788353798,6,071318_SL,16,div_and_fold,5.0,Shuffled
0.7201920144595595,0.8486412754866213,0.16694024284707912,2.129750250842731,1,071318_SL,21,fold_then_div,5.0,Shuffled
1.8754459044824452,1.3694692053793853,0.2693947705837638,3.4368200886831857,2,071318_SL,20,fold_then_div,5.0,Shuffled
2.797771959882977,1.6726541662528382,0.3290357195427617,4.197693104318352,3,071318_SL,19,fold_then_div,5.0,Shuffled
3.672621735156813,1.9164085512115658,0.3769857985637436,4.809419139223015,4,071318_SL,18,fold_then_div,5.0,Shuffled
3.947586961894734,1.9868535330755344,0.3908433644392492,4.986207874497962,5,071318_SL,17,fold_then_div,5.0,Shuffled
4.356913981232352,2.087322203501978,0.4106070322267914,5.238344062335231,6,071318_SL,16,fold_then_div,5.0,Shuffled
0.8208832914359018,0.9060260986505311,0.19085808207821547,4.166016428373689,1,071318_SL,21,fold_growth,5.0,Shuffled
1.7967054633445236,1.340412422855191,0.2823633277242193,6.163376731341615,2,071318_SL,20,fold_growth,5.0,Shuffled
2.8723336170280063,1.6947960399493522,0.3570156777826484,7.792875012858808,3,071318_SL,19,fold_growth,5.0,Shuffled
3.769109486548397,1.9414194514705978,0.40896790232522984,8.926878973174496,4,071318_SL,18,fold_growth,5.0,Shuffled
4.343293417702974,2.0840569612424162,0.43901507380076427,9.582743312950994,5,071318_SL,17,fold_growth,5.0,Shuffled
5.145066186454905,2.2682738340982787,0.4778211071943761,10.42979454011125,6,071318_SL,16,fold_growth,5.0,Shuffled
0.7142429250795725,0.8451289399136516,0.16941063640621176,-1.4936190112958057,1,071318_SL,21,division_ratio,5.0,Shuffled
1.8618686222329421,1.3645030678723087,0.27352197065940537,-2.411522818463373,2,071318_SL,20,division_ratio,5.0,Shuffled
2.621905246894401,1.6192298313996074,0.3245833189114998,-2.86170825020246,3,071318_SL,19,division_ratio,5.0,Shuffled
4.069167540226409,2.0172177721372595,0.40436213979681,-3.5650829975078366,4,071318_SL,18,division_ratio,5.0,Shuffled
4.977375669502189,2.2310032876493455,0.44721659493005034,-3.9429118650663786,5,071318_SL,17,division_ratio,5.0,Shuffled
5.6483923237039315,2.376634663490359,0.47640918661252074,-4.200290096155621,6,071318_SL,16,division_ratio,5.0,Shuffled
0.966366497597376,0.9830394181300036,0.17343588700324716,-0.6829181681684514,1,071318_SL,21,added_length,5.0,Shuffled
2.2821815715214395,1.5106891048529607,0.26652817786770083,-1.049476772885404,2,071318_SL,20,added_length,5.0,Shuffled
3.6294706974374558,1.9051169773631895,0.3361163822326335,-1.3234860905195447,3,071318_SL,19,added_length,5.0,Shuffled
4.617705698967944,2.1488847570234992,0.37912389577529676,-1.4928317367610606,4,071318_SL,18,added_length,5.0,Shuffled
4.692335411041881,2.1661799119745067,0.38217524904197714,-1.5048466929464388,5,071318_SL,17,added_length,5.0,Shuffled
5.483110313880055,2.341604218026619,0.4131250457245489,-1.62671408049151,6,071318_SL,16,added_length,5.0,Shuffled
0.9247648902821324,0.9616469675936863,0.17001342870962577,-1.0800853118023153,1,071318_SL,21,generationtime,5.0,Shuffled
2.319557645419718,1.523009404245331,0.2692589479283387,-1.7105862574270723,2,071318_SL,20,generationtime,5.0,Shuffled
3.437826541274824,1.854137681315717,0.32780044561362387,-2.0824969486041733,3,071318_SL,19,generationtime,5.0,Shuffled
4.49355625217695,2.1198009935314563,0.3747681293002606,-2.38087988026045,4,071318_SL,18,generationtime,5.0,Shuffled
5.030886962935651,2.242963879097399,0.3965425903763802,-2.5192117506263845,5,071318_SL,17,generationtime,5.0,Shuffled
5.2007793451759,2.280521726530116,0.40318259303033455,-2.5613952968985645,6,071318_SL,16,generationtime,5.0,Shuffled
0.6982871974445634,0.8356358043098461,0.21451679820413846,-0.3567752664868991,1,071318_SL,21,length_birth,5.0,Shuffled
1.3794648247378232,1.1745062046399855,0.3015085150621946,-0.5014562109351325,2,071318_SL,20,length_birth,5.0,Shuffled
2.1544927411426573,1.467819042369548,0.37680511017863055,-0.6266863235096186,3,071318_SL,19,length_birth,5.0,Shuffled
2.93424138226923,1.7129627498195137,0.4397361657303859,-0.7313505936401719,4,071318_SL,18,length_birth,5.0,Shuffled
3.325654491347193,1.8236377083585416,0.4681476311375872,-0.7786033413354431,5,071318_SL,17,length_birth,5.0,Shuffled
3.518420586211611,1.875745341514037,0.4815242272203084,-0.8008507302208531,6,071318_SL,16,length_birth,5.0,Shuffled
0.9425351090818734,0.9708424738761039,0.18010437152704575,-0.3878595523127864,1,071318_SL,21,length_final,5.0,Shuffled
2.0865360858668662,1.4444847129225238,0.26797139433202927,-0.5770835219435324,2,071318_SL,20,length_final,5.0,Shuffled
3.2969485338271927,1.8157501297885656,0.33684613598545066,-0.7254071091882945,3,071318_SL,19,length_final,5.0,Shuffled
4.316146808838635,2.07753382856661,0.38541054248098067,-0.829991849702846,4,071318_SL,18,length_final,5.0,Shuffled
4.500130123222589,2.121351013675622,0.3935392212301039,-0.8474971754969839,5,071318_SL,17,length_final,5.0,Shuffled
4.99268723148344,2.234432194425116,0.41451730525346825,-0.8926740371616675,6,071318_SL,16,length_final,5.0,Shuffled
0.913301435191231,0.9556680570110268,0.2437218555884922,0.4345666503308814,1,071318_SL,21,growth_rate,5.0,Shuffled
1.6329023415853015,1.2778506726473564,0.3258873568262658,0.5810713064662137,2,071318_SL,20,growth_rate,5.0,Shuffled
1.522886166264257,1.2340527404711101,0.3147176695874566,0.56115526915847,3,071318_SL,19,growth_rate,5.0,Shuffled
2.2108140355186325,1.4868806392977993,0.3791957948052269,0.6761225659068237,4,071318_SL,18,growth_rate,5.0,Shuffled
2.6309799704436503,1.6220295837140735,0.41366252336470233,0.737578239390799,5,071318_SL,17,growth_rate,5.0,Shuffled
1.561278976868204,1.249511495292542,0.31866008074426627,0.5681847594210692,6,071318_SL,16,growth_rate,5.0,Shuffled
