lineage_ID,max_gen,generation,fold_growth,division_ratio,added_length,generationtime,length_birth,length_final,growth_rate
0.0,19,0,0.8090104876854948,0.4399511965855675,3.1226076196638815,1.4578947368421051,2.683011972419306,5.805619592083187,0.5882301091991655
0.0,19,1,0.8090104876854948,0.4399511965855675,3.1226076196638815,1.4578947368421051,2.683011972419306,5.805619592083187,0.5882301091991655
0.0,19,2,0.8090104876854948,0.4399511965855675,3.1226076196638815,1.4578947368421051,2.683011972419306,5.805619592083187,0.5882301091991655
0.0,19,3,0.8090104876854948,0.4399511965855675,3.1226076196638815,1.4578947368421051,2.683011972419306,5.805619592083187,0.5882301091991655
0.0,19,4,0.8090104876854948,0.4399511965855675,3.1226076196638815,1.4578947368421051,2.683011972419306,5.805619592083187,0.5882301091991655
0.0,19,5,0.8090104876854948,0.4399511965855675,3.1226076196638815,1.4578947368421051,2.683011972419306,5.805619592083187,0.5882301091991655
0.0,19,6,0.8090104876854948,0.4399511965855675,3.1226076196638815,1.4578947368421051,2.683011972419306,5.805619592083187,0.5882301091991655
0.0,19,7,0.8090104876854948,0.4399511965855675,3.1226076196638815,1.4578947368421051,2.683011972419306,5.805619592083187,0.5882301091991655
0.0,19,8,0.8090104876854948,0.4399511965855675,3.1226076196638815,1.4578947368421051,2.683011972419306,5.805619592083187,0.5882301091991655
0.0,19,9,0.8090104876854948,0.4399511965855675,3.1226076196638815,1.4578947368421051,2.683011972419306,5.805619592083187,0.5882301091991655
0.0,19,10,0.8090104876854948,0.4399511965855675,3.1226076196638815,1.4578947368421051,2.683011972419306,5.805619592083187,0.5882301091991655
0.0,19,11,0.8090104876854948,0.4399511965855675,3.1226076196638815,1.4578947368421051,2.683011972419306,5.805619592083187,0.5882301091991655
0.0,19,12,0.8090104876854948,0.4399511965855675,3.1226076196638815,1.4578947368421051,2.683011972419306,5.805619592083187,0.5882301091991655
0.0,19,13,0.8090104876854948,0.4399511965855675,3.1226076196638815,1.4578947368421051,2.683011972419306,5.805619592083187,0.5882301091991655
0.0,19,14,0.8090104876854948,0.4399511965855675,3.1226076196638815,1.4578947368421051,2.683011972419306,5.805619592083187,0.5882301091991655
0.0,19,15,0.8090104876854948,0.4399511965855675,3.1226076196638815,1.4578947368421051,2.683011972419306,5.805619592083187,0.5882301091991655
0.0,19,16,0.8090104876854948,0.4399511965855675,3.1226076196638815,1.4578947368421051,2.683011972419306,5.805619592083187,0.5882301091991655
0.0,19,17,0.8090104876854948,0.4399511965855675,3.1226076196638815,1.4578947368421051,2.683011972419306,5.805619592083187,0.5882301091991655
0.0,19,18,0.8090104876854948,0.4399511965855675,3.1226076196638815,1.4578947368421051,2.683011972419306,5.805619592083187,0.5882301091991655
1.0,76,0,0.7394784735572435,0.47884028525055217,3.221247335401923,1.4940789473684202,2.9820948493214128,6.203342184723336,0.5274942914464013
1.0,76,1,0.7394784735572435,0.47884028525055217,3.221247335401923,1.4940789473684202,2.9820948493214128,6.203342184723336,0.5274942914464013
1.0,76,2,0.7394784735572435,0.47884028525055217,3.221247335401923,1.4940789473684202,2.9820948493214128,6.203342184723336,0.5274942914464013
1.0,76,3,0.7394784735572435,0.47884028525055217,3.221247335401923,1.4940789473684202,2.9820948493214128,6.203342184723336,0.5274942914464013
1.0,76,4,0.7394784735572435,0.47884028525055217,3.221247335401923,1.4940789473684202,2.9820948493214128,6.203342184723336,0.5274942914464013
1.0,76,5,0.7394784735572435,0.47884028525055217,3.221247335401923,1.4940789473684202,2.9820948493214128,6.203342184723336,0.5274942914464013
1.0,76,6,0.7394784735572435,0.47884028525055217,3.221247335401923,1.4940789473684202,2.9820948493214128,6.203342184723336,0.5274942914464013
1.0,76,7,0.7394784735572435,0.47884028525055217,3.221247335401923,1.4940789473684202,2.9820948493214128,6.203342184723336,0.5274942914464013
1.0,76,8,0.7394784735572435,0.47884028525055217,3.221247335401923,1.4940789473684202,2.9820948493214128,6.203342184723336,0.5274942914464013
1.0,76,9,0.7394784735572435,0.47884028525055217,3.221247335401923,1.4940789473684202,2.9820948493214128,6.203342184723336,0.5274942914464013
1.0,76,10,0.7394784735572435,0.47884028525055217,3.221247335401923,1.4940789473684202,2.9820948493214128,6.203342184723336,0.5274942914464013
1.0,76,11,0.7394784735572435,0.47884028525055217,3.221247335401923,1.4940789473684202,2.9820948493214128,6.203342184723336,0.5274942914464013
1.0,76,12,0.7394784735572435,0.47884028525055217,3.221247335401923,1.4940789473684202,2.9820948493214128,6.203342184723336,0.5274942914464013
1.0,76,13,0.7394784735572435,0.47884028525055217,3.221247335401923,1.4940789473684202,2.9820948493214128,6.203342184723336,0.5274942914464013
1.0,76,14,0.7394784735572435,0.47884028525055217,3.221247335401923,1.4940789473684202,2.9820948493214128,6.203342184723336,0.5274942914464013
1.0,76,15,0.7394784735572435,0.47884028525055217,3.221247335401923,1.4940789473684202,2.9820948493214128,6.203342184723336,0.5274942914464013
1.0,76,16,0.7394784735572435,0.47884028525055217,3.221247335401923,1.4940789473684202,2.9820948493214128,6.203342184723336,0.5274942914464013
1.0,76,17,0.7394784735572435,0.47884028525055217,3.221247335401923,1.4940789473684202,2.9820948493214128,6.203342184723336,0.5274942914464013
1.0,76,18,0.7394784735572435,0.47884028525055217,3.221247335401923,1.4940789473684202,2.9820948493214128,6.203342184723336,0.5274942914464013
1.0,76,19,0.7394784735572435,0.47884028525055217,3.221247335401923,1.4940789473684202,2.9820948493214128,6.203342184723336,0.5274942914464013
1.0,76,20,0.7394784735572435,0.47884028525055217,3.221247335401923,1.4940789473684202,2.9820948493214128,6.203342184723336,0.5274942914464013
1.0,76,21,0.7394784735572435,0.47884028525055217,3.221247335401923,1.4940789473684202,2.9820948493214128,6.203342184723336,0.5274942914464013
1.0,76,22,0.7394784735572435,0.47884028525055217,3.221247335401923,1.4940789473684202,2.9820948493214128,6.203342184723336,0.5274942914464013
1.0,76,23,0.7394784735572435,0.47884028525055217,3.221247335401923,1.4940789473684202,2.9820948493214128,6.203342184723336,0.5274942914464013
1.0,76,24,0.7394784735572435,0.47884028525055217,3.221247335401923,1.4940789473684202,2.9820948493214128,6.203342184723336,0.5274942914464013
1.0,76,25,0.7394784735572435,0.47884028525055217,3.221247335401923,1.4940789473684202,2.9820948493214128,6.203342184723336,0.5274942914464013
1.0,76,26,0.7394784735572435,0.47884028525055217,3.221247335401923,1.4940789473684202,2.9820948493214128,6.203342184723336,0.5274942914464013
1.0,76,27,0.7394784735572435,0.47884028525055217,3.221247335401923,1.4940789473684202,2.9820948493214128,6.203342184723336,0.5274942914464013
1.0,76,28,0.7394784735572435,0.47884028525055217,3.221247335401923,1.4940789473684202,2.9820948493214128,6.203342184723336,0.5274942914464013
1.0,76,29,0.7394784735572435,0.47884028525055217,3.221247335401923,1.4940789473684202,2.9820948493214128,6.203342184723336,0.5274942914464013
1.0,76,30,0.7394784735572435,0.47884028525055217,3.221247335401923,1.4940789473684202,2.9820948493214128,6.203342184723336,0.5274942914464013
1.0,76,31,0.7394784735572435,0.47884028525055217,3.221247335401923,1.4940789473684202,2.9820948493214128,6.203342184723336,0.5274942914464013
1.0,76,32,0.7394784735572435,0.47884028525055217,3.221247335401923,1.4940789473684202,2.9820948493214128,6.203342184723336,0.5274942914464013
1.0,76,33,0.7394784735572435,0.47884028525055217,3.221247335401923,1.4940789473684202,2.9820948493214128,6.203342184723336,0.5274942914464013
1.0,76,34,0.7394784735572435,0.47884028525055217,3.221247335401923,1.4940789473684202,2.9820948493214128,6.203342184723336,0.5274942914464013
1.0,76,35,0.7394784735572435,0.47884028525055217,3.221247335401923,1.4940789473684202,2.9820948493214128,6.203342184723336,0.5274942914464013
1.0,76,36,0.7394784735572435,0.47884028525055217,3.221247335401923,1.4940789473684202,2.9820948493214128,6.203342184723336,0.5274942914464013
1.0,76,37,0.7394784735572435,0.47884028525055217,3.221247335401923,1.4940789473684202,2.9820948493214128,6.203342184723336,0.5274942914464013
1.0,76,38,0.7394784735572435,0.47884028525055217,3.221247335401923,1.4940789473684202,2.9820948493214128,6.203342184723336,0.5274942914464013
1.0,76,39,0.7394784735572435,0.47884028525055217,3.221247335401923,1.4940789473684202,2.9820948493214128,6.203342184723336,0.5274942914464013
1.0,76,40,0.7394784735572435,0.47884028525055217,3.221247335401923,1.4940789473684202,2.9820948493214128,6.203342184723336,0.5274942914464013
1.0,76,41,0.7394784735572435,0.47884028525055217,3.221247335401923,1.4940789473684202,2.9820948493214128,6.203342184723336,0.5274942914464013
1.0,76,42,0.7394784735572435,0.47884028525055217,3.221247335401923,1.4940789473684202,2.9820948493214128,6.203342184723336,0.5274942914464013
1.0,76,43,0.7394784735572435,0.47884028525055217,3.221247335401923,1.4940789473684202,2.9820948493214128,6.203342184723336,0.5274942914464013
1.0,76,44,0.7394784735572435,0.47884028525055217,3.221247335401923,1.4940789473684202,2.9820948493214128,6.203342184723336,0.5274942914464013
1.0,76,45,0.7394784735572435,0.47884028525055217,3.221247335401923,1.4940789473684202,2.9820948493214128,6.203342184723336,0.5274942914464013
1.0,76,46,0.7394784735572435,0.47884028525055217,3.221247335401923,1.4940789473684202,2.9820948493214128,6.203342184723336,0.5274942914464013
1.0,76,47,0.7394784735572435,0.47884028525055217,3.221247335401923,1.4940789473684202,2.9820948493214128,6.203342184723336,0.5274942914464013
1.0,76,48,0.7394784735572435,0.47884028525055217,3.221247335401923,1.4940789473684202,2.9820948493214128,6.203342184723336,0.5274942914464013
1.0,76,49,0.7394784735572435,0.47884028525055217,3.221247335401923,1.4940789473684202,2.9820948493214128,6.203342184723336,0.5274942914464013
1.0,76,50,0.7394784735572435,0.47884028525055217,3.221247335401923,1.4940789473684202,2.9820948493214128,6.203342184723336,0.5274942914464013
1.0,76,51,0.7394784735572435,0.47884028525055217,3.221247335401923,1.4940789473684202,2.9820948493214128,6.203342184723336,0.5274942914464013
1.0,76,52,0.7394784735572435,0.47884028525055217,3.221247335401923,1.4940789473684202,2.9820948493214128,6.203342184723336,0.5274942914464013
1.0,76,53,0.7394784735572435,0.47884028525055217,3.221247335401923,1.4940789473684202,2.9820948493214128,6.203342184723336,0.5274942914464013
1.0,76,54,0.7394784735572435,0.47884028525055217,3.221247335401923,1.4940789473684202,2.9820948493214128,6.203342184723336,0.5274942914464013
1.0,76,55,0.7394784735572435,0.47884028525055217,3.221247335401923,1.4940789473684202,2.9820948493214128,6.203342184723336,0.5274942914464013
1.0,76,56,0.7394784735572435,0.47884028525055217,3.221247335401923,1.4940789473684202,2.9820948493214128,6.203342184723336,0.5274942914464013
1.0,76,57,0.7394784735572435,0.47884028525055217,3.221247335401923,1.4940789473684202,2.9820948493214128,6.203342184723336,0.5274942914464013
1.0,76,58,0.7394784735572435,0.47884028525055217,3.221247335401923,1.4940789473684202,2.9820948493214128,6.203342184723336,0.5274942914464013
1.0,76,59,0.7394784735572435,0.47884028525055217,3.221247335401923,1.4940789473684202,2.9820948493214128,6.203342184723336,0.5274942914464013
1.0,76,60,0.7394784735572435,0.47884028525055217,3.221247335401923,1.4940789473684202,2.9820948493214128,6.203342184723336,0.5274942914464013
1.0,76,61,0.7394784735572435,0.47884028525055217,3.221247335401923,1.4940789473684202,2.9820948493214128,6.203342184723336,0.5274942914464013
1.0,76,62,0.7394784735572435,0.47884028525055217,3.221247335401923,1.4940789473684202,2.9820948493214128,6.203342184723336,0.5274942914464013
1.0,76,63,0.7394784735572435,0.47884028525055217,3.221247335401923,1.4940789473684202,2.9820948493214128,6.203342184723336,0.5274942914464013
1.0,76,64,0.7394784735572435,0.47884028525055217,3.221247335401923,1.4940789473684202,2.9820948493214128,6.203342184723336,0.5274942914464013
1.0,76,65,0.7394784735572435,0.47884028525055217,3.221247335401923,1.4940789473684202,2.9820948493214128,6.203342184723336,0.5274942914464013
1.0,76,66,0.7394784735572435,0.47884028525055217,3.221247335401923,1.4940789473684202,2.9820948493214128,6.203342184723336,0.5274942914464013
1.0,76,67,0.7394784735572435,0.47884028525055217,3.221247335401923,1.4940789473684202,2.9820948493214128,6.203342184723336,0.5274942914464013
1.0,76,68,0.7394784735572435,0.47884028525055217,3.221247335401923,1.4940789473684202,2.9820948493214128,6.203342184723336,0.5274942914464013
1.0,76,69,0.7394784735572435,0.47884028525055217,3.221247335401923,1.4940789473684202,2.9820948493214128,6.203342184723336,0.5274942914464013
1.0,76,70,0.7394784735572435,0.47884028525055217,3.221247335401923,1.4940789473684202,2.9820948493214128,6.203342184723336,0.5274942914464013
1.0,76,71,0.7394784735572435,0.47884028525055217,3.221247335401923,1.4940789473684202,2.9820948493214128,6.203342184723336,0.5274942914464013
1.0,76,72,0.7394784735572435,0.47884028525055217,3.221247335401923,1.4940789473684202,2.9820948493214128,6.203342184723336,0.5274942914464013
1.0,76,73,0.7394784735572435,0.47884028525055217,3.221247335401923,1.4940789473684202,2.9820948493214128,6.203342184723336,0.5274942914464013
1.0,76,74,0.7394784735572435,0.47884028525055217,3.221247335401923,1.4940789473684202,2.9820948493214128,6.203342184723336,0.5274942914464013
1.0,76,75,0.7394784735572435,0.47884028525055217,3.221247335401923,1.4940789473684202,2.9820948493214128,6.203342184723336,0.5274942914464013
2.0,31,0,0.8101125356015613,0.45534615298748193,3.0875765857484665,1.5806451612903225,2.473017913459585,5.560594499208049,0.5400727524968215
2.0,31,1,0.8101125356015613,0.45534615298748193,3.0875765857484665,1.5806451612903225,2.473017913459585,5.560594499208049,0.5400727524968215
2.0,31,2,0.8101125356015613,0.45534615298748193,3.0875765857484665,1.5806451612903225,2.473017913459585,5.560594499208049,0.5400727524968215
2.0,31,3,0.8101125356015613,0.45534615298748193,3.0875765857484665,1.5806451612903225,2.473017913459585,5.560594499208049,0.5400727524968215
2.0,31,4,0.8101125356015613,0.45534615298748193,3.0875765857484665,1.5806451612903225,2.473017913459585,5.560594499208049,0.5400727524968215
2.0,31,5,0.8101125356015613,0.45534615298748193,3.0875765857484665,1.5806451612903225,2.473017913459585,5.560594499208049,0.5400727524968215
2.0,31,6,0.8101125356015613,0.45534615298748193,3.0875765857484665,1.5806451612903225,2.473017913459585,5.560594499208049,0.5400727524968215
2.0,31,7,0.8101125356015613,0.45534615298748193,3.0875765857484665,1.5806451612903225,2.473017913459585,5.560594499208049,0.5400727524968215
2.0,31,8,0.8101125356015613,0.45534615298748193,3.0875765857484665,1.5806451612903225,2.473017913459585,5.560594499208049,0.5400727524968215
2.0,31,9,0.8101125356015613,0.45534615298748193,3.0875765857484665,1.5806451612903225,2.473017913459585,5.560594499208049,0.5400727524968215
2.0,31,10,0.8101125356015613,0.45534615298748193,3.0875765857484665,1.5806451612903225,2.473017913459585,5.560594499208049,0.5400727524968215
2.0,31,11,0.8101125356015613,0.45534615298748193,3.0875765857484665,1.5806451612903225,2.473017913459585,5.560594499208049,0.5400727524968215
2.0,31,12,0.8101125356015613,0.45534615298748193,3.0875765857484665,1.5806451612903225,2.473017913459585,5.560594499208049,0.5400727524968215
2.0,31,13,0.8101125356015613,0.45534615298748193,3.0875765857484665,1.5806451612903225,2.473017913459585,5.560594499208049,0.5400727524968215
2.0,31,14,0.8101125356015613,0.45534615298748193,3.0875765857484665,1.5806451612903225,2.473017913459585,5.560594499208049,0.5400727524968215
2.0,31,15,0.8101125356015613,0.45534615298748193,3.0875765857484665,1.5806451612903225,2.473017913459585,5.560594499208049,0.5400727524968215
2.0,31,16,0.8101125356015613,0.45534615298748193,3.0875765857484665,1.5806451612903225,2.473017913459585,5.560594499208049,0.5400727524968215
2.0,31,17,0.8101125356015613,0.45534615298748193,3.0875765857484665,1.5806451612903225,2.473017913459585,5.560594499208049,0.5400727524968215
2.0,31,18,0.8101125356015613,0.45534615298748193,3.0875765857484665,1.5806451612903225,2.473017913459585,5.560594499208049,0.5400727524968215
2.0,31,19,0.8101125356015613,0.45534615298748193,3.0875765857484665,1.5806451612903225,2.473017913459585,5.560594499208049,0.5400727524968215
2.0,31,20,0.8101125356015613,0.45534615298748193,3.0875765857484665,1.5806451612903225,2.473017913459585,5.560594499208049,0.5400727524968215
2.0,31,21,0.8101125356015613,0.45534615298748193,3.0875765857484665,1.5806451612903225,2.473017913459585,5.560594499208049,0.5400727524968215
2.0,31,22,0.8101125356015613,0.45534615298748193,3.0875765857484665,1.5806451612903225,2.473017913459585,5.560594499208049,0.5400727524968215
2.0,31,23,0.8101125356015613,0.45534615298748193,3.0875765857484665,1.5806451612903225,2.473017913459585,5.560594499208049,0.5400727524968215
2.0,31,24,0.8101125356015613,0.45534615298748193,3.0875765857484665,1.5806451612903225,2.473017913459585,5.560594499208049,0.5400727524968215
2.0,31,25,0.8101125356015613,0.45534615298748193,3.0875765857484665,1.5806451612903225,2.473017913459585,5.560594499208049,0.5400727524968215
2.0,31,26,0.8101125356015613,0.45534615298748193,3.0875765857484665,1.5806451612903225,2.473017913459585,5.560594499208049,0.5400727524968215
2.0,31,27,0.8101125356015613,0.45534615298748193,3.0875765857484665,1.5806451612903225,2.473017913459585,5.560594499208049,0.5400727524968215
2.0,31,28,0.8101125356015613,0.45534615298748193,3.0875765857484665,1.5806451612903225,2.473017913459585,5.560594499208049,0.5400727524968215
2.0,31,29,0.8101125356015613,0.45534615298748193,3.0875765857484665,1.5806451612903225,2.473017913459585,5.560594499208049,0.5400727524968215
2.0,31,30,0.8101125356015613,0.45534615298748193,3.0875765857484665,1.5806451612903225,2.473017913459585,5.560594499208049,0.5400727524968215
3.0,43,0,0.7187641853308898,0.4841903595092464,2.6566609044558764,1.330232558139535,2.5723870191558564,5.229047923611734,0.5694716075821306
3.0,43,1,0.7187641853308898,0.4841903595092464,2.6566609044558764,1.330232558139535,2.5723870191558564,5.229047923611734,0.5694716075821306
3.0,43,2,0.7187641853308898,0.4841903595092464,2.6566609044558764,1.330232558139535,2.5723870191558564,5.229047923611734,0.5694716075821306
3.0,43,3,0.7187641853308898,0.4841903595092464,2.6566609044558764,1.330232558139535,2.5723870191558564,5.229047923611734,0.5694716075821306
3.0,43,4,0.7187641853308898,0.4841903595092464,2.6566609044558764,1.330232558139535,2.5723870191558564,5.229047923611734,0.5694716075821306
3.0,43,5,0.7187641853308898,0.4841903595092464,2.6566609044558764,1.330232558139535,2.5723870191558564,5.229047923611734,0.5694716075821306
3.0,43,6,0.7187641853308898,0.4841903595092464,2.6566609044558764,1.330232558139535,2.5723870191558564,5.229047923611734,0.5694716075821306
3.0,43,7,0.7187641853308898,0.4841903595092464,2.6566609044558764,1.330232558139535,2.5723870191558564,5.229047923611734,0.5694716075821306
3.0,43,8,0.7187641853308898,0.4841903595092464,2.6566609044558764,1.330232558139535,2.5723870191558564,5.229047923611734,0.5694716075821306
3.0,43,9,0.7187641853308898,0.4841903595092464,2.6566609044558764,1.330232558139535,2.5723870191558564,5.229047923611734,0.5694716075821306
3.0,43,10,0.7187641853308898,0.4841903595092464,2.6566609044558764,1.330232558139535,2.5723870191558564,5.229047923611734,0.5694716075821306
3.0,43,11,0.7187641853308898,0.4841903595092464,2.6566609044558764,1.330232558139535,2.5723870191558564,5.229047923611734,0.5694716075821306
3.0,43,12,0.7187641853308898,0.4841903595092464,2.6566609044558764,1.330232558139535,2.5723870191558564,5.229047923611734,0.5694716075821306
3.0,43,13,0.7187641853308898,0.4841903595092464,2.6566609044558764,1.330232558139535,2.5723870191558564,5.229047923611734,0.5694716075821306
3.0,43,14,0.7187641853308898,0.4841903595092464,2.6566609044558764,1.330232558139535,2.5723870191558564,5.229047923611734,0.5694716075821306
3.0,43,15,0.7187641853308898,0.4841903595092464,2.6566609044558764,1.330232558139535,2.5723870191558564,5.229047923611734,0.5694716075821306
3.0,43,16,0.7187641853308898,0.4841903595092464,2.6566609044558764,1.330232558139535,2.5723870191558564,5.229047923611734,0.5694716075821306
3.0,43,17,0.7187641853308898,0.4841903595092464,2.6566609044558764,1.330232558139535,2.5723870191558564,5.229047923611734,0.5694716075821306
3.0,43,18,0.7187641853308898,0.4841903595092464,2.6566609044558764,1.330232558139535,2.5723870191558564,5.229047923611734,0.5694716075821306
3.0,43,19,0.7187641853308898,0.4841903595092464,2.6566609044558764,1.330232558139535,2.5723870191558564,5.229047923611734,0.5694716075821306
3.0,43,20,0.7187641853308898,0.4841903595092464,2.6566609044558764,1.330232558139535,2.5723870191558564,5.229047923611734,0.5694716075821306
3.0,43,21,0.7187641853308898,0.4841903595092464,2.6566609044558764,1.330232558139535,2.5723870191558564,5.229047923611734,0.5694716075821306
3.0,43,22,0.7187641853308898,0.4841903595092464,2.6566609044558764,1.330232558139535,2.5723870191558564,5.229047923611734,0.5694716075821306
3.0,43,23,0.7187641853308898,0.4841903595092464,2.6566609044558764,1.330232558139535,2.5723870191558564,5.229047923611734,0.5694716075821306
3.0,43,24,0.7187641853308898,0.4841903595092464,2.6566609044558764,1.330232558139535,2.5723870191558564,5.229047923611734,0.5694716075821306
3.0,43,25,0.7187641853308898,0.4841903595092464,2.6566609044558764,1.330232558139535,2.5723870191558564,5.229047923611734,0.5694716075821306
3.0,43,26,0.7187641853308898,0.4841903595092464,2.6566609044558764,1.330232558139535,2.5723870191558564,5.229047923611734,0.5694716075821306
3.0,43,27,0.7187641853308898,0.4841903595092464,2.6566609044558764,1.330232558139535,2.5723870191558564,5.229047923611734,0.5694716075821306
3.0,43,28,0.7187641853308898,0.4841903595092464,2.6566609044558764,1.330232558139535,2.5723870191558564,5.229047923611734,0.5694716075821306
3.0,43,29,0.7187641853308898,0.4841903595092464,2.6566609044558764,1.330232558139535,2.5723870191558564,5.229047923611734,0.5694716075821306
3.0,43,30,0.7187641853308898,0.4841903595092464,2.6566609044558764,1.330232558139535,2.5723870191558564,5.229047923611734,0.5694716075821306
3.0,43,31,0.7187641853308898,0.4841903595092464,2.6566609044558764,1.330232558139535,2.5723870191558564,5.229047923611734,0.5694716075821306
3.0,43,32,0.7187641853308898,0.4841903595092464,2.6566609044558764,1.330232558139535,2.5723870191558564,5.229047923611734,0.5694716075821306
3.0,43,33,0.7187641853308898,0.4841903595092464,2.6566609044558764,1.330232558139535,2.5723870191558564,5.229047923611734,0.5694716075821306
3.0,43,34,0.7187641853308898,0.4841903595092464,2.6566609044558764,1.330232558139535,2.5723870191558564,5.229047923611734,0.5694716075821306
3.0,43,35,0.7187641853308898,0.4841903595092464,2.6566609044558764,1.330232558139535,2.5723870191558564,5.229047923611734,0.5694716075821306
3.0,43,36,0.7187641853308898,0.4841903595092464,2.6566609044558764,1.330232558139535,2.5723870191558564,5.229047923611734,0.5694716075821306
3.0,43,37,0.7187641853308898,0.4841903595092464,2.6566609044558764,1.330232558139535,2.5723870191558564,5.229047923611734,0.5694716075821306
3.0,43,38,0.7187641853308898,0.4841903595092464,2.6566609044558764,1.330232558139535,2.5723870191558564,5.229047923611734,0.5694716075821306
3.0,43,39,0.7187641853308898,0.4841903595092464,2.6566609044558764,1.330232558139535,2.5723870191558564,5.229047923611734,0.5694716075821306
3.0,43,40,0.7187641853308898,0.4841903595092464,2.6566609044558764,1.330232558139535,2.5723870191558564,5.229047923611734,0.5694716075821306
3.0,43,41,0.7187641853308898,0.4841903595092464,2.6566609044558764,1.330232558139535,2.5723870191558564,5.229047923611734,0.5694716075821306
3.0,43,42,0.7187641853308898,0.4841903595092464,2.6566609044558764,1.330232558139535,2.5723870191558564,5.229047923611734,0.5694716075821306
4.0,52,0,0.7107883877029237,0.4898904943557521,2.5662066305675073,1.5201923076923083,2.625368572325858,5.1915752028933655,0.4897949850604604
4.0,52,1,0.7107883877029237,0.4898904943557521,2.5662066305675073,1.5201923076923083,2.625368572325858,5.1915752028933655,0.4897949850604604
4.0,52,2,0.7107883877029237,0.4898904943557521,2.5662066305675073,1.5201923076923083,2.625368572325858,5.1915752028933655,0.4897949850604604
4.0,52,3,0.7107883877029237,0.4898904943557521,2.5662066305675073,1.5201923076923083,2.625368572325858,5.1915752028933655,0.4897949850604604
4.0,52,4,0.7107883877029237,0.4898904943557521,2.5662066305675073,1.5201923076923083,2.625368572325858,5.1915752028933655,0.4897949850604604
4.0,52,5,0.7107883877029237,0.4898904943557521,2.5662066305675073,1.5201923076923083,2.625368572325858,5.1915752028933655,0.4897949850604604
4.0,52,6,0.7107883877029237,0.4898904943557521,2.5662066305675073,1.5201923076923083,2.625368572325858,5.1915752028933655,0.4897949850604604
4.0,52,7,0.7107883877029237,0.4898904943557521,2.5662066305675073,1.5201923076923083,2.625368572325858,5.1915752028933655,0.4897949850604604
4.0,52,8,0.7107883877029237,0.4898904943557521,2.5662066305675073,1.5201923076923083,2.625368572325858,5.1915752028933655,0.4897949850604604
4.0,52,9,0.7107883877029237,0.4898904943557521,2.5662066305675073,1.5201923076923083,2.625368572325858,5.1915752028933655,0.4897949850604604
4.0,52,10,0.7107883877029237,0.4898904943557521,2.5662066305675073,1.5201923076923083,2.625368572325858,5.1915752028933655,0.4897949850604604
4.0,52,11,0.7107883877029237,0.4898904943557521,2.5662066305675073,1.5201923076923083,2.625368572325858,5.1915752028933655,0.4897949850604604
4.0,52,12,0.7107883877029237,0.4898904943557521,2.5662066305675073,1.5201923076923083,2.625368572325858,5.1915752028933655,0.4897949850604604
4.0,52,13,0.7107883877029237,0.4898904943557521,2.5662066305675073,1.5201923076923083,2.625368572325858,5.1915752028933655,0.4897949850604604
4.0,52,14,0.7107883877029237,0.4898904943557521,2.5662066305675073,1.5201923076923083,2.625368572325858,5.1915752028933655,0.4897949850604604
4.0,52,15,0.7107883877029237,0.4898904943557521,2.5662066305675073,1.5201923076923083,2.625368572325858,5.1915752028933655,0.4897949850604604
4.0,52,16,0.7107883877029237,0.4898904943557521,2.5662066305675073,1.5201923076923083,2.625368572325858,5.1915752028933655,0.4897949850604604
4.0,52,17,0.7107883877029237,0.4898904943557521,2.5662066305675073,1.5201923076923083,2.625368572325858,5.1915752028933655,0.4897949850604604
4.0,52,18,0.7107883877029237,0.4898904943557521,2.5662066305675073,1.5201923076923083,2.625368572325858,5.1915752028933655,0.4897949850604604
4.0,52,19,0.7107883877029237,0.4898904943557521,2.5662066305675073,1.5201923076923083,2.625368572325858,5.1915752028933655,0.4897949850604604
4.0,52,20,0.7107883877029237,0.4898904943557521,2.5662066305675073,1.5201923076923083,2.625368572325858,5.1915752028933655,0.4897949850604604
4.0,52,21,0.7107883877029237,0.4898904943557521,2.5662066305675073,1.5201923076923083,2.625368572325858,5.1915752028933655,0.4897949850604604
4.0,52,22,0.7107883877029237,0.4898904943557521,2.5662066305675073,1.5201923076923083,2.625368572325858,5.1915752028933655,0.4897949850604604
4.0,52,23,0.7107883877029237,0.4898904943557521,2.5662066305675073,1.5201923076923083,2.625368572325858,5.1915752028933655,0.4897949850604604
4.0,52,24,0.7107883877029237,0.4898904943557521,2.5662066305675073,1.5201923076923083,2.625368572325858,5.1915752028933655,0.4897949850604604
4.0,52,25,0.7107883877029237,0.4898904943557521,2.5662066305675073,1.5201923076923083,2.625368572325858,5.1915752028933655,0.4897949850604604
4.0,52,26,0.7107883877029237,0.4898904943557521,2.5662066305675073,1.5201923076923083,2.625368572325858,5.1915752028933655,0.4897949850604604
4.0,52,27,0.7107883877029237,0.4898904943557521,2.5662066305675073,1.5201923076923083,2.625368572325858,5.1915752028933655,0.4897949850604604
4.0,52,28,0.7107883877029237,0.4898904943557521,2.5662066305675073,1.5201923076923083,2.625368572325858,5.1915752028933655,0.4897949850604604
4.0,52,29,0.7107883877029237,0.4898904943557521,2.5662066305675073,1.5201923076923083,2.625368572325858,5.1915752028933655,0.4897949850604604
4.0,52,30,0.7107883877029237,0.4898904943557521,2.5662066305675073,1.5201923076923083,2.625368572325858,5.1915752028933655,0.4897949850604604
4.0,52,31,0.7107883877029237,0.4898904943557521,2.5662066305675073,1.5201923076923083,2.625368572325858,5.1915752028933655,0.4897949850604604
4.0,52,32,0.7107883877029237,0.4898904943557521,2.5662066305675073,1.5201923076923083,2.625368572325858,5.1915752028933655,0.4897949850604604
4.0,52,33,0.7107883877029237,0.4898904943557521,2.5662066305675073,1.5201923076923083,2.625368572325858,5.1915752028933655,0.4897949850604604
4.0,52,34,0.7107883877029237,0.4898904943557521,2.5662066305675073,1.5201923076923083,2.625368572325858,5.1915752028933655,0.4897949850604604
4.0,52,35,0.7107883877029237,0.4898904943557521,2.5662066305675073,1.5201923076923083,2.625368572325858,5.1915752028933655,0.4897949850604604
4.0,52,36,0.7107883877029237,0.4898904943557521,2.5662066305675073,1.5201923076923083,2.625368572325858,5.1915752028933655,0.4897949850604604
4.0,52,37,0.7107883877029237,0.4898904943557521,2.5662066305675073,1.5201923076923083,2.625368572325858,5.1915752028933655,0.4897949850604604
4.0,52,38,0.7107883877029237,0.4898904943557521,2.5662066305675073,1.5201923076923083,2.625368572325858,5.1915752028933655,0.4897949850604604
4.0,52,39,0.7107883877029237,0.4898904943557521,2.5662066305675073,1.5201923076923083,2.625368572325858,5.1915752028933655,0.4897949850604604
4.0,52,40,0.7107883877029237,0.4898904943557521,2.5662066305675073,1.5201923076923083,2.625368572325858,5.1915752028933655,0.4897949850604604
4.0,52,41,0.7107883877029237,0.4898904943557521,2.5662066305675073,1.5201923076923083,2.625368572325858,5.1915752028933655,0.4897949850604604
4.0,52,42,0.7107883877029237,0.4898904943557521,2.5662066305675073,1.5201923076923083,2.625368572325858,5.1915752028933655,0.4897949850604604
4.0,52,43,0.7107883877029237,0.4898904943557521,2.5662066305675073,1.5201923076923083,2.625368572325858,5.1915752028933655,0.4897949850604604
4.0,52,44,0.7107883877029237,0.4898904943557521,2.5662066305675073,1.5201923076923083,2.625368572325858,5.1915752028933655,0.4897949850604604
4.0,52,45,0.7107883877029237,0.4898904943557521,2.5662066305675073,1.5201923076923083,2.625368572325858,5.1915752028933655,0.4897949850604604
4.0,52,46,0.7107883877029237,0.4898904943557521,2.5662066305675073,1.5201923076923083,2.625368572325858,5.1915752028933655,0.4897949850604604
4.0,52,47,0.7107883877029237,0.4898904943557521,2.5662066305675073,1.5201923076923083,2.625368572325858,5.1915752028933655,0.4897949850604604
4.0,52,48,0.7107883877029237,0.4898904943557521,2.5662066305675073,1.5201923076923083,2.625368572325858,5.1915752028933655,0.4897949850604604
4.0,52,49,0.7107883877029237,0.4898904943557521,2.5662066305675073,1.5201923076923083,2.625368572325858,5.1915752028933655,0.4897949850604604
4.0,52,50,0.7107883877029237,0.4898904943557521,2.5662066305675073,1.5201923076923083,2.625368572325858,5.1915752028933655,0.4897949850604604
4.0,52,51,0.7107883877029237,0.4898904943557521,2.5662066305675073,1.5201923076923083,2.625368572325858,5.1915752028933655,0.4897949850604604
5.0,77,0,0.7510537499525046,0.4741219361286508,2.7624217262717754,1.564935064935065,2.5320858094762646,5.294507535748041,0.5188894946731655
5.0,77,1,0.7510537499525046,0.4741219361286508,2.7624217262717754,1.564935064935065,2.5320858094762646,5.294507535748041,0.5188894946731655
5.0,77,2,0.7510537499525046,0.4741219361286508,2.7624217262717754,1.564935064935065,2.5320858094762646,5.294507535748041,0.5188894946731655
5.0,77,3,0.7510537499525046,0.4741219361286508,2.7624217262717754,1.564935064935065,2.5320858094762646,5.294507535748041,0.5188894946731655
5.0,77,4,0.7510537499525046,0.4741219361286508,2.7624217262717754,1.564935064935065,2.5320858094762646,5.294507535748041,0.5188894946731655
5.0,77,5,0.7510537499525046,0.4741219361286508,2.7624217262717754,1.564935064935065,2.5320858094762646,5.294507535748041,0.5188894946731655
5.0,77,6,0.7510537499525046,0.4741219361286508,2.7624217262717754,1.564935064935065,2.5320858094762646,5.294507535748041,0.5188894946731655
5.0,77,7,0.7510537499525046,0.4741219361286508,2.7624217262717754,1.564935064935065,2.5320858094762646,5.294507535748041,0.5188894946731655
5.0,77,8,0.7510537499525046,0.4741219361286508,2.7624217262717754,1.564935064935065,2.5320858094762646,5.294507535748041,0.5188894946731655
5.0,77,9,0.7510537499525046,0.4741219361286508,2.7624217262717754,1.564935064935065,2.5320858094762646,5.294507535748041,0.5188894946731655
5.0,77,10,0.7510537499525046,0.4741219361286508,2.7624217262717754,1.564935064935065,2.5320858094762646,5.294507535748041,0.5188894946731655
5.0,77,11,0.7510537499525046,0.4741219361286508,2.7624217262717754,1.564935064935065,2.5320858094762646,5.294507535748041,0.5188894946731655
5.0,77,12,0.7510537499525046,0.4741219361286508,2.7624217262717754,1.564935064935065,2.5320858094762646,5.294507535748041,0.5188894946731655
5.0,77,13,0.7510537499525046,0.4741219361286508,2.7624217262717754,1.564935064935065,2.5320858094762646,5.294507535748041,0.5188894946731655
5.0,77,14,0.7510537499525046,0.4741219361286508,2.7624217262717754,1.564935064935065,2.5320858094762646,5.294507535748041,0.5188894946731655
5.0,77,15,0.7510537499525046,0.4741219361286508,2.7624217262717754,1.564935064935065,2.5320858094762646,5.294507535748041,0.5188894946731655
5.0,77,16,0.7510537499525046,0.4741219361286508,2.7624217262717754,1.564935064935065,2.5320858094762646,5.294507535748041,0.5188894946731655
5.0,77,17,0.7510537499525046,0.4741219361286508,2.7624217262717754,1.564935064935065,2.5320858094762646,5.294507535748041,0.5188894946731655
5.0,77,18,0.7510537499525046,0.4741219361286508,2.7624217262717754,1.564935064935065,2.5320858094762646,5.294507535748041,0.5188894946731655
5.0,77,19,0.7510537499525046,0.4741219361286508,2.7624217262717754,1.564935064935065,2.5320858094762646,5.294507535748041,0.5188894946731655
5.0,77,20,0.7510537499525046,0.4741219361286508,2.7624217262717754,1.564935064935065,2.5320858094762646,5.294507535748041,0.5188894946731655
5.0,77,21,0.7510537499525046,0.4741219361286508,2.7624217262717754,1.564935064935065,2.5320858094762646,5.294507535748041,0.5188894946731655
5.0,77,22,0.7510537499525046,0.4741219361286508,2.7624217262717754,1.564935064935065,2.5320858094762646,5.294507535748041,0.5188894946731655
5.0,77,23,0.7510537499525046,0.4741219361286508,2.7624217262717754,1.564935064935065,2.5320858094762646,5.294507535748041,0.5188894946731655
5.0,77,24,0.7510537499525046,0.4741219361286508,2.7624217262717754,1.564935064935065,2.5320858094762646,5.294507535748041,0.5188894946731655
5.0,77,25,0.7510537499525046,0.4741219361286508,2.7624217262717754,1.564935064935065,2.5320858094762646,5.294507535748041,0.5188894946731655
5.0,77,26,0.7510537499525046,0.4741219361286508,2.7624217262717754,1.564935064935065,2.5320858094762646,5.294507535748041,0.5188894946731655
5.0,77,27,0.7510537499525046,0.4741219361286508,2.7624217262717754,1.564935064935065,2.5320858094762646,5.294507535748041,0.5188894946731655
5.0,77,28,0.7510537499525046,0.4741219361286508,2.7624217262717754,1.564935064935065,2.5320858094762646,5.294507535748041,0.5188894946731655
5.0,77,29,0.7510537499525046,0.4741219361286508,2.7624217262717754,1.564935064935065,2.5320858094762646,5.294507535748041,0.5188894946731655
5.0,77,30,0.7510537499525046,0.4741219361286508,2.7624217262717754,1.564935064935065,2.5320858094762646,5.294507535748041,0.5188894946731655
5.0,77,31,0.7510537499525046,0.4741219361286508,2.7624217262717754,1.564935064935065,2.5320858094762646,5.294507535748041,0.5188894946731655
5.0,77,32,0.7510537499525046,0.4741219361286508,2.7624217262717754,1.564935064935065,2.5320858094762646,5.294507535748041,0.5188894946731655
5.0,77,33,0.7510537499525046,0.4741219361286508,2.7624217262717754,1.564935064935065,2.5320858094762646,5.294507535748041,0.5188894946731655
5.0,77,34,0.7510537499525046,0.4741219361286508,2.7624217262717754,1.564935064935065,2.5320858094762646,5.294507535748041,0.5188894946731655
5.0,77,35,0.7510537499525046,0.4741219361286508,2.7624217262717754,1.564935064935065,2.5320858094762646,5.294507535748041,0.5188894946731655
5.0,77,36,0.7510537499525046,0.4741219361286508,2.7624217262717754,1.564935064935065,2.5320858094762646,5.294507535748041,0.5188894946731655
5.0,77,37,0.7510537499525046,0.4741219361286508,2.7624217262717754,1.564935064935065,2.5320858094762646,5.294507535748041,0.5188894946731655
5.0,77,38,0.7510537499525046,0.4741219361286508,2.7624217262717754,1.564935064935065,2.5320858094762646,5.294507535748041,0.5188894946731655
5.0,77,39,0.7510537499525046,0.4741219361286508,2.7624217262717754,1.564935064935065,2.5320858094762646,5.294507535748041,0.5188894946731655
5.0,77,40,0.7510537499525046,0.4741219361286508,2.7624217262717754,1.564935064935065,2.5320858094762646,5.294507535748041,0.5188894946731655
5.0,77,41,0.7510537499525046,0.4741219361286508,2.7624217262717754,1.564935064935065,2.5320858094762646,5.294507535748041,0.5188894946731655
5.0,77,42,0.7510537499525046,0.4741219361286508,2.7624217262717754,1.564935064935065,2.5320858094762646,5.294507535748041,0.5188894946731655
5.0,77,43,0.7510537499525046,0.4741219361286508,2.7624217262717754,1.564935064935065,2.5320858094762646,5.294507535748041,0.5188894946731655
5.0,77,44,0.7510537499525046,0.4741219361286508,2.7624217262717754,1.564935064935065,2.5320858094762646,5.294507535748041,0.5188894946731655
5.0,77,45,0.7510537499525046,0.4741219361286508,2.7624217262717754,1.564935064935065,2.5320858094762646,5.294507535748041,0.5188894946731655
5.0,77,46,0.7510537499525046,0.4741219361286508,2.7624217262717754,1.564935064935065,2.5320858094762646,5.294507535748041,0.5188894946731655
5.0,77,47,0.7510537499525046,0.4741219361286508,2.7624217262717754,1.564935064935065,2.5320858094762646,5.294507535748041,0.5188894946731655
5.0,77,48,0.7510537499525046,0.4741219361286508,2.7624217262717754,1.564935064935065,2.5320858094762646,5.294507535748041,0.5188894946731655
5.0,77,49,0.7510537499525046,0.4741219361286508,2.7624217262717754,1.564935064935065,2.5320858094762646,5.294507535748041,0.5188894946731655
5.0,77,50,0.7510537499525046,0.4741219361286508,2.7624217262717754,1.564935064935065,2.5320858094762646,5.294507535748041,0.5188894946731655
5.0,77,51,0.7510537499525046,0.4741219361286508,2.7624217262717754,1.564935064935065,2.5320858094762646,5.294507535748041,0.5188894946731655
5.0,77,52,0.7510537499525046,0.4741219361286508,2.7624217262717754,1.564935064935065,2.5320858094762646,5.294507535748041,0.5188894946731655
5.0,77,53,0.7510537499525046,0.4741219361286508,2.7624217262717754,1.564935064935065,2.5320858094762646,5.294507535748041,0.5188894946731655
5.0,77,54,0.7510537499525046,0.4741219361286508,2.7624217262717754,1.564935064935065,2.5320858094762646,5.294507535748041,0.5188894946731655
5.0,77,55,0.7510537499525046,0.4741219361286508,2.7624217262717754,1.564935064935065,2.5320858094762646,5.294507535748041,0.5188894946731655
5.0,77,56,0.7510537499525046,0.4741219361286508,2.7624217262717754,1.564935064935065,2.5320858094762646,5.294507535748041,0.5188894946731655
5.0,77,57,0.7510537499525046,0.4741219361286508,2.7624217262717754,1.564935064935065,2.5320858094762646,5.294507535748041,0.5188894946731655
5.0,77,58,0.7510537499525046,0.4741219361286508,2.7624217262717754,1.564935064935065,2.5320858094762646,5.294507535748041,0.5188894946731655
5.0,77,59,0.7510537499525046,0.4741219361286508,2.7624217262717754,1.564935064935065,2.5320858094762646,5.294507535748041,0.5188894946731655
5.0,77,60,0.7510537499525046,0.4741219361286508,2.7624217262717754,1.564935064935065,2.5320858094762646,5.294507535748041,0.5188894946731655
5.0,77,61,0.7510537499525046,0.4741219361286508,2.7624217262717754,1.564935064935065,2.5320858094762646,5.294507535748041,0.5188894946731655
5.0,77,62,0.7510537499525046,0.4741219361286508,2.7624217262717754,1.564935064935065,2.5320858094762646,5.294507535748041,0.5188894946731655
5.0,77,63,0.7510537499525046,0.4741219361286508,2.7624217262717754,1.564935064935065,2.5320858094762646,5.294507535748041,0.5188894946731655
5.0,77,64,0.7510537499525046,0.4741219361286508,2.7624217262717754,1.564935064935065,2.5320858094762646,5.294507535748041,0.5188894946731655
5.0,77,65,0.7510537499525046,0.4741219361286508,2.7624217262717754,1.564935064935065,2.5320858094762646,5.294507535748041,0.5188894946731655
5.0,77,66,0.7510537499525046,0.4741219361286508,2.7624217262717754,1.564935064935065,2.5320858094762646,5.294507535748041,0.5188894946731655
5.0,77,67,0.7510537499525046,0.4741219361286508,2.7624217262717754,1.564935064935065,2.5320858094762646,5.294507535748041,0.5188894946731655
5.0,77,68,0.7510537499525046,0.4741219361286508,2.7624217262717754,1.564935064935065,2.5320858094762646,5.294507535748041,0.5188894946731655
5.0,77,69,0.7510537499525046,0.4741219361286508,2.7624217262717754,1.564935064935065,2.5320858094762646,5.294507535748041,0.5188894946731655
5.0,77,70,0.7510537499525046,0.4741219361286508,2.7624217262717754,1.564935064935065,2.5320858094762646,5.294507535748041,0.5188894946731655
5.0,77,71,0.7510537499525046,0.4741219361286508,2.7624217262717754,1.564935064935065,2.5320858094762646,5.294507535748041,0.5188894946731655
5.0,77,72,0.7510537499525046,0.4741219361286508,2.7624217262717754,1.564935064935065,2.5320858094762646,5.294507535748041,0.5188894946731655
5.0,77,73,0.7510537499525046,0.4741219361286508,2.7624217262717754,1.564935064935065,2.5320858094762646,5.294507535748041,0.5188894946731655
5.0,77,74,0.7510537499525046,0.4741219361286508,2.7624217262717754,1.564935064935065,2.5320858094762646,5.294507535748041,0.5188894946731655
5.0,77,75,0.7510537499525046,0.4741219361286508,2.7624217262717754,1.564935064935065,2.5320858094762646,5.294507535748041,0.5188894946731655
5.0,77,76,0.7510537499525046,0.4741219361286508,2.7624217262717754,1.564935064935065,2.5320858094762646,5.294507535748041,0.5188894946731655
6.0,13,0,0.6676871214812378,0.5110853355610926,2.638525262771167,1.2076923076923123,2.7681462374801438,5.406671500251312,0.5565251851991495
6.0,13,1,0.6676871214812378,0.5110853355610926,2.638525262771167,1.2076923076923123,2.7681462374801438,5.406671500251312,0.5565251851991495
6.0,13,2,0.6676871214812378,0.5110853355610926,2.638525262771167,1.2076923076923123,2.7681462374801438,5.406671500251312,0.5565251851991495
6.0,13,3,0.6676871214812378,0.5110853355610926,2.638525262771167,1.2076923076923123,2.7681462374801438,5.406671500251312,0.5565251851991495
6.0,13,4,0.6676871214812378,0.5110853355610926,2.638525262771167,1.2076923076923123,2.7681462374801438,5.406671500251312,0.5565251851991495
6.0,13,5,0.6676871214812378,0.5110853355610926,2.638525262771167,1.2076923076923123,2.7681462374801438,5.406671500251312,0.5565251851991495
6.0,13,6,0.6676871214812378,0.5110853355610926,2.638525262771167,1.2076923076923123,2.7681462374801438,5.406671500251312,0.5565251851991495
6.0,13,7,0.6676871214812378,0.5110853355610926,2.638525262771167,1.2076923076923123,2.7681462374801438,5.406671500251312,0.5565251851991495
6.0,13,8,0.6676871214812378,0.5110853355610926,2.638525262771167,1.2076923076923123,2.7681462374801438,5.406671500251312,0.5565251851991495
6.0,13,9,0.6676871214812378,0.5110853355610926,2.638525262771167,1.2076923076923123,2.7681462374801438,5.406671500251312,0.5565251851991495
6.0,13,10,0.6676871214812378,0.5110853355610926,2.638525262771167,1.2076923076923123,2.7681462374801438,5.406671500251312,0.5565251851991495
6.0,13,11,0.6676871214812378,0.5110853355610926,2.638525262771167,1.2076923076923123,2.7681462374801438,5.406671500251312,0.5565251851991495
6.0,13,12,0.6676871214812378,0.5110853355610926,2.638525262771167,1.2076923076923123,2.7681462374801438,5.406671500251312,0.5565251851991495
7.0,41,0,0.7422787137247311,0.47708142607148274,2.8570468006365006,1.523170731707318,2.6419353903850133,5.498982191021515,0.5244407623419183
7.0,41,1,0.7422787137247311,0.47708142607148274,2.8570468006365006,1.523170731707318,2.6419353903850133,5.498982191021515,0.5244407623419183
7.0,41,2,0.7422787137247311,0.47708142607148274,2.8570468006365006,1.523170731707318,2.6419353903850133,5.498982191021515,0.5244407623419183
7.0,41,3,0.7422787137247311,0.47708142607148274,2.8570468006365006,1.523170731707318,2.6419353903850133,5.498982191021515,0.5244407623419183
7.0,41,4,0.7422787137247311,0.47708142607148274,2.8570468006365006,1.523170731707318,2.6419353903850133,5.498982191021515,0.5244407623419183
7.0,41,5,0.7422787137247311,0.47708142607148274,2.8570468006365006,1.523170731707318,2.6419353903850133,5.498982191021515,0.5244407623419183
7.0,41,6,0.7422787137247311,0.47708142607148274,2.8570468006365006,1.523170731707318,2.6419353903850133,5.498982191021515,0.5244407623419183
7.0,41,7,0.7422787137247311,0.47708142607148274,2.8570468006365006,1.523170731707318,2.6419353903850133,5.498982191021515,0.5244407623419183
7.0,41,8,0.7422787137247311,0.47708142607148274,2.8570468006365006,1.523170731707318,2.6419353903850133,5.498982191021515,0.5244407623419183
7.0,41,9,0.7422787137247311,0.47708142607148274,2.8570468006365006,1.523170731707318,2.6419353903850133,5.498982191021515,0.5244407623419183
7.0,41,10,0.7422787137247311,0.47708142607148274,2.8570468006365006,1.523170731707318,2.6419353903850133,5.498982191021515,0.5244407623419183
7.0,41,11,0.7422787137247311,0.47708142607148274,2.8570468006365006,1.523170731707318,2.6419353903850133,5.498982191021515,0.5244407623419183
7.0,41,12,0.7422787137247311,0.47708142607148274,2.8570468006365006,1.523170731707318,2.6419353903850133,5.498982191021515,0.5244407623419183
7.0,41,13,0.7422787137247311,0.47708142607148274,2.8570468006365006,1.523170731707318,2.6419353903850133,5.498982191021515,0.5244407623419183
7.0,41,14,0.7422787137247311,0.47708142607148274,2.8570468006365006,1.523170731707318,2.6419353903850133,5.498982191021515,0.5244407623419183
7.0,41,15,0.7422787137247311,0.47708142607148274,2.8570468006365006,1.523170731707318,2.6419353903850133,5.498982191021515,0.5244407623419183
7.0,41,16,0.7422787137247311,0.47708142607148274,2.8570468006365006,1.523170731707318,2.6419353903850133,5.498982191021515,0.5244407623419183
7.0,41,17,0.7422787137247311,0.47708142607148274,2.8570468006365006,1.523170731707318,2.6419353903850133,5.498982191021515,0.5244407623419183
7.0,41,18,0.7422787137247311,0.47708142607148274,2.8570468006365006,1.523170731707318,2.6419353903850133,5.498982191021515,0.5244407623419183
7.0,41,19,0.7422787137247311,0.47708142607148274,2.8570468006365006,1.523170731707318,2.6419353903850133,5.498982191021515,0.5244407623419183
7.0,41,20,0.7422787137247311,0.47708142607148274,2.8570468006365006,1.523170731707318,2.6419353903850133,5.498982191021515,0.5244407623419183
7.0,41,21,0.7422787137247311,0.47708142607148274,2.8570468006365006,1.523170731707318,2.6419353903850133,5.498982191021515,0.5244407623419183
7.0,41,22,0.7422787137247311,0.47708142607148274,2.8570468006365006,1.523170731707318,2.6419353903850133,5.498982191021515,0.5244407623419183
7.0,41,23,0.7422787137247311,0.47708142607148274,2.8570468006365006,1.523170731707318,2.6419353903850133,5.498982191021515,0.5244407623419183
7.0,41,24,0.7422787137247311,0.47708142607148274,2.8570468006365006,1.523170731707318,2.6419353903850133,5.498982191021515,0.5244407623419183
7.0,41,25,0.7422787137247311,0.47708142607148274,2.8570468006365006,1.523170731707318,2.6419353903850133,5.498982191021515,0.5244407623419183
7.0,41,26,0.7422787137247311,0.47708142607148274,2.8570468006365006,1.523170731707318,2.6419353903850133,5.498982191021515,0.5244407623419183
7.0,41,27,0.7422787137247311,0.47708142607148274,2.8570468006365006,1.523170731707318,2.6419353903850133,5.498982191021515,0.5244407623419183
7.0,41,28,0.7422787137247311,0.47708142607148274,2.8570468006365006,1.523170731707318,2.6419353903850133,5.498982191021515,0.5244407623419183
7.0,41,29,0.7422787137247311,0.47708142607148274,2.8570468006365006,1.523170731707318,2.6419353903850133,5.498982191021515,0.5244407623419183
7.0,41,30,0.7422787137247311,0.47708142607148274,2.8570468006365006,1.523170731707318,2.6419353903850133,5.498982191021515,0.5244407623419183
7.0,41,31,0.7422787137247311,0.47708142607148274,2.8570468006365006,1.523170731707318,2.6419353903850133,5.498982191021515,0.5244407623419183
7.0,41,32,0.7422787137247311,0.47708142607148274,2.8570468006365006,1.523170731707318,2.6419353903850133,5.498982191021515,0.5244407623419183
7.0,41,33,0.7422787137247311,0.47708142607148274,2.8570468006365006,1.523170731707318,2.6419353903850133,5.498982191021515,0.5244407623419183
7.0,41,34,0.7422787137247311,0.47708142607148274,2.8570468006365006,1.523170731707318,2.6419353903850133,5.498982191021515,0.5244407623419183
7.0,41,35,0.7422787137247311,0.47708142607148274,2.8570468006365006,1.523170731707318,2.6419353903850133,5.498982191021515,0.5244407623419183
7.0,41,36,0.7422787137247311,0.47708142607148274,2.8570468006365006,1.523170731707318,2.6419353903850133,5.498982191021515,0.5244407623419183
7.0,41,37,0.7422787137247311,0.47708142607148274,2.8570468006365006,1.523170731707318,2.6419353903850133,5.498982191021515,0.5244407623419183
7.0,41,38,0.7422787137247311,0.47708142607148274,2.8570468006365006,1.523170731707318,2.6419353903850133,5.498982191021515,0.5244407623419183
7.0,41,39,0.7422787137247311,0.47708142607148274,2.8570468006365006,1.523170731707318,2.6419353903850133,5.498982191021515,0.5244407623419183
7.0,41,40,0.7422787137247311,0.47708142607148274,2.8570468006365006,1.523170731707318,2.6419353903850133,5.498982191021515,0.5244407623419183
8.0,18,0,0.7101143532031818,0.48684033916196984,2.93667322255276,1.2083333333333326,2.9308195549365195,5.867492777489279,0.5925169637157696
8.0,18,1,0.7101143532031818,0.48684033916196984,2.93667322255276,1.2083333333333326,2.9308195549365195,5.867492777489279,0.5925169637157696
8.0,18,2,0.7101143532031818,0.48684033916196984,2.93667322255276,1.2083333333333326,2.9308195549365195,5.867492777489279,0.5925169637157696
8.0,18,3,0.7101143532031818,0.48684033916196984,2.93667322255276,1.2083333333333326,2.9308195549365195,5.867492777489279,0.5925169637157696
8.0,18,4,0.7101143532031818,0.48684033916196984,2.93667322255276,1.2083333333333326,2.9308195549365195,5.867492777489279,0.5925169637157696
8.0,18,5,0.7101143532031818,0.48684033916196984,2.93667322255276,1.2083333333333326,2.9308195549365195,5.867492777489279,0.5925169637157696
8.0,18,6,0.7101143532031818,0.48684033916196984,2.93667322255276,1.2083333333333326,2.9308195549365195,5.867492777489279,0.5925169637157696
8.0,18,7,0.7101143532031818,0.48684033916196984,2.93667322255276,1.2083333333333326,2.9308195549365195,5.867492777489279,0.5925169637157696
8.0,18,8,0.7101143532031818,0.48684033916196984,2.93667322255276,1.2083333333333326,2.9308195549365195,5.867492777489279,0.5925169637157696
8.0,18,9,0.7101143532031818,0.48684033916196984,2.93667322255276,1.2083333333333326,2.9308195549365195,5.867492777489279,0.5925169637157696
8.0,18,10,0.7101143532031818,0.48684033916196984,2.93667322255276,1.2083333333333326,2.9308195549365195,5.867492777489279,0.5925169637157696
8.0,18,11,0.7101143532031818,0.48684033916196984,2.93667322255276,1.2083333333333326,2.9308195549365195,5.867492777489279,0.5925169637157696
8.0,18,12,0.7101143532031818,0.48684033916196984,2.93667322255276,1.2083333333333326,2.9308195549365195,5.867492777489279,0.5925169637157696
8.0,18,13,0.7101143532031818,0.48684033916196984,2.93667322255276,1.2083333333333326,2.9308195549365195,5.867492777489279,0.5925169637157696
8.0,18,14,0.7101143532031818,0.48684033916196984,2.93667322255276,1.2083333333333326,2.9308195549365195,5.867492777489279,0.5925169637157696
8.0,18,15,0.7101143532031818,0.48684033916196984,2.93667322255276,1.2083333333333326,2.9308195549365195,5.867492777489279,0.5925169637157696
8.0,18,16,0.7101143532031818,0.48684033916196984,2.93667322255276,1.2083333333333326,2.9308195549365195,5.867492777489279,0.5925169637157696
8.0,18,17,0.7101143532031818,0.48684033916196984,2.93667322255276,1.2083333333333326,2.9308195549365195,5.867492777489279,0.5925169637157696
9.0,10,0,0.7050869711530254,0.4849830189610963,2.698165878494445,1.49,2.6542987808383742,5.352464659332819,0.4930944810129046
9.0,10,1,0.7050869711530254,0.4849830189610963,2.698165878494445,1.49,2.6542987808383742,5.352464659332819,0.4930944810129046
9.0,10,2,0.7050869711530254,0.4849830189610963,2.698165878494445,1.49,2.6542987808383742,5.352464659332819,0.4930944810129046
9.0,10,3,0.7050869711530254,0.4849830189610963,2.698165878494445,1.49,2.6542987808383742,5.352464659332819,0.4930944810129046
9.0,10,4,0.7050869711530254,0.4849830189610963,2.698165878494445,1.49,2.6542987808383742,5.352464659332819,0.4930944810129046
9.0,10,5,0.7050869711530254,0.4849830189610963,2.698165878494445,1.49,2.6542987808383742,5.352464659332819,0.4930944810129046
9.0,10,6,0.7050869711530254,0.4849830189610963,2.698165878494445,1.49,2.6542987808383742,5.352464659332819,0.4930944810129046
9.0,10,7,0.7050869711530254,0.4849830189610963,2.698165878494445,1.49,2.6542987808383742,5.352464659332819,0.4930944810129046
9.0,10,8,0.7050869711530254,0.4849830189610963,2.698165878494445,1.49,2.6542987808383742,5.352464659332819,0.4930944810129046
9.0,10,9,0.7050869711530254,0.4849830189610963,2.698165878494445,1.49,2.6542987808383742,5.352464659332819,0.4930944810129046
10.0,13,0,0.6676871214812378,0.5110853355610926,2.638525262771167,1.2076923076923123,2.7681462374801438,5.406671500251312,0.5565251851991495
10.0,13,1,0.6676871214812378,0.5110853355610926,2.638525262771167,1.2076923076923123,2.7681462374801438,5.406671500251312,0.5565251851991495
10.0,13,2,0.6676871214812378,0.5110853355610926,2.638525262771167,1.2076923076923123,2.7681462374801438,5.406671500251312,0.5565251851991495
10.0,13,3,0.6676871214812378,0.5110853355610926,2.638525262771167,1.2076923076923123,2.7681462374801438,5.406671500251312,0.5565251851991495
10.0,13,4,0.6676871214812378,0.5110853355610926,2.638525262771167,1.2076923076923123,2.7681462374801438,5.406671500251312,0.5565251851991495
10.0,13,5,0.6676871214812378,0.5110853355610926,2.638525262771167,1.2076923076923123,2.7681462374801438,5.406671500251312,0.5565251851991495
10.0,13,6,0.6676871214812378,0.5110853355610926,2.638525262771167,1.2076923076923123,2.7681462374801438,5.406671500251312,0.5565251851991495
10.0,13,7,0.6676871214812378,0.5110853355610926,2.638525262771167,1.2076923076923123,2.7681462374801438,5.406671500251312,0.5565251851991495
10.0,13,8,0.6676871214812378,0.5110853355610926,2.638525262771167,1.2076923076923123,2.7681462374801438,5.406671500251312,0.5565251851991495
10.0,13,9,0.6676871214812378,0.5110853355610926,2.638525262771167,1.2076923076923123,2.7681462374801438,5.406671500251312,0.5565251851991495
10.0,13,10,0.6676871214812378,0.5110853355610926,2.638525262771167,1.2076923076923123,2.7681462374801438,5.406671500251312,0.5565251851991495
10.0,13,11,0.6676871214812378,0.5110853355610926,2.638525262771167,1.2076923076923123,2.7681462374801438,5.406671500251312,0.5565251851991495
10.0,13,12,0.6676871214812378,0.5110853355610926,2.638525262771167,1.2076923076923123,2.7681462374801438,5.406671500251312,0.5565251851991495
11.0,11,0,0.7386785537082986,0.5013144997633281,3.2508035263405763,1.4181818181818182,3.086303945261153,6.33710747160173,0.5492940606441361
11.0,11,1,0.7386785537082986,0.5013144997633281,3.2508035263405763,1.4181818181818182,3.086303945261153,6.33710747160173,0.5492940606441361
11.0,11,2,0.7386785537082986,0.5013144997633281,3.2508035263405763,1.4181818181818182,3.086303945261153,6.33710747160173,0.5492940606441361
11.0,11,3,0.7386785537082986,0.5013144997633281,3.2508035263405763,1.4181818181818182,3.086303945261153,6.33710747160173,0.5492940606441361
11.0,11,4,0.7386785537082986,0.5013144997633281,3.2508035263405763,1.4181818181818182,3.086303945261153,6.33710747160173,0.5492940606441361
11.0,11,5,0.7386785537082986,0.5013144997633281,3.2508035263405763,1.4181818181818182,3.086303945261153,6.33710747160173,0.5492940606441361
11.0,11,6,0.7386785537082986,0.5013144997633281,3.2508035263405763,1.4181818181818182,3.086303945261153,6.33710747160173,0.5492940606441361
11.0,11,7,0.7386785537082986,0.5013144997633281,3.2508035263405763,1.4181818181818182,3.086303945261153,6.33710747160173,0.5492940606441361
11.0,11,8,0.7386785537082986,0.5013144997633281,3.2508035263405763,1.4181818181818182,3.086303945261153,6.33710747160173,0.5492940606441361
11.0,11,9,0.7386785537082986,0.5013144997633281,3.2508035263405763,1.4181818181818182,3.086303945261153,6.33710747160173,0.5492940606441361
11.0,11,10,0.7386785537082986,0.5013144997633281,3.2508035263405763,1.4181818181818182,3.086303945261153,6.33710747160173,0.5492940606441361
12.0,54,0,0.7366110620534128,0.4774923026962525,2.790181584395242,1.4694444444444439,2.598920841785872,5.389102426181113,0.5487360637627773
12.0,54,1,0.7366110620534128,0.4774923026962525,2.790181584395242,1.4694444444444439,2.598920841785872,5.389102426181113,0.5487360637627773
12.0,54,2,0.7366110620534128,0.4774923026962525,2.790181584395242,1.4694444444444439,2.598920841785872,5.389102426181113,0.5487360637627773
12.0,54,3,0.7366110620534128,0.4774923026962525,2.790181584395242,1.4694444444444439,2.598920841785872,5.389102426181113,0.5487360637627773
12.0,54,4,0.7366110620534128,0.4774923026962525,2.790181584395242,1.4694444444444439,2.598920841785872,5.389102426181113,0.5487360637627773
12.0,54,5,0.7366110620534128,0.4774923026962525,2.790181584395242,1.4694444444444439,2.598920841785872,5.389102426181113,0.5487360637627773
12.0,54,6,0.7366110620534128,0.4774923026962525,2.790181584395242,1.4694444444444439,2.598920841785872,5.389102426181113,0.5487360637627773
12.0,54,7,0.7366110620534128,0.4774923026962525,2.790181584395242,1.4694444444444439,2.598920841785872,5.389102426181113,0.5487360637627773
12.0,54,8,0.7366110620534128,0.4774923026962525,2.790181584395242,1.4694444444444439,2.598920841785872,5.389102426181113,0.5487360637627773
12.0,54,9,0.7366110620534128,0.4774923026962525,2.790181584395242,1.4694444444444439,2.598920841785872,5.389102426181113,0.5487360637627773
12.0,54,10,0.7366110620534128,0.4774923026962525,2.790181584395242,1.4694444444444439,2.598920841785872,5.389102426181113,0.5487360637627773
12.0,54,11,0.7366110620534128,0.4774923026962525,2.790181584395242,1.4694444444444439,2.598920841785872,5.389102426181113,0.5487360637627773
12.0,54,12,0.7366110620534128,0.4774923026962525,2.790181584395242,1.4694444444444439,2.598920841785872,5.389102426181113,0.5487360637627773
12.0,54,13,0.7366110620534128,0.4774923026962525,2.790181584395242,1.4694444444444439,2.598920841785872,5.389102426181113,0.5487360637627773
12.0,54,14,0.7366110620534128,0.4774923026962525,2.790181584395242,1.4694444444444439,2.598920841785872,5.389102426181113,0.5487360637627773
12.0,54,15,0.7366110620534128,0.4774923026962525,2.790181584395242,1.4694444444444439,2.598920841785872,5.389102426181113,0.5487360637627773
12.0,54,16,0.7366110620534128,0.4774923026962525,2.790181584395242,1.4694444444444439,2.598920841785872,5.389102426181113,0.5487360637627773
12.0,54,17,0.7366110620534128,0.4774923026962525,2.790181584395242,1.4694444444444439,2.598920841785872,5.389102426181113,0.5487360637627773
12.0,54,18,0.7366110620534128,0.4774923026962525,2.790181584395242,1.4694444444444439,2.598920841785872,5.389102426181113,0.5487360637627773
12.0,54,19,0.7366110620534128,0.4774923026962525,2.790181584395242,1.4694444444444439,2.598920841785872,5.389102426181113,0.5487360637627773
12.0,54,20,0.7366110620534128,0.4774923026962525,2.790181584395242,1.4694444444444439,2.598920841785872,5.389102426181113,0.5487360637627773
12.0,54,21,0.7366110620534128,0.4774923026962525,2.790181584395242,1.4694444444444439,2.598920841785872,5.389102426181113,0.5487360637627773
12.0,54,22,0.7366110620534128,0.4774923026962525,2.790181584395242,1.4694444444444439,2.598920841785872,5.389102426181113,0.5487360637627773
12.0,54,23,0.7366110620534128,0.4774923026962525,2.790181584395242,1.4694444444444439,2.598920841785872,5.389102426181113,0.5487360637627773
12.0,54,24,0.7366110620534128,0.4774923026962525,2.790181584395242,1.4694444444444439,2.598920841785872,5.389102426181113,0.5487360637627773
12.0,54,25,0.7366110620534128,0.4774923026962525,2.790181584395242,1.4694444444444439,2.598920841785872,5.389102426181113,0.5487360637627773
12.0,54,26,0.7366110620534128,0.4774923026962525,2.790181584395242,1.4694444444444439,2.598920841785872,5.389102426181113,0.5487360637627773
12.0,54,27,0.7366110620534128,0.4774923026962525,2.790181584395242,1.4694444444444439,2.598920841785872,5.389102426181113,0.5487360637627773
12.0,54,28,0.7366110620534128,0.4774923026962525,2.790181584395242,1.4694444444444439,2.598920841785872,5.389102426181113,0.5487360637627773
12.0,54,29,0.7366110620534128,0.4774923026962525,2.790181584395242,1.4694444444444439,2.598920841785872,5.389102426181113,0.5487360637627773
12.0,54,30,0.7366110620534128,0.4774923026962525,2.790181584395242,1.4694444444444439,2.598920841785872,5.389102426181113,0.5487360637627773
12.0,54,31,0.7366110620534128,0.4774923026962525,2.790181584395242,1.4694444444444439,2.598920841785872,5.389102426181113,0.5487360637627773
12.0,54,32,0.7366110620534128,0.4774923026962525,2.790181584395242,1.4694444444444439,2.598920841785872,5.389102426181113,0.5487360637627773
12.0,54,33,0.7366110620534128,0.4774923026962525,2.790181584395242,1.4694444444444439,2.598920841785872,5.389102426181113,0.5487360637627773
12.0,54,34,0.7366110620534128,0.4774923026962525,2.790181584395242,1.4694444444444439,2.598920841785872,5.389102426181113,0.5487360637627773
12.0,54,35,0.7366110620534128,0.4774923026962525,2.790181584395242,1.4694444444444439,2.598920841785872,5.389102426181113,0.5487360637627773
12.0,54,36,0.7366110620534128,0.4774923026962525,2.790181584395242,1.4694444444444439,2.598920841785872,5.389102426181113,0.5487360637627773
12.0,54,37,0.7366110620534128,0.4774923026962525,2.790181584395242,1.4694444444444439,2.598920841785872,5.389102426181113,0.5487360637627773
12.0,54,38,0.7366110620534128,0.4774923026962525,2.790181584395242,1.4694444444444439,2.598920841785872,5.389102426181113,0.5487360637627773
12.0,54,39,0.7366110620534128,0.4774923026962525,2.790181584395242,1.4694444444444439,2.598920841785872,5.389102426181113,0.5487360637627773
12.0,54,40,0.7366110620534128,0.4774923026962525,2.790181584395242,1.4694444444444439,2.598920841785872,5.389102426181113,0.5487360637627773
12.0,54,41,0.7366110620534128,0.4774923026962525,2.790181584395242,1.4694444444444439,2.598920841785872,5.389102426181113,0.5487360637627773
12.0,54,42,0.7366110620534128,0.4774923026962525,2.790181584395242,1.4694444444444439,2.598920841785872,5.389102426181113,0.5487360637627773
12.0,54,43,0.7366110620534128,0.4774923026962525,2.790181584395242,1.4694444444444439,2.598920841785872,5.389102426181113,0.5487360637627773
12.0,54,44,0.7366110620534128,0.4774923026962525,2.790181584395242,1.4694444444444439,2.598920841785872,5.389102426181113,0.5487360637627773
12.0,54,45,0.7366110620534128,0.4774923026962525,2.790181584395242,1.4694444444444439,2.598920841785872,5.389102426181113,0.5487360637627773
12.0,54,46,0.7366110620534128,0.4774923026962525,2.790181584395242,1.4694444444444439,2.598920841785872,5.389102426181113,0.5487360637627773
12.0,54,47,0.7366110620534128,0.4774923026962525,2.790181584395242,1.4694444444444439,2.598920841785872,5.389102426181113,0.5487360637627773
12.0,54,48,0.7366110620534128,0.4774923026962525,2.790181584395242,1.4694444444444439,2.598920841785872,5.389102426181113,0.5487360637627773
12.0,54,49,0.7366110620534128,0.4774923026962525,2.790181584395242,1.4694444444444439,2.598920841785872,5.389102426181113,0.5487360637627773
12.0,54,50,0.7366110620534128,0.4774923026962525,2.790181584395242,1.4694444444444439,2.598920841785872,5.389102426181113,0.5487360637627773
12.0,54,51,0.7366110620534128,0.4774923026962525,2.790181584395242,1.4694444444444439,2.598920841785872,5.389102426181113,0.5487360637627773
12.0,54,52,0.7366110620534128,0.4774923026962525,2.790181584395242,1.4694444444444439,2.598920841785872,5.389102426181113,0.5487360637627773
12.0,54,53,0.7366110620534128,0.4774923026962525,2.790181584395242,1.4694444444444439,2.598920841785872,5.389102426181113,0.5487360637627773
13.0,5,0,0.6772221442934331,0.44096886049844297,2.2785086872510463,1.2400000000000033,2.4169561349946678,4.695464822245714,0.557907652446046
13.0,5,1,0.6772221442934331,0.44096886049844297,2.2785086872510463,1.2400000000000033,2.4169561349946678,4.695464822245714,0.557907652446046
13.0,5,2,0.6772221442934331,0.44096886049844297,2.2785086872510463,1.2400000000000033,2.4169561349946678,4.695464822245714,0.557907652446046
13.0,5,3,0.6772221442934331,0.44096886049844297,2.2785086872510463,1.2400000000000033,2.4169561349946678,4.695464822245714,0.557907652446046
13.0,5,4,0.6772221442934331,0.44096886049844297,2.2785086872510463,1.2400000000000033,2.4169561349946678,4.695464822245714,0.557907652446046
14.0,88,0,0.7622946905867846,0.47020293303996363,2.8955540241132556,1.4829545454545454,2.5448272134973178,5.440381237610573,0.5636759982132514
14.0,88,1,0.7622946905867846,0.47020293303996363,2.8955540241132556,1.4829545454545454,2.5448272134973178,5.440381237610573,0.5636759982132514
14.0,88,2,0.7622946905867846,0.47020293303996363,2.8955540241132556,1.4829545454545454,2.5448272134973178,5.440381237610573,0.5636759982132514
14.0,88,3,0.7622946905867846,0.47020293303996363,2.8955540241132556,1.4829545454545454,2.5448272134973178,5.440381237610573,0.5636759982132514
14.0,88,4,0.7622946905867846,0.47020293303996363,2.8955540241132556,1.4829545454545454,2.5448272134973178,5.440381237610573,0.5636759982132514
14.0,88,5,0.7622946905867846,0.47020293303996363,2.8955540241132556,1.4829545454545454,2.5448272134973178,5.440381237610573,0.5636759982132514
14.0,88,6,0.7622946905867846,0.47020293303996363,2.8955540241132556,1.4829545454545454,2.5448272134973178,5.440381237610573,0.5636759982132514
14.0,88,7,0.7622946905867846,0.47020293303996363,2.8955540241132556,1.4829545454545454,2.5448272134973178,5.440381237610573,0.5636759982132514
14.0,88,8,0.7622946905867846,0.47020293303996363,2.8955540241132556,1.4829545454545454,2.5448272134973178,5.440381237610573,0.5636759982132514
14.0,88,9,0.7622946905867846,0.47020293303996363,2.8955540241132556,1.4829545454545454,2.5448272134973178,5.440381237610573,0.5636759982132514
14.0,88,10,0.7622946905867846,0.47020293303996363,2.8955540241132556,1.4829545454545454,2.5448272134973178,5.440381237610573,0.5636759982132514
14.0,88,11,0.7622946905867846,0.47020293303996363,2.8955540241132556,1.4829545454545454,2.5448272134973178,5.440381237610573,0.5636759982132514
14.0,88,12,0.7622946905867846,0.47020293303996363,2.8955540241132556,1.4829545454545454,2.5448272134973178,5.440381237610573,0.5636759982132514
14.0,88,13,0.7622946905867846,0.47020293303996363,2.8955540241132556,1.4829545454545454,2.5448272134973178,5.440381237610573,0.5636759982132514
14.0,88,14,0.7622946905867846,0.47020293303996363,2.8955540241132556,1.4829545454545454,2.5448272134973178,5.440381237610573,0.5636759982132514
14.0,88,15,0.7622946905867846,0.47020293303996363,2.8955540241132556,1.4829545454545454,2.5448272134973178,5.440381237610573,0.5636759982132514
14.0,88,16,0.7622946905867846,0.47020293303996363,2.8955540241132556,1.4829545454545454,2.5448272134973178,5.440381237610573,0.5636759982132514
14.0,88,17,0.7622946905867846,0.47020293303996363,2.8955540241132556,1.4829545454545454,2.5448272134973178,5.440381237610573,0.5636759982132514
14.0,88,18,0.7622946905867846,0.47020293303996363,2.8955540241132556,1.4829545454545454,2.5448272134973178,5.440381237610573,0.5636759982132514
14.0,88,19,0.7622946905867846,0.47020293303996363,2.8955540241132556,1.4829545454545454,2.5448272134973178,5.440381237610573,0.5636759982132514
14.0,88,20,0.7622946905867846,0.47020293303996363,2.8955540241132556,1.4829545454545454,2.5448272134973178,5.440381237610573,0.5636759982132514
14.0,88,21,0.7622946905867846,0.47020293303996363,2.8955540241132556,1.4829545454545454,2.5448272134973178,5.440381237610573,0.5636759982132514
14.0,88,22,0.7622946905867846,0.47020293303996363,2.8955540241132556,1.4829545454545454,2.5448272134973178,5.440381237610573,0.5636759982132514
14.0,88,23,0.7622946905867846,0.47020293303996363,2.8955540241132556,1.4829545454545454,2.5448272134973178,5.440381237610573,0.5636759982132514
14.0,88,24,0.7622946905867846,0.47020293303996363,2.8955540241132556,1.4829545454545454,2.5448272134973178,5.440381237610573,0.5636759982132514
14.0,88,25,0.7622946905867846,0.47020293303996363,2.8955540241132556,1.4829545454545454,2.5448272134973178,5.440381237610573,0.5636759982132514
14.0,88,26,0.7622946905867846,0.47020293303996363,2.8955540241132556,1.4829545454545454,2.5448272134973178,5.440381237610573,0.5636759982132514
14.0,88,27,0.7622946905867846,0.47020293303996363,2.8955540241132556,1.4829545454545454,2.5448272134973178,5.440381237610573,0.5636759982132514
14.0,88,28,0.7622946905867846,0.47020293303996363,2.8955540241132556,1.4829545454545454,2.5448272134973178,5.440381237610573,0.5636759982132514
14.0,88,29,0.7622946905867846,0.47020293303996363,2.8955540241132556,1.4829545454545454,2.5448272134973178,5.440381237610573,0.5636759982132514
14.0,88,30,0.7622946905867846,0.47020293303996363,2.8955540241132556,1.4829545454545454,2.5448272134973178,5.440381237610573,0.5636759982132514
14.0,88,31,0.7622946905867846,0.47020293303996363,2.8955540241132556,1.4829545454545454,2.5448272134973178,5.440381237610573,0.5636759982132514
14.0,88,32,0.7622946905867846,0.47020293303996363,2.8955540241132556,1.4829545454545454,2.5448272134973178,5.440381237610573,0.5636759982132514
14.0,88,33,0.7622946905867846,0.47020293303996363,2.8955540241132556,1.4829545454545454,2.5448272134973178,5.440381237610573,0.5636759982132514
14.0,88,34,0.7622946905867846,0.47020293303996363,2.8955540241132556,1.4829545454545454,2.5448272134973178,5.440381237610573,0.5636759982132514
14.0,88,35,0.7622946905867846,0.47020293303996363,2.8955540241132556,1.4829545454545454,2.5448272134973178,5.440381237610573,0.5636759982132514
14.0,88,36,0.7622946905867846,0.47020293303996363,2.8955540241132556,1.4829545454545454,2.5448272134973178,5.440381237610573,0.5636759982132514
14.0,88,37,0.7622946905867846,0.47020293303996363,2.8955540241132556,1.4829545454545454,2.5448272134973178,5.440381237610573,0.5636759982132514
14.0,88,38,0.7622946905867846,0.47020293303996363,2.8955540241132556,1.4829545454545454,2.5448272134973178,5.440381237610573,0.5636759982132514
14.0,88,39,0.7622946905867846,0.47020293303996363,2.8955540241132556,1.4829545454545454,2.5448272134973178,5.440381237610573,0.5636759982132514
14.0,88,40,0.7622946905867846,0.47020293303996363,2.8955540241132556,1.4829545454545454,2.5448272134973178,5.440381237610573,0.5636759982132514
14.0,88,41,0.7622946905867846,0.47020293303996363,2.8955540241132556,1.4829545454545454,2.5448272134973178,5.440381237610573,0.5636759982132514
14.0,88,42,0.7622946905867846,0.47020293303996363,2.8955540241132556,1.4829545454545454,2.5448272134973178,5.440381237610573,0.5636759982132514
14.0,88,43,0.7622946905867846,0.47020293303996363,2.8955540241132556,1.4829545454545454,2.5448272134973178,5.440381237610573,0.5636759982132514
14.0,88,44,0.7622946905867846,0.47020293303996363,2.8955540241132556,1.4829545454545454,2.5448272134973178,5.440381237610573,0.5636759982132514
14.0,88,45,0.7622946905867846,0.47020293303996363,2.8955540241132556,1.4829545454545454,2.5448272134973178,5.440381237610573,0.5636759982132514
14.0,88,46,0.7622946905867846,0.47020293303996363,2.8955540241132556,1.4829545454545454,2.5448272134973178,5.440381237610573,0.5636759982132514
14.0,88,47,0.7622946905867846,0.47020293303996363,2.8955540241132556,1.4829545454545454,2.5448272134973178,5.440381237610573,0.5636759982132514
14.0,88,48,0.7622946905867846,0.47020293303996363,2.8955540241132556,1.4829545454545454,2.5448272134973178,5.440381237610573,0.5636759982132514
14.0,88,49,0.7622946905867846,0.47020293303996363,2.8955540241132556,1.4829545454545454,2.5448272134973178,5.440381237610573,0.5636759982132514
14.0,88,50,0.7622946905867846,0.47020293303996363,2.8955540241132556,1.4829545454545454,2.5448272134973178,5.440381237610573,0.5636759982132514
14.0,88,51,0.7622946905867846,0.47020293303996363,2.8955540241132556,1.4829545454545454,2.5448272134973178,5.440381237610573,0.5636759982132514
14.0,88,52,0.7622946905867846,0.47020293303996363,2.8955540241132556,1.4829545454545454,2.5448272134973178,5.440381237610573,0.5636759982132514
14.0,88,53,0.7622946905867846,0.47020293303996363,2.8955540241132556,1.4829545454545454,2.5448272134973178,5.440381237610573,0.5636759982132514
14.0,88,54,0.7622946905867846,0.47020293303996363,2.8955540241132556,1.4829545454545454,2.5448272134973178,5.440381237610573,0.5636759982132514
14.0,88,55,0.7622946905867846,0.47020293303996363,2.8955540241132556,1.4829545454545454,2.5448272134973178,5.440381237610573,0.5636759982132514
14.0,88,56,0.7622946905867846,0.47020293303996363,2.8955540241132556,1.4829545454545454,2.5448272134973178,5.440381237610573,0.5636759982132514
14.0,88,57,0.7622946905867846,0.47020293303996363,2.8955540241132556,1.4829545454545454,2.5448272134973178,5.440381237610573,0.5636759982132514
14.0,88,58,0.7622946905867846,0.47020293303996363,2.8955540241132556,1.4829545454545454,2.5448272134973178,5.440381237610573,0.5636759982132514
14.0,88,59,0.7622946905867846,0.47020293303996363,2.8955540241132556,1.4829545454545454,2.5448272134973178,5.440381237610573,0.5636759982132514
14.0,88,60,0.7622946905867846,0.47020293303996363,2.8955540241132556,1.4829545454545454,2.5448272134973178,5.440381237610573,0.5636759982132514
14.0,88,61,0.7622946905867846,0.47020293303996363,2.8955540241132556,1.4829545454545454,2.5448272134973178,5.440381237610573,0.5636759982132514
14.0,88,62,0.7622946905867846,0.47020293303996363,2.8955540241132556,1.4829545454545454,2.5448272134973178,5.440381237610573,0.5636759982132514
14.0,88,63,0.7622946905867846,0.47020293303996363,2.8955540241132556,1.4829545454545454,2.5448272134973178,5.440381237610573,0.5636759982132514
14.0,88,64,0.7622946905867846,0.47020293303996363,2.8955540241132556,1.4829545454545454,2.5448272134973178,5.440381237610573,0.5636759982132514
14.0,88,65,0.7622946905867846,0.47020293303996363,2.8955540241132556,1.4829545454545454,2.5448272134973178,5.440381237610573,0.5636759982132514
14.0,88,66,0.7622946905867846,0.47020293303996363,2.8955540241132556,1.4829545454545454,2.5448272134973178,5.440381237610573,0.5636759982132514
14.0,88,67,0.7622946905867846,0.47020293303996363,2.8955540241132556,1.4829545454545454,2.5448272134973178,5.440381237610573,0.5636759982132514
14.0,88,68,0.7622946905867846,0.47020293303996363,2.8955540241132556,1.4829545454545454,2.5448272134973178,5.440381237610573,0.5636759982132514
14.0,88,69,0.7622946905867846,0.47020293303996363,2.8955540241132556,1.4829545454545454,2.5448272134973178,5.440381237610573,0.5636759982132514
14.0,88,70,0.7622946905867846,0.47020293303996363,2.8955540241132556,1.4829545454545454,2.5448272134973178,5.440381237610573,0.5636759982132514
14.0,88,71,0.7622946905867846,0.47020293303996363,2.8955540241132556,1.4829545454545454,2.5448272134973178,5.440381237610573,0.5636759982132514
14.0,88,72,0.7622946905867846,0.47020293303996363,2.8955540241132556,1.4829545454545454,2.5448272134973178,5.440381237610573,0.5636759982132514
14.0,88,73,0.7622946905867846,0.47020293303996363,2.8955540241132556,1.4829545454545454,2.5448272134973178,5.440381237610573,0.5636759982132514
14.0,88,74,0.7622946905867846,0.47020293303996363,2.8955540241132556,1.4829545454545454,2.5448272134973178,5.440381237610573,0.5636759982132514
14.0,88,75,0.7622946905867846,0.47020293303996363,2.8955540241132556,1.4829545454545454,2.5448272134973178,5.440381237610573,0.5636759982132514
14.0,88,76,0.7622946905867846,0.47020293303996363,2.8955540241132556,1.4829545454545454,2.5448272134973178,5.440381237610573,0.5636759982132514
14.0,88,77,0.7622946905867846,0.47020293303996363,2.8955540241132556,1.4829545454545454,2.5448272134973178,5.440381237610573,0.5636759982132514
14.0,88,78,0.7622946905867846,0.47020293303996363,2.8955540241132556,1.4829545454545454,2.5448272134973178,5.440381237610573,0.5636759982132514
14.0,88,79,0.7622946905867846,0.47020293303996363,2.8955540241132556,1.4829545454545454,2.5448272134973178,5.440381237610573,0.5636759982132514
14.0,88,80,0.7622946905867846,0.47020293303996363,2.8955540241132556,1.4829545454545454,2.5448272134973178,5.440381237610573,0.5636759982132514
14.0,88,81,0.7622946905867846,0.47020293303996363,2.8955540241132556,1.4829545454545454,2.5448272134973178,5.440381237610573,0.5636759982132514
14.0,88,82,0.7622946905867846,0.47020293303996363,2.8955540241132556,1.4829545454545454,2.5448272134973178,5.440381237610573,0.5636759982132514
14.0,88,83,0.7622946905867846,0.47020293303996363,2.8955540241132556,1.4829545454545454,2.5448272134973178,5.440381237610573,0.5636759982132514
14.0,88,84,0.7622946905867846,0.47020293303996363,2.8955540241132556,1.4829545454545454,2.5448272134973178,5.440381237610573,0.5636759982132514
14.0,88,85,0.7622946905867846,0.47020293303996363,2.8955540241132556,1.4829545454545454,2.5448272134973178,5.440381237610573,0.5636759982132514
14.0,88,86,0.7622946905867846,0.47020293303996363,2.8955540241132556,1.4829545454545454,2.5448272134973178,5.440381237610573,0.5636759982132514
14.0,88,87,0.7622946905867846,0.47020293303996363,2.8955540241132556,1.4829545454545454,2.5448272134973178,5.440381237610573,0.5636759982132514
15.0,11,0,0.707133219386077,0.47748608966103123,2.488152626579893,1.4181818181818164,2.4857877357711953,4.973940362351088,0.5095312957439267
15.0,11,1,0.707133219386077,0.47748608966103123,2.488152626579893,1.4181818181818164,2.4857877357711953,4.973940362351088,0.5095312957439267
15.0,11,2,0.707133219386077,0.47748608966103123,2.488152626579893,1.4181818181818164,2.4857877357711953,4.973940362351088,0.5095312957439267
15.0,11,3,0.707133219386077,0.47748608966103123,2.488152626579893,1.4181818181818164,2.4857877357711953,4.973940362351088,0.5095312957439267
15.0,11,4,0.707133219386077,0.47748608966103123,2.488152626579893,1.4181818181818164,2.4857877357711953,4.973940362351088,0.5095312957439267
15.0,11,5,0.707133219386077,0.47748608966103123,2.488152626579893,1.4181818181818164,2.4857877357711953,4.973940362351088,0.5095312957439267
15.0,11,6,0.707133219386077,0.47748608966103123,2.488152626579893,1.4181818181818164,2.4857877357711953,4.973940362351088,0.5095312957439267
15.0,11,7,0.707133219386077,0.47748608966103123,2.488152626579893,1.4181818181818164,2.4857877357711953,4.973940362351088,0.5095312957439267
15.0,11,8,0.707133219386077,0.47748608966103123,2.488152626579893,1.4181818181818164,2.4857877357711953,4.973940362351088,0.5095312957439267
15.0,11,9,0.707133219386077,0.47748608966103123,2.488152626579893,1.4181818181818164,2.4857877357711953,4.973940362351088,0.5095312957439267
15.0,11,10,0.707133219386077,0.47748608966103123,2.488152626579893,1.4181818181818164,2.4857877357711953,4.973940362351088,0.5095312957439267
16.0,16,0,0.7646977758447498,0.464804877096495,2.4788302787131062,1.4562499999999998,2.192939390827741,4.671769669540847,0.553691442317749
16.0,16,1,0.7646977758447498,0.464804877096495,2.4788302787131062,1.4562499999999998,2.192939390827741,4.671769669540847,0.553691442317749
16.0,16,2,0.7646977758447498,0.464804877096495,2.4788302787131062,1.4562499999999998,2.192939390827741,4.671769669540847,0.553691442317749
16.0,16,3,0.7646977758447498,0.464804877096495,2.4788302787131062,1.4562499999999998,2.192939390827741,4.671769669540847,0.553691442317749
16.0,16,4,0.7646977758447498,0.464804877096495,2.4788302787131062,1.4562499999999998,2.192939390827741,4.671769669540847,0.553691442317749
16.0,16,5,0.7646977758447498,0.464804877096495,2.4788302787131062,1.4562499999999998,2.192939390827741,4.671769669540847,0.553691442317749
16.0,16,6,0.7646977758447498,0.464804877096495,2.4788302787131062,1.4562499999999998,2.192939390827741,4.671769669540847,0.553691442317749
16.0,16,7,0.7646977758447498,0.464804877096495,2.4788302787131062,1.4562499999999998,2.192939390827741,4.671769669540847,0.553691442317749
16.0,16,8,0.7646977758447498,0.464804877096495,2.4788302787131062,1.4562499999999998,2.192939390827741,4.671769669540847,0.553691442317749
16.0,16,9,0.7646977758447498,0.464804877096495,2.4788302787131062,1.4562499999999998,2.192939390827741,4.671769669540847,0.553691442317749
16.0,16,10,0.7646977758447498,0.464804877096495,2.4788302787131062,1.4562499999999998,2.192939390827741,4.671769669540847,0.553691442317749
16.0,16,11,0.7646977758447498,0.464804877096495,2.4788302787131062,1.4562499999999998,2.192939390827741,4.671769669540847,0.553691442317749
16.0,16,12,0.7646977758447498,0.464804877096495,2.4788302787131062,1.4562499999999998,2.192939390827741,4.671769669540847,0.553691442317749
16.0,16,13,0.7646977758447498,0.464804877096495,2.4788302787131062,1.4562499999999998,2.192939390827741,4.671769669540847,0.553691442317749
16.0,16,14,0.7646977758447498,0.464804877096495,2.4788302787131062,1.4562499999999998,2.192939390827741,4.671769669540847,0.553691442317749
16.0,16,15,0.7646977758447498,0.464804877096495,2.4788302787131062,1.4562499999999998,2.192939390827741,4.671769669540847,0.553691442317749
