fold_growth,division_ratio,added_length,generationtime,length_birth,length_final,growth_rate,lineage_ID,generation
-0.5924011777446013,,-1.913799301539986,-1.1078947368421037,2.314979380084143,0.40118007854415794,0.030653633489098997,0.0,0.0
-0.10146123187664169,0.06368763959242946,0.09407061081185653,-0.20789473684210513,0.4429733900854247,0.5370440008972821,-0.02219070455208305,0.0,1.0
-0.18790113456685753,0.06890755119678421,-0.34374080262413376,-0.4078947368421044,0.544507881109447,0.20076707848531417,0.003302608056679035,0.0,2.0
-0.019873926393222496,0.0618422606323919,0.49865614349105414,1.2921052631578949,0.3309535603931302,0.8296097038841852,-0.30127135963833923,0.0,3.0
-0.21472454218911496,-0.04103987631210665,-0.9740473844025925,-0.20789473684210513,-0.036143893647815784,-1.0101912780504074,-0.11280135280206172,0.0,4.0
0.017239276302688844,0.018952248886094314,-0.29537162621080704,0.592105263157892,-0.4823733965973016,-0.7777450228081078,-0.18518144383907537,0.0,5.0
-0.16098488413777823,-0.08627646190986127,-1.5012821383313113,-0.007894736842105843,-0.9047797681482119,-2.4060619064795223,-0.14131589985591253,0.0,6.0
0.39280914464293837,-0.016554888291363812,0.22557993324544867,0.6421052631578927,-1.2436517985015276,-1.0180718652560783,-0.015935046185625357,0.0,7.0
-0.23526941545687663,-0.07633117344707008,-1.7736336414278864,0.19210526315789345,-0.9421637572137722,-2.7157973986416577,-0.24050824724242692,0.0,8.0
0.161190960542834,-0.0036030955319470426,-0.9135520428556321,-0.30789473684209945,-1.3347739257177627,-2.248325968573394,0.2554233240428553,0.0,9.0
0.8152174627415404,-0.17818124719042266,0.6715362898177037,0.7921052631578949,-1.7518194006094765,-1.0802831107917719,0.13364897987951674,0.0,10.0
0.3943819269319674,0.04373644067385374,2.206007848081481,0.7421052631578977,-0.39742513452771444,1.8085827135537675,-0.04123355710031984,0.0,11.0
0.06774105327999269,-0.044327422287211204,1.103975805001518,-0.20789473684210513,0.32934748200803243,1.433323287009551,0.11317112357322445,0.0,12.0
0.31749750305648117,-0.09146344924649502,2.136846393689213,0.342105263157892,-0.1603290753680584,1.9765173183211555,0.03760766343526656,0.0,13.0
0.060789456174173306,0.04917580855794268,2.154786342895818,-0.30789473684210655,1.123441348183539,3.2782276910793575,0.16811766807011197,0.0,14.0
-0.5026199470103798,0.025155000259127036,-1.6079078319934395,-1.0578947368421066,1.541941690170436,-0.06596614182300264,0.17774624248862458,0.0,15.0
0.14388941858602888,0.01322224969677771,1.0214478875073292,-0.30789473684210655,-0.08195343789854537,0.9394944496087847,0.24037850494998647,0.0,16.0
-0.2817683005752314,-0.008512698830398846,-1.1022594271426045,-0.05789473684209945,0.2270898969155719,-0.8751695302270317,-0.21162854697755035,0.0,17.0
-0.07375164230794007,0.2016111135514756,0.31268694198696734,-0.407894736842108,0.48017895928045595,0.7928659012674242,0.11201641020803133,0.0,18.0
-0.5358794899972923,,-2.237072301482338,-1.2440789473684202,1.3763939165770305,-0.8606783849053068,0.28690164279340413,1.0,0.0
0.01893716402966983,-0.008871283909413663,-0.3716647445195176,-0.2940789473684202,-0.471208478819483,-0.8428732233389997,0.10451873987602667,1.0,1.0
-0.06709136634309776,0.0337440515057717,-0.5864634508700828,0.4559210526315798,-0.2344024220473644,-0.8208658729174463,-0.18268039031094185,1.0,2.0
0.227516135800916,0.0386450005054601,1.3189557467929474,0.9059210526315802,-0.19674255703157684,1.1222131897613714,-0.12457987088050149,1.0,3.0
-0.35940497481572486,0.059262573024742304,-1.398542980012845,-0.7440789473684202,0.9598074361427518,-0.4387355438700924,-0.020729626457709593,1.0,4.0
0.04303925344616488,0.006124164597213211,0.09708505781483723,0.30592105263157965,-0.18646556115124646,-0.08938050333640835,-0.09276222088895203,1.0,5.0
0.30400007554006436,-0.08958547995584804,1.1555486783900468,1.7559210526315798,-0.6022058854538641,0.5533427929361832,-0.20642396864722956,1.0,6.0
-0.6235892130458324,0.01888966544699966,-2.80802986633946,-0.9940789473684202,0.38090963148794676,-2.4271202348515124,-0.29571577042357877,1.0,7.0
0.0427808989881906,-0.04088713471841565,-1.2591582593827813,0.7559210526315798,-1.3282865492664415,-2.587444808649222,-0.17982345920398607,1.0,8.0
0.15140707296558908,0.06040911718743586,-0.41872376244562215,0.3559210526315777,-1.0322243499963595,-1.4509481124419805,-0.04593453656919383,1.0,9.0
0.1470462805887348,-0.05984322485021859,-0.380382954994817,1.0059210526315798,-0.9908557031715559,-1.371238658166372,-0.1728843897880099,1.0,10.0
-0.05964197563872431,-0.0486474702907822,-1.1974832434300944,-0.2940789473684209,-0.9033586310548425,-2.100841874484936,0.039036123485698515,1.0,11.0
0.29864284513734185,-0.02100570193121637,0.20453575577821592,0.6559210526315784,-1.1038283292159707,-0.8992925734377542,-0.04464716647217509,1.0,12.0
0.01748351899234879,-0.06948195311365657,-0.7638405313306698,0.05592105263158054,-0.8108379468741993,-1.5746784782048682,-0.03913171560795475,1.0,13.0
0.0967754674780481,0.004519986763358241,-0.29550090036344256,0.1559210526315784,-0.744782701077733,-1.0402836014411747,-0.020673721121981625,1.0,14.0
-0.25241844030297533,0.020048086283946,-1.6048765575382058,-0.5940789473684216,-0.406304960570564,-2.011181518108769,0.013683523280564325,1.0,15.0
0.1869612528358634,-0.010025913590048341,-0.22310998726242204,0.005921052631579826,-1.0167496805026273,-1.2398596677650486,0.09013219281567009,1.0,16.0
0.19766630464005974,-0.0819946900033981,-0.1628723923643305,0.1559210526315784,-1.0123586753802603,-1.1752310677445896,0.04047224079438916,1.0,17.0
-0.05620489373063653,0.08412337447288126,-0.4462257457992935,-0.24407894736842017,-0.15145101341097877,-0.5976767592102714,0.01912457241488441,1.0,18.0
0.36945689374773816,-0.026466738288392966,1.929402403986555,0.2559210526315798,-0.44624009769892803,1.4831623062876274,0.10618306129930255,1.0,19.0
0.23283714685757018,-0.03325863774631205,2.4096012251513317,0.20592105263158267,0.44287048533199114,2.8524717104833233,0.044456073503488236,1.0,20.0
-0.41904505437973943,-0.0014053726002113964,-1.5881309923664801,-0.9940789473684202,1.3414668667143186,-0.24666412565216067,0.1133725469086071,1.0,21.0
0.05066730774272166,-0.012649870310858458,0.12141187587229041,-0.19407894736842302,-0.20514863330085387,-0.08373675742856257,0.0803101557074195,1.0,22.0
0.05801734379137102,-0.03217401408958631,0.1134576491811563,0.005921052631579826,-0.24867351213524902,-0.13521586295409183,0.004169586786008539,1.0,23.0
0.24315786880227452,-0.010486924273192033,1.529172768878973,0.305921052631577,-0.14006749168560306,1.3891052771933703,0.01841478764222082,1.0,24.0
-0.3594954411788332,0.006719793252487727,-1.5170853438549226,-0.944078947368423,0.7044945363170672,-0.8125908075378545,0.16338394924162125,1.0,25.0
-0.10577248268669914,0.031788767141349095,-0.786281510743696,0.055921052631576984,-0.2294205819088555,-1.0157020926525506,-0.11865171669121055,1.0,26.0
0.01701039427536133,-0.029467954343779412,-0.5851896788372835,0.05592105263158409,-0.6509129292421405,-1.236102608079423,-0.03943695736085101,1.0,27.0
0.5446156639374274,-0.00633002447361819,2.907883994166548,0.5059210526315798,-0.6350231816198919,2.272860812546657,0.11455277730093427,1.0,28.0
0.3381644718440081,-0.04042694996258128,3.9795761922769888,0.4059210526315784,0.7339855772896184,4.713561769566608,0.03968620613320539,1.0,29.0
-0.2984826095171818,0.04519140624320145,-0.05046746444810779,-0.7940789473684173,2.738708795719991,2.6882413312718842,0.10249980003939874,1.0,30.0
-0.5511352288543646,0.036961239830887116,-2.2707482205144034,-1.1440789473684188,1.6041974886179053,-0.6665507318964972,0.010629264847536457,1.0,31.0
-0.022416933856600485,0.056294503106154636,-0.11489640410281465,0.05592105263158409,-0.019165127037700902,-0.13406153114051467,-0.06487394325243923,1.0,32.0
0.3180061689159922,-0.0023742021898763843,2.212803457873809,0.7559210526315798,-0.0902884693128696,2.1225149885609405,-0.05750111701385202,1.0,33.0
-0.09845887011429122,0.11184355301535359,1.1971146360740663,-0.39407894736842586,1.935854422647866,3.132969058721933,0.05525080259264936,1.0,34.0
-0.07988506998997913,-0.08914987705692523,0.17691887734421785,-0.444078947368423,0.6561760901595206,0.8330949675037393,0.10068990242718567,1.0,35.0
0.1594312520613167,-0.0391854216318645,1.2858950019329827,-0.29407894736842444,0.11150896720244718,1.3974039691354303,0.22159714656906837,1.0,36.0
-0.2090862616233553,0.009991686521265197,-0.6218966497549281,-0.7440789473684202,0.7333928800064231,0.11149623025149591,0.17969532446544978,1.0,37.0
-0.1629970351250869,-0.023643194574093584,-0.9798153650123749,-0.6440789473684188,-0.10759877473293189,-1.0874141397453059,0.15071916553260545,1.0,38.0
0.08612566655655962,-0.058096378739377785,-0.45903641641412296,-0.3440789473684216,-0.8295992982472828,-1.288635714661405,0.19042235213081982,1.0,39.0
0.3467734457745061,-0.07141840811294448,0.7096778398417589,0.305921052631577,-0.9797359137084367,-0.2700580738666769,0.07597899707123845,1.0,40.0
-0.013343049580482491,-0.020977492609549064,-0.32239451713096967,-0.0940789473684216,-0.26546481679209366,-0.5878593339230624,-0.008826131462999931,1.0,41.0
0.1288652120936331,0.024228948514348037,0.6855842187542938,0.005921052631586932,-0.1571181943493838,0.5284660244049109,0.05140149898751378,1.0,42.0
-0.02565310522359754,0.05678721114194735,0.5351670966553761,0.2559210526315798,0.6236467279284237,1.1588138245838007,-0.11959408097003205,1.0,43.0
-0.055798056956324116,0.020232018010521657,0.38376258917146977,-0.444078947368423,0.6921533072108534,1.075915896382324,0.12362991484019048,1.0,44.0
-0.15538991432788196,-0.010327222522905577,-0.5155652301646785,-0.5440789473684173,0.42833264864236975,-0.08723258152230784,0.08733577090029343,1.0,45.0
-0.15026225787692404,-0.051280669135404355,-1.1225124449013277,-0.4940789473684202,-0.3670933752586141,-1.489605820159941,0.06172192423391831,1.0,46.0
0.053900079600072814,0.030528388041908994,-0.3139526556567467,0.005921052631579826,-0.5810652110533288,-0.8950178667100745,0.001424743991809696,1.0,47.0
0.029071382081890307,0.05864067684288138,0.07877931267379346,-0.39407894736842586,-0.1289715877716775,-0.050192275097883154,0.17118739549826956,1.0,48.0
-0.053279011648700414,-0.02584269990442345,-0.47248266157318586,-0.3440789473684145,-0.1947327979883342,-0.6672154595615192,0.06920089282189423,1.0,49.0
0.05530590674772207,-0.059658664348576196,-0.40407178861672044,-0.04407894736841733,-0.6614522751493359,-1.0655240637660555,0.020632867384608455,1.0,50.0
-0.014753541552321114,-0.03535936398753409,-0.7965255271474301,0.005921052631579826,-0.7035705357574513,-1.5000960629048805,-0.044344336776452886,1.0,51.0
0.3645602589397233,0.033065566807435165,1.6332920585289008,0.7559210526315798,-0.5744756358935135,1.0588164226353882,-0.03681041033663818,1.0,52.0
-0.08631350751696587,-0.04810495048926833,-0.3383787364244508,-0.29407894736843154,0.14597346950878443,-0.1924052669156655,0.016809846920502025,1.0,53.0
0.4069246553582241,-0.06573230376638034,2.109746820737322,0.6559210526315713,-0.49892883237719854,1.6108179883601244,0.005716466188702141,1.0,54.0
-0.3522968640553912,0.06281043800051983,-1.2199984668531378,-0.7440789473684202,1.2504506600289638,0.030452193175826814,-0.011252145443931383,1.0,55.0
0.468930181584743,-0.09872096910275663,2.3429007813536504,1.6559210526315713,-0.6125091933884121,1.7303915879652392,-0.14387249616322983,1.0,56.0
-0.2737315048478651,0.03022708235748378,-0.8254128091491406,-0.5440789473684173,1.0567101176441298,0.23129730849499008,-0.037234324383899065,1.0,57.0
0.01429689329387518,0.06451540082010782,0.7121143483968662,-0.29407894736841733,0.5142031071335924,1.2263174555304595,0.10065184759619628,1.0,58.0
-0.1283387341314891,-0.05616412636653567,-0.5754160269091613,-0.3440789473684145,0.15824514923666344,-0.41717087767249694,0.003931568923817408,1.0,59.0
0.18846499046969922,0.027997366841034654,1.2636600372443239,0.055921052631576984,-0.049445369456059485,1.2142146677882657,0.07117891115162744,1.0,60.0
-0.46840839113196936,0.021210144198516023,-2.0663397599652717,-0.8940789473684259,0.7270576402398903,-1.3392821197253806,-0.07571082073760654,1.0,61.0
0.30356558537206124,0.0030388162953342013,1.0864511466357296,0.055921052631576984,-0.6382059553349739,0.4482451913007566,0.1454373594757321,1.0,62.0
-0.09727655612842079,0.008494949627719295,-0.3017058484858737,-0.6440789473684259,0.2594580468866319,-0.04224780159924091,0.22803737611692476,1.0,63.0
-0.38508335202122096,0.08383090506840757,-1.7468091886116635,-0.7940789473684173,0.4845754608984767,-1.2622337277131859,-0.021215546394942386,1.0,64.0
0.1610835775260483,-0.008684426979434223,0.17275603957776786,0.20592105263158267,-0.6590037619051281,-0.48624772232735936,0.0022480915437695925,1.0,65.0
-0.010498957265972164,0.05033983815619586,0.024869023380319266,-0.09407894736841449,0.043277903817324326,0.06814692719764448,-0.006794636952638045,1.0,66.0
-0.26154565255358386,0.054602968345494884,-1.1713453166730883,-0.39407894736842586,0.36338870743389684,-0.8079566092391905,-0.09300990871579923,1.0,67.0
-0.2496278035398145,0.01969089502372945,-1.5211190317462804,-0.29407894736843154,-0.2923269103404693,-1.8134459420867488,-0.11928539976520647,1.0,68.0
0.006591672720276609,0.08345600358522881,-0.4845152538462778,0.055921052631576984,-0.5136724837127224,-0.9981877375589994,-0.04615871320283893,1.0,69.0
0.0740270391056077,-0.010299577362821166,-0.15856410740654825,0.055921052631576984,-0.5432680999820652,-0.7018322073886125,-0.0026520252123026777,1.0,70.0
0.09113797197872298,-0.01203076224280164,0.10383030066137522,0.5059210526315798,-0.4139376009794118,-0.3101073003180357,-0.11218606867841796,1.0,71.0
-0.1280309391194694,0.045850822468978814,-0.6142822604858971,0.1559210526315713,0.11003309022858421,-0.504249170257312,-0.1569200281507786,1.0,72.0
0.08690435018733,0.08971610377327893,0.9426056804714298,0.5559210526315912,0.25816089569432865,1.2007665761657593,-0.12438071888807489,1.0,73.0
0.7030075568444148,-0.09287018925845342,6.012766251863639,3.805921052631577,-0.12433028014511116,5.888435971718529,-0.2553271158989184,1.0,74.0
-0.46252066797508273,0.009108726013881963,-1.3384395115299732,0.7559210526315798,2.918076346543275,1.5796368350133028,-0.4044019334098853,1.0,75.0
-0.2016693817008628,,-1.211080538048828,-0.5806451612903225,-0.23260848746375595,-1.4436890255125832,0.06837040140387696,2.0,0.0
0.3682212620431433,-0.01354608872014823,1.0029355117090146,0.41935483870967727,-0.65416881059839,0.348766701110625,0.049094146325530885,2.0,1.0
-0.4106523827790217,-0.07055380883475904,-1.971058532274042,-0.23064516129032242,-0.19914096474381404,-2.170199497017855,-0.2441763429986441,2.0,2.0
0.32843692418761306,0.027832752413308903,0.3890013754567043,0.5193548387096771,-0.8348505674250148,-0.44584919196830963,0.002093656926594911,2.0,3.0
-0.14377634854248766,-0.0433529151862278,-1.0918292283803157,0.06935483870967785,-0.36577743380111416,-1.457606662181429,-0.13623263912768607,2.0,4.0
-0.08027305747463864,0.07609883184792648,-0.7440763489887336,-0.38064516129032144,-0.2925056046311072,-1.03658195361984,0.06812681260894682,2.0,5.0
0.3445722494583341,-0.07875610963818508,0.6145986573649149,0.2193548387096782,-0.7693198328037583,-0.15472117543884245,0.10141879475867566,2.0,6.0
-0.10538976167746716,-0.04475349601917761,-0.8162794787552881,-0.08064516129032251,-0.2534060222191079,-1.069685500974395,-0.07025756988075876,2.0,7.0
-0.06395933027285217,0.09171532518267317,-0.3632961909935726,-0.43064516129032215,-0.016214598558231597,-0.3795107895518033,0.10875612170205573,2.0,8.0
0.03480448185486318,0.0020178680427822004,0.058796708999631075,-0.38064516129032144,-0.10337663471680658,-0.04457992571717462,0.16402476205019823,2.0,9.0
0.027098350015512862,-0.002592489476774207,0.18380055481406288,0.2693548387096789,0.024377892666862522,0.2081784474809263,-0.08752632783894398,2.0,10.0
0.05221464903238515,0.06431797039155002,1.0154454833586568,0.01935483870967536,0.5248064228542169,1.540251906212875,-0.0011182621006042837,2.0,11.0
-0.3028643202830559,-0.007228440760946586,-0.985171605514032,-0.4806451612903211,0.7089971326096567,-0.27617447290437447,-0.0789380112981809,2.0,12.0
0.029816713782769177,-0.043857531062404975,-0.2255209650454213,-0.2806451612903218,-0.29853919916260674,-0.5240601642080271,0.10602667010650924,2.0,13.0
-0.020098644141378963,-0.004281814651685978,-0.3536298116409591,0.2193548387096782,-0.20121688613728184,-0.55484669777824,-0.10117614613005377,2.0,14.0
0.26454485305091513,0.11803952296225645,2.449054747103781,1.0193548387096754,0.397206173297163,2.846260920400945,-0.12674298763048408,2.0,15.0
0.3383971190116528,-0.25886957546692635,0.4694502781063612,-0.3806451612903232,-0.821267732904676,-0.35181745479831417,0.41701862634752407,2.0,16.0
-0.40938650990503234,0.009927069381958586,-1.8930113693766013,-0.6806451612903239,-0.04951343340309711,-1.9425248027796975,-0.09482161283401092,2.0,17.0
-0.028262040592055726,0.0602098253782099,-0.8762188464087162,0.2693548387096789,-0.607700451322204,-1.4839192977309192,-0.11745086330249455,2.0,18.0
-0.10120242508935928,0.012288172148144427,-1.120606462211127,0.5193548387096789,-0.5666246568196833,-1.6872311190308094,-0.20249650939577318,2.0,19.0
0.28637020715770634,0.03290734771909071,0.6827206450314369,1.569354838709676,-0.5818346835794042,0.10088596145203343,-0.1919829928907047,2.0,20.0
0.023463278291496192,0.048437516052220964,0.6246081642162586,-0.03064516129032535,0.3791434852083393,1.0037516494245988,-0.002281904823880243,2.0,21.0
0.2672672536107532,0.10865601105945116,4.08369266574756,0.7693548387096789,1.2292875199223792,5.31298018566994,-0.0816132677256241,2.0,22.0
-0.3589277554347554,0.007581103654475174,-0.21751961888497728,-0.6306451612903268,2.560656185302416,2.3431365664174395,-0.06514140495281323,2.0,23.0
0.008976819129959734,-0.06020051320012182,0.8738985565331738,0.21935483870967465,0.6501069551742322,1.524005511707407,-0.08502311097930915,2.0,24.0
-0.2831386225699718,-0.008219850384891647,-0.8898219743986648,-0.18064516129031682,0.6946930948393137,-0.1951288795593502,-0.1636628146171163,2.0,25.0
0.22906247258698276,-0.08985566052934335,0.4949914602418941,0.019354838709678912,-0.5119912418669703,-0.016999781625075094,0.10941162762101786,2.0,26.0
0.048622043020705275,-0.002376753510901719,0.3279229265930357,0.31935483870967607,0.0380608567055174,0.36598378329855397,-0.08810718480089141,2.0,27.0
-0.09594785693567276,-0.0012756132035317003,-0.28217513600887223,-0.9306451612903239,0.21806668635002513,-0.06410844965884621,0.558642137758394,2.0,28.0
-0.3141836640259123,0.038078222409874796,-1.346346534835734,-0.5806451612903225,0.23908228241951557,-1.1072642524162175,-0.04414388092117255,2.0,29.0
0.2678634251897398,0.03161312200210609,1.116724906489405,-0.18064516129032393,-0.3044274451926312,0.8122974612967742,0.22991007663982288,2.0,30.0
-0.46380452982876247,,-1.5626396580498008,-1.0302325581395348,1.1947797730162484,-0.36785988503355327,0.2803939107582939,3.0,0.0
0.35320399680984294,0.04289971667519199,2.265802149647747,0.8697674418604648,-0.010103045554803458,2.255699104092942,-0.0822133429727065,3.0,1.0
-0.3671751052597097,0.002942283414099023,-1.1204850946181084,-0.4802325581395348,1.073677582062575,-0.04680751255553428,-0.15583739573368344,3.0,2.0
-0.07836840520428057,0.002843390290860448,-0.392114715685028,-0.23023255813953525,-0.04846103939350943,-0.4405757550785383,0.01270637435115074,3.0,3.0
-0.02571776160700101,0.06262594218237572,-0.038773882273813065,-0.1302325581395356,0.0460276227947265,0.007253740520912544,0.008067078854443799,3.0,4.0
-0.008011845804320905,-0.03341296762387058,-0.21240793672532687,-0.3302325581395349,-0.21198061187309003,-0.4243885485984178,0.14128073194443835,3.0,5.0
-0.04794570957888711,-0.0015137029426578463,-0.43998116592365166,-0.3302325581395349,-0.25329009608311503,-0.6932712620067676,0.10134686816987215,3.0,6.0
0.09503720559700934,0.004931971920322187,0.13087890801237378,1.2197674418604658,-0.3538373635878109,-0.22295845557543803,-0.2503338072182486,3.0,7.0
0.03679781681392358,0.0793395849197267,0.5277970777249328,0.31976744186046546,0.2486943005731037,0.7764913782980356,-0.11155524264588013,3.0,8.0
-0.11906605523345959,0.033881154819608295,-0.1005147233727941,0.4197674418604651,0.5389118213459891,0.43839709797319415,-0.22678696181217045,3.0,9.0
-0.10812378564937242,-0.004455566535342181,-0.36843119424060466,0.26976744186046475,0.14648354496517202,-0.22194764927543353,-0.18782135778118209,3.0,10.0
-0.03877479024166852,0.07476431675603701,0.06891313233275609,0.06976744186046369,0.22635509371360074,0.29526822604635594,-0.08376489680411486,3.0,11.0
-0.08674163393010903,0.05035881741012793,-0.05383487029066192,-0.23023255813953347,0.3806316316862812,0.3267967613956184,0.00509434823676036,3.0,12.0
-0.18999051079134177,0.01640385624459051,-0.7185647661572618,-0.4302325581395363,0.20883669378552128,-0.5097280723717414,0.018054697461812652,3.0,13.0
-0.16086043273300854,0.029074685655793298,-0.8472155047186392,-0.1302325581395356,-0.1501251025608945,-0.9973406072795346,-0.10455181375056255,3.0,14.0
0.13163518629711657,0.016828108531074415,0.18559092862833548,0.019767441860462975,-0.45222350233208175,-0.26663257370374716,0.06045385288306038,3.0,15.0
0.035859251513059576,-0.06598217919723215,-0.3181655149012146,0.21976744186046582,-0.49706432571843084,-0.8152298406196463,-0.08261777736022796,3.0,16.0
0.19462243431204007,-0.04372387174725961,0.24545300018554306,0.4197674418604651,-0.6282480705199869,-0.3827950703344447,-0.04753639635759921,3.0,17.0
-0.04555038228409758,-0.013061044194189131,-0.46357214857968865,0.1197674418604644,-0.28917523054768557,-0.7527473791273751,-0.10518622617054951,3.0,18.0
0.011106374459183943,-0.016433927241058077,-0.40619973709595447,-0.18023255813953631,-0.4785686467077048,-0.8847683838036602,0.06519844440923872,3.0,19.0
0.20876723888283144,-0.06863624483775344,0.1022817367017943,0.7197674418604658,-0.7671037811054324,-0.664822044403639,-0.11701725430714471,3.0,20.0
0.29676626611948775,-0.027605395980059844,1.0128277129380776,-0.2802325581395342,-0.48843011255865987,0.5243976003794169,0.39770025094203787,3.0,21.0
-0.05726114178709896,-0.0012908620528472303,-0.05140806368306805,-0.3302325581395349,0.20594893302223838,0.15454086933916944,0.0920314359616603,3.0,22.0
0.030004110652005922,0.021056324436209972,0.3745360646526499,-0.13023255813953205,0.14765336620850844,0.5221894308611574,0.05450197240361443,3.0,23.0
-0.03415257174946895,-0.014623299684655255,-0.0019752553512430993,-0.03023255813953063,0.1282045957373379,0.1262293403860939,-0.04284728944257776,3.0,24.0
-0.026617792229589488,0.0867575935771473,0.3948067643873472,0.6697674418604651,0.4851975729338047,0.880004337321151,-0.2233984110314804,3.0,25.0
-0.11967436112750929,0.047164891246980756,0.006619019363923506,0.8197674418604637,0.673689976835032,0.6803089961989546,-0.2908251777200929,3.0,26.0
-0.30741986083085543,0.04788536051595149,-1.0567381932152808,-0.28023255813953063,0.5718383188382998,-0.4848998743769819,-0.17771510805828988,3.0,27.0
0.2345095319759043,0.017304618069137745,1.1361786335855246,0.26976744186046653,-0.19322059957634075,0.942958034009183,0.02632446573461522,3.0,28.0
-0.1257812676453155,-0.0006285667611324319,-0.2410360165049008,-0.3302325581395349,0.4121592465633528,0.1711232300584511,0.02351131010344376,3.0,29.0
0.10247823862957262,0.029689800211602613,0.8768610426509165,0.21976744186046226,0.20265379581209864,1.0795148384630142,-0.039637785672153814,3.0,30.0
-0.1606009422488457,0.049870916540892374,-0.13834962411396612,-0.3302325581395349,0.7967720596001704,0.6584224354862034,-0.011308364500086432,3.0,31.0
-0.0835363040331808,-0.02113614213168097,-0.2372727404166315,-0.08023255813953489,0.15383096030985177,-0.0834417801067806,-0.061289302543963364,3.0,32.0
0.24495206171166162,-0.00015063535175929843,1.381774455358952,0.11976744186046795,-0.08170924083064879,1.3000652145283018,0.09516028692997258,3.0,33.0
-0.07156549743601448,-0.02815999957007237,0.05338309069991354,-0.38023255813953205,0.40508679531373293,0.4584698860136456,0.11179016914931517,3.0,34.0
-0.17939129923677943,-0.05132935049984816,-0.8965687500685267,-0.4302325581395363,-0.11048232132249325,-1.0070510713910208,0.029831599189104163,3.0,35.0
0.12786544743716355,-0.015622716524276326,-0.022022936224387113,-0.08023255813953489,-0.5940959054208348,-0.616118841645223,0.10783209863231213,3.0,36.0
0.21002676229645934,-0.024615012467655073,0.5899884100207871,-0.3302325581395349,-0.4523985354328488,0.13758987458793737,0.3593193400452186,3.0,37.0
0.20261522844588964,-0.1337966023047369,0.18797699451187722,-0.08023255813953489,-0.6919506374889384,-0.503973642977062,0.167631923439293,3.0,38.0
0.1542370203456952,-0.11345656885534522,-0.21457950236534318,0.11976744186046795,-0.8206423199749102,-1.0352218223402545,0.03259818943620274,3.0,39.0
0.34497940266924243,-0.06805287421311956,0.6543422905971608,0.06976744186046369,-0.827178771603484,-0.17283648100632387,0.1903452409893932,3.0,40.0
-0.016763300452225627,0.06451022888405389,0.1670298898111522,-0.23023255813954058,0.20195917444266875,0.36898906425382005,0.06871101503484023,3.0,41.0
-0.09256828804519057,-0.0334460315852238,-0.4601893072358503,-0.13023255813953916,-0.04910359936657871,-0.5092929066024299,-0.04764169317737932,3.0,42.0
-0.5790836090201159,,-1.7995141497334823,-1.2201923076923078,2.8209933552282926,1.0214792054948116,-0.05077905611776723,4.0,0.0
0.2115947990991126,0.04313826714400809,2.451993899329748,0.4298076923076919,0.6863681241079176,3.138362023437667,-0.016777966187621007,4.0,1.0
-0.4140382198458181,0.46913023121900094,0.19368175008567556,-1.1701923076923078,5.363213870462275,5.556895620547952,0.35806263738841276,4.0,2.0
-0.16712210616631706,-0.046535481297443226,0.8758800014861188,-0.5201923076923078,2.1400198499578202,3.0158998514439403,0.05387129647614647,4.0,3.0
-0.2640113120029916,0.01724551822133452,-0.22172203727201323,-0.5701923076923077,1.536937600056671,1.3152155627846591,-0.019503326428952805,4.0,4.0
-0.08803403664680998,-0.09127084150700449,-0.32507659226256447,-0.1701923076923073,-0.03163389615184675,-0.3567104884144099,-0.028495465759635408,4.0,5.0
0.3306702132175745,-0.13575650781249354,0.5728311422438925,-0.32019230769230766,-0.9131786565900917,-0.34034751434619803,0.37808718237328814,4.0,6.0
-0.20344399342860287,-0.11034285634958224,-1.3493565338409723,-0.32019230769230766,-0.7840965617076494,-2.1334530955486204,-0.06700798983185952,4.0,7.0
0.5011049679640627,-0.003777039421121453,0.941918079284116,0.9798076923076922,-1.1387742691125309,-0.1968561898284138,-0.005037642793665642,4.0,8.0
0.07802073752368699,0.024820114940443172,0.5207850837898929,0.8298076923076918,-0.05453370584790562,0.46625137794198857,-0.15413152751722153,4.0,9.0
-0.03813636258719055,-0.016797314777518724,0.001871325698231452,1.0798076923076918,0.051310594303784374,0.05318192000201716,-0.23108266770825509,4.0,10.0
-0.18894556368162352,0.037307856806227446,-0.6718029502311396,0.029807692307692868,0.13965873510963567,-0.5321442151215026,-0.15312219536929894,4.0,11.0
-0.011856807323310625,-0.04377736495095236,-0.4634563148694846,-0.020192307692307843,-0.5467352331252551,-1.0101915479947383,-0.02384059814071815,4.0,12.0
-0.02557123382172566,0.020744546423803356,-0.46477546895809896,-0.27019230769230784,-0.490207559191731,-0.9549830281498286,0.05837873804449828,4.0,13.0
0.09125494535713186,-0.03232901385441961,-0.18166945096164566,0.5798076923076936,-0.6868671845698453,-0.8685366355314894,-0.10786958836519589,4.0,14.0
-0.27015152729189623,0.004592172593002264,-1.3825877726148321,-0.22019230769230713,-0.4877009322144352,-1.870288704829266,-0.1508435539750546,4.0,15.0
0.3443614869384939,-0.009683422265591934,0.42010295446229673,0.37980769230769074,-1.0304633075179157,-0.6103603530556176,0.06554705422449686,4.0,16.0
0.13628316489379044,-0.0032064896820911404,0.4054214760738306,-0.22019230769230713,-0.3957645829363785,0.009656893137453437,0.16179851693701192,4.0,17.0
0.28790208018068386,-0.09332523678513266,0.9706320030454916,0.17980769230769145,-0.5627406264788233,0.40789137656666963,0.0976699960475445,4.0,18.0
0.24224276109684173,-0.05115600968223327,1.3486569761667884,0.5298076923076929,-0.16868948813986817,1.1799674880269215,-0.024901741743501626,4.0,19.0
-0.08354424738852151,-0.0796842706512812,-0.2859483570691683,-0.4201923076923064,-0.011722105911623704,-0.2976704629807907,0.08042696067990468,4.0,20.0
0.20555640450422874,-0.001101895143838294,1.0222439341767728,0.429807692307695,-0.23328372982744527,0.7889602043493289,-0.01987457880038268,4.0,21.0
-0.16308681350576526,0.0020849696407838625,-0.4204812190931482,-0.4701923076923036,0.316908109600079,-0.10357310949306786,0.03182556179397428,4.0,22.0
-0.22389649097771736,0.02676543514190649,-0.9173236087437138,0.07980769230769358,0.00337787852590532,-0.9139457302178071,-0.18548754960720648,4.0,23.0
0.05840513564080263,0.012446096852431976,-0.07783082011141795,0.3298076923076936,-0.4765587645703562,-0.5543895846817728,-0.07401470217195977,4.0,24.0
0.5870192597272703,-0.07738991467422385,2.5243646997276685,1.5798076923076865,-0.7125268167227301,1.81183788300494,-0.07114735685717105,4.0,25.0
-0.44273471039323553,0.1699720462945124,-1.1455420734554118,-0.9701923076923107,1.9959213797583075,0.850379306302897,-0.002424662679206435,4.0,26.0
-0.11607171762612356,-0.00033294745362794087,-0.16287426732459576,-0.22019230769231068,0.33251585569049213,0.1696415883658977,-0.03232062346292064,4.0,27.0
-0.18242656844865401,0.047503177546962705,-0.5605359031586703,-0.22019230769230358,0.25571540499544776,-0.3048204981632212,-0.08336281640333099,4.0,28.0
-0.008874385755679115,0.050383102502936816,0.12047347468878078,-0.12019230769230926,0.014815968964817294,0.1352894436535994,0.011572159187572206,4.0,29.0
0.006688207830925386,-0.00214315770739143,0.1599314906047602,-0.4701923076923107,-0.02720452828626474,0.1327269623184968,0.19351605830511226,4.0,30.0
0.042141517105842796,-0.014664350411628058,0.27579711522803096,-0.0701923076923121,-0.09512098515887413,0.18067613006915817,0.029467018255932065,4.0,31.0
-0.06458400448451862,-0.007701338349739628,-0.2133503390547582,-0.27019230769230784,-0.03492723623248306,-0.24827757528723993,0.02716852151426391,4.0,32.0
-0.11614894005280474,-0.039056226693951146,-0.7557359520709799,-0.320192307692305,-0.3967606065497322,-1.1524965586207108,0.005737887981304479,4.0,33.0
0.0438372584278377,0.011809758662799485,-0.2828206865300307,0.179807692307695,-0.598961794532439,-0.8817824810624684,-0.045897546160013014,4.0,34.0
0.05590126674213858,0.08573698309768535,0.29327462897155465,0.22980769230769216,-0.14453345951115448,0.1487411694604015,-0.051686611091853185,4.0,35.0
-0.024490476825214658,-0.04964137966990323,-0.24723325118775463,-0.22019230769230358,-0.2742990172547679,-0.5215322684425212,0.038126484845468156,4.0,36.0
0.04333137183306224,0.03346412671225779,0.18520048398528122,-0.020192307692307843,-0.18128002199499926,0.003920461990283286,0.012951521296863777,4.0,37.0
-0.09269500064097669,-0.08043658130216025,-0.7465278083434996,-0.0701923076923121,-0.4980525420862749,-1.2445803504297732,-0.06352368363842653,4.0,38.0
-0.03334105964250311,0.015285133199504475,-0.63440079316586,1.0298076923076893,-0.6314429707751956,-1.2658437639410542,-0.22412936621323615,4.0,39.0
0.0744303688191793,-0.005810868737161967,-0.29928477870799997,1.0298076923076893,-0.7250019670786942,-1.0242867457866929,-0.18186606093414492,4.0,40.0
-0.2081059412077121,0.11688584822957676,-0.9146441406408945,0.12980769230768363,-0.09675652382461353,-1.0114006644655067,-0.18513895688154247,4.0,41.0
0.17791462198499064,-0.05445860207705355,0.04024451294386333,0.07980769230770068,-0.8051872630029802,-0.7649427500591157,0.0656443959944833,4.0,42.0
0.00013705334838021166,-0.013379277390919042,-0.3811951605218544,-0.22019230769231068,-0.5160285551697856,-0.8972237156916387,0.057070738825159395,4.0,43.0
0.007297772441443029,0.04364489484248807,-0.15930140122514347,-0.17019230769229932,-0.3341800802476431,-0.49348148147278525,0.04212068912054884,4.0,44.0
0.15610262446274847,-0.04504098093741665,0.3168752272380533,0.2798076923076893,-0.5354238663581761,-0.21854863912012146,-0.008188867190641547,4.0,45.0
0.16885383834651835,-0.022652546825666364,0.7101373293359923,-0.12019230769230216,-0.30178184765585225,0.40835548168014135,0.1385208906891387,4.0,46.0
-0.09983075095622285,-0.011958727239472278,-0.3121695433815157,-0.37019230769230216,0.05101619548103686,-0.2611533479004775,0.04147252515405969,4.0,47.0
0.11358900829745511,-0.049992185734293815,0.21096395990133532,-0.020192307692307843,-0.4564843375242136,-0.24552037762287693,0.05978994560645906,4.0,48.0
0.2379563024020166,-0.02935302765332276,1.0384029655988272,0.12980769230769784,-0.34752501292446025,0.6908779526743682,0.08520179682131984,4.0,49.0
-0.18681840341426692,0.0091838332318126,-0.54427956671945,-0.570192307692305,0.310412780854457,-0.23386678586499166,0.061752366822334814,4.0,50.0
0.09444711495010405,-0.0193882562648513,0.3197564271830857,-0.17019230769231353,-0.2927556663119111,0.027000760871175977,0.10667575764548881,4.0,51.0
-0.43243588955974294,,-1.4835195145533073,-1.264935064935065,0.876268747316066,-0.6072507672372405,0.5431700399693742,5.0,0.0
-0.013435207203374655,0.03993824632201365,-0.13374254064303415,-0.5649350649350651,-0.12255373986249296,-0.2562962805055262,0.21872904807596472,5.0,1.0
-0.12473900534276705,0.008825629825857328,-0.6438322302823671,-0.5149350649350648,-0.0988939469922876,-0.7427261772746538,0.07760073828848946,5.0,2.0
0.04885948723337974,-0.03157113825955826,-0.294087805810459,-0.26493506493506525,-0.5176913375582077,-0.8117791433686659,0.09642838008520738,5.0,3.0
0.15679185537162454,0.0036980442194981533,0.4054521533530422,1.035064935064935,-0.3901486171234647,0.015303536229578363,-0.16971810801003878,5.0,4.0
-0.29627568989525616,0.30217416420050497,-0.38888509761462364,-0.4149350649350647,1.589899819184533,1.2010147215699103,-0.12343031201468846,5.0,5.0
0.1988020168794402,-0.15161778561442169,0.5585938171610128,-0.21493506493506453,-0.43725292173367336,0.12134089542734028,0.18470736964679357,5.0,6.0
-0.11903705654407382,-0.0008723620631006512,-0.5033487784195914,-0.7149350649350654,0.030962153781060042,-0.47238662463853043,0.22465955639557722,5.0,7.0
0.0982182930772113,-0.042818938109652704,0.02022843412454911,-0.1649350649350647,-0.4522906037046326,-0.4320621695800826,0.08773339320520301,5.0,8.0
-0.1662508328739326,0.0014987498167537416,-0.9246803489589492,-0.31493506493506507,-0.21940620904740893,-1.1440865580063573,-0.05104716101030771,5.0,9.0
0.2646159939203093,-0.09797529982579228,-0.012875735822671874,0.3350649350649353,-0.9709189194579115,-0.9837946552805823,0.01567352841778924,5.0,10.0
0.4679678726174884,-0.0546874809977837,1.5477716361453395,1.3850649350649342,-0.7240243012317877,0.8237473349135529,-0.10566182600537105,5.0,11.0
-0.11720240233964596,-0.04222954793993711,-0.4242541020736521,-0.16493506493506294,0.11034189816099804,-0.3139122039126532,-0.06613853209255266,5.0,12.0
-0.0020120990527168203,-0.03506792241005119,-0.32425593412903186,0.03506493506493635,-0.3453354383258196,-0.6695913724548506,-0.05073846286079836,5.0,13.0
0.02538254291675368,0.0778277963368485,0.23373775605687896,0.08506493506493351,0.020635429528772953,0.2543731855856528,-0.04832204444937205,5.0,14.0
0.035742196504707224,-0.0047965232022872395,0.3531443082710837,0.7350649350649356,0.07214492634280667,0.42528923461389123,-0.17680430056133423,5.0,15.0
0.1295536576060562,-0.007100823501508757,1.0103794661691934,0.43506493506493493,0.13918004221929614,1.1495595083884904,-0.07858579089388495,5.0,16.0
-0.4720833381486841,0.016696683821949942,-1.7447112437107966,-0.16493506493506294,0.630782283995972,-1.1139289597148236,-0.3196249148132938,5.0,17.0
-0.45703940841721646,0.4430345474872675,-1.4518648054498704,-1.2149350649350672,1.3021589367984014,-0.14970586865146807,0.32115148114194936,5.0,18.0
0.526076671900091,-0.05431061129700415,2.823660739027447,1.735064935064932,-0.3722398056163905,2.4514209334110575,-0.13188027592995427,5.0,19.0
-0.08239399228645627,-0.02173113492816947,0.5722322348420783,0.5850649350649335,0.9721009767282349,1.5443332115703141,-0.20788495622384034,5.0,20.0
0.14864512213139414,-0.013745395200451205,1.830722230580005,0.8350649350649406,0.6163560377329804,2.4470782683129864,-0.14401496463820845,5.0,21.0
0.5452688763366965,-0.015932117714985983,6.658107974322165,1.935064935064935,1.0150299843202601,7.673137958642426,-0.1485116014476794,5.0,22.0
-0.45486075457087766,0.047457917210235345,-0.43078661651175176,-0.8649350649350622,4.23157682563858,3.800790209126829,-0.09575664412798546,5.0,23.0
-0.46381402106339076,0.030496723958631955,-1.2352424142388219,-0.8149350649350651,2.0575711516373736,0.8223287373985526,-0.13590318948768004,5.0,24.0
-0.008811180201206636,0.060683384104343874,0.8381236579410007,-0.4149350649350665,0.7392307723966942,1.5773544303376958,0.1265388268497033,5.0,25.0
-0.29492633321467177,0.029556308194129743,-0.7620121176830064,-0.11493506493506223,0.9291215608302879,0.16710944314728238,-0.20431886244017777,5.0,26.0
0.07529553965473412,0.09954701611833688,1.263569181669403,-0.21493506493506365,0.6010742803809714,1.8646434620503758,0.09322109022108493,5.0,27.0
-0.2731380747250346,0.02585992625147071,-0.5692614215099501,-0.5649350649350651,1.0473598394634904,0.47809841795354124,-0.040973819445695225,5.0,28.0
-0.1605855832391624,0.06531360913823175,-0.25621237740187697,-0.46493506493506365,0.5818630307695982,0.32565065336772214,0.01789974779350878,5.0,29.0
-0.16867555485407848,0.026843770557837765,-0.5373521700557871,-0.2649350649350608,0.2834207094239667,-0.2539314606318195,-0.07090626767437741,5.0,30.0
0.31318311869851223,-0.05771211739906762,1.2226907506186797,0.03506493506493635,-0.4331404397444474,0.7895503108742332,0.14625854823371964,5.0,31.0
-0.4413094467417483,-0.022159938369968546,-1.764047325609853,-0.6649350649350665,0.21767712936252215,-1.54637019624733,-0.17472915777232434,5.0,32.0
0.16010368160004917,0.0003604160028910508,-0.11754869067891116,0.38506493506493067,-0.7536607885179101,-0.8712094791968203,-0.0516292733641624,5.0,33.0
-0.205005916697947,-0.021263828577597954,-1.3073178043820248,0.18506493506493493,-0.5289594224522314,-1.8362772268342553,-0.2068621613848467,5.0,34.0
0.23869359162127246,-0.0006096633598610679,0.0058859250955083375,2.5350649350649364,-0.8945713161445865,-0.8886853910490773,-0.277487704045415,5.0,35.0
-0.09640596320429029,-0.003499227354241574,-0.8455629613546951,0.43506493506493493,-0.45860585735976356,-1.3041688187144578,-0.1915656012990582,5.0,36.0
-0.03696425640038459,-0.0493928450323472,-0.9958736558319805,-0.2649350649350679,-0.837272873024203,-1.8331465288561826,0.03041011575154362,5.0,37.0
0.6602519995966124,-0.04673511830568544,1.8254662560249435,0.6350649350649378,-1.0527457434042602,0.7727205126206842,0.12261311875825065,5.0,38.0
0.020885408397605554,-0.06986202204557718,0.09246232468594728,-0.11493506493506223,-0.07934871992031178,0.013113604765636389,0.013482338671737204,5.0,39.0
-0.08305721255694976,-0.030346276879627765,-0.524030454178682,-0.1649350649350736,-0.17669273880075842,-0.7007231929794395,-0.041749110819194635,5.0,40.0
-0.21327856081802476,0.010261962720959805,-1.1776810884882996,-0.4149350649350736,-0.3069306390517159,-1.4846117275400146,-0.05125889542578804,5.0,41.0
0.2662928383866833,-0.04617385654127959,0.11668012583609677,0.5350649350649435,-0.9016482149256664,-0.7849680890895687,-0.03443873832117306,5.0,42.0
0.319186760855111,-0.07810404956759465,0.659426974279067,1.3850649350649378,-0.7462275284468642,-0.0868005541677963,-0.15609610117905875,5.0,43.0
0.10927142797041656,0.055122906461348486,0.9967747332107302,0.5850649350649406,0.22406625224500987,1.220840985455741,-0.11873824912762171,5.0,44.0
-0.030215100435547426,0.033622621008755516,0.7314854461276341,-0.01493506493506791,0.7760469400182024,1.5075323861458374,-0.05383230143641787,5.0,45.0
-0.3360213407811657,0.029036428987239182,-1.0018181982716658,-0.6149350649350622,0.8904174770768725,-0.1114007211947925,-0.08201327449280976,5.0,46.0
-0.2940152160380541,-0.006439423364451247,-1.3579529354393989,-0.6149350649350622,-0.10803739052075789,-1.4659903259601559,-0.03779630107900822,5.0,47.0
0.14513841498368196,-0.005352594547746781,-0.15966113487565625,-0.46493506493505654,-0.7373943178128401,-0.8970554526884955,0.29583065526881624,5.0,48.0
0.16264596020270183,-0.016745507164536322,0.2415032866219189,0.8850649350649378,-0.5207948791856856,-0.2792915925637658,-0.14595083746695908,5.0,49.0
0.052500710689846075,-0.04796758565940046,-0.1261898537431545,0.0850649350649264,-0.39482971674554346,-0.5210195704886971,-0.03188679125355631,5.0,50.0
0.47513760626704304,-0.01929780537157544,2.4660675751021786,1.3350649350649264,-0.3609882949978256,2.105079280104354,-0.09606488908021671,5.0,51.0
-0.28233991726007096,0.050642462628518736,-0.44060605483564697,-0.7149350649350565,1.3509539169959934,0.9103478621603474,0.03253854378851595,5.0,52.0
-0.16425181907088382,-0.004783447211739733,-0.43783911682360266,-0.31493506493506507,0.38009164692599473,-0.05774746989760704,-0.049447949967868665,5.0,53.0
-0.20859184450039614,-0.04068438892972276,-1.127622356584029,-0.46493506493505654,-0.26227737126475814,-1.3898997278487863,-0.025742307898525052,5.0,54.0
0.08063957918043274,0.011683737019281826,-0.3017779873946771,-0.01493506493506791,-0.635205184981096,-0.936983172375772,0.017686846702924308,5.0,55.0
-0.13968966440049402,0.006474033724126083,-0.997121912640726,-0.4149350649350594,-0.4378771619042672,-1.4349990745449923,0.01273144928510217,5.0,56.0
0.3468547338535922,-0.08406859162923569,0.24522920537373727,0.5850649350649406,-1.0266716260602267,-0.7814424206864885,-0.008234385926144894,5.0,57.0
0.1229385277616849,0.0006017807669633779,0.2294347295444754,-0.06493506493506507,-0.38962676346231406,-0.16019203391783776,0.06377202380296099,5.0,58.0
0.048342178802387226,-0.03556597349943663,-0.0059162137406110205,0.03506493506492925,-0.2804011321290254,-0.28631734586963553,-0.01926703920135614,5.0,59.0
-0.21061397922486214,-0.05345925494841053,-1.2523778164687323,0.03506493506492925,-0.4253270963414404,-1.6777049128101718,-0.18111463796838756,5.0,60.0
0.2440240495033572,0.022166452061183728,0.2978972280825065,0.43506493506493493,-0.737108665337666,-0.43921143725515854,-0.021350594945234447,5.0,61.0
0.010864327607394086,0.050869222862177266,0.14949455899261155,0.13506493506493777,0.016901716515156817,0.16639627550776925,-0.07070239022616687,5.0,62.0
-0.19033102705877836,-0.00069052730292396,-0.8183882138103971,-0.4149350649350594,0.05327757534835209,-0.7651106384620441,-0.03130451824384051,5.0,63.0
0.022041042281088052,-0.04023308595261471,-0.4700293503603059,-0.06493506493506507,-0.5668309977219403,-1.0368603480822456,-0.003492966517436913,5.0,64.0
0.35369852886566744,0.004060140142534752,1.347056565441695,0.5850649350649406,-0.4961552372480629,0.8509013281936326,-0.005051225455412256,5.0,65.0
0.022135159781090152,-0.06706406733518355,0.156032844455134,-0.3649350649350622,-0.03054877445568671,0.12548406999944817,0.1254345967714955,5.0,66.0
-0.05847126666242597,-0.029930338178769,-0.3576252604617154,0.08506493506494062,-0.12457107724434424,-0.48219633770605874,-0.09914253510342214,5.0,67.0
0.15654621924769874,-0.007273524153752986,0.5589074292563012,-0.4149350649350594,-0.28546596874134966,0.27344146051495244,0.2703278698487468,5.0,68.0
-0.010531342536918675,0.02474478832637289,0.2847615711699065,-0.5149350649350679,0.2455786682220893,0.5303402393919967,0.186369940960728,5.0,69.0
-0.021481179168803433,-0.043382645875398695,-0.06727925018537118,-0.5649350649350651,-0.023095012979212903,-0.09037426316458319,0.21068307611053594,5.0,70.0
-0.0800081838109129,-0.018166416122471052,-0.4933056085820202,-0.5649350649350651,-0.15923251699401453,-0.6525381255760339,0.15215607146842647,5.0,71.0
-0.14208802540807963,0.06041352950537243,-0.6817823223372317,-0.7149350649350708,-0.050788529351081024,-0.7325708516883118,0.19754076949675137,5.0,72.0
0.04069159184785387,-0.07393235948173232,-0.5584267083857504,-0.2649350649350679,-0.706446299192357,-1.2648730075781067,0.09014538363480407,5.0,73.0
0.25284369148333996,-0.023348098835147213,0.3780395506734009,-0.6149350649350764,-0.7156319903227089,-0.3375924396493071,0.5378446542066837,5.0,74.0
-0.04369843259689565,-0.030367987336350266,-0.4998190474168571,-0.36493506493507644,-0.332435161754288,-0.8322542091711442,0.07057326978984779,5.0,75.0
0.04995484327090205,0.009556647616526082,-0.11249409250409625,-0.1649350649350736,-0.37378944016534943,-0.4862835326694448,0.05325950048641437,5.0,76.0
-0.38503909408164155,,-1.7866334478869068,-0.7076923076923123,-0.16008639314606032,-1.9467198410329671,0.008770869600042919,6.0,0.0
0.622088846464207,0.016003927122652306,2.161412374620139,0.8423076923076849,-0.9444428685013473,1.216969506118791,0.07263382355472692,6.0,1.0
-0.1672628530283352,-0.050334989893595194,-0.6565933524142,-0.20769230769231228,0.283698645782291,-0.37289470663190905,-0.056100916746246954,6.0,2.0
0.19254810604023043,-0.0004913681824477711,0.866521150810216,0.14230769230771045,-0.1979301735274599,0.6685909772827561,0.08068609444637176,6.0,3.0
-0.10828490104761934,0.020156003264499622,-0.21915843476100738,-0.0576923076923066,0.459284334801938,0.2401259000409306,-0.07008847177861416,6.0,4.0
-0.0808495513800439,-0.02471738302755616,-0.4460779104837691,-0.5076923076923237,-0.02172494752830989,-0.467802858012079,0.2818142006597124,6.0,5.0
0.0857645087486395,0.06464789091576695,0.5584450724546475,0.09230769230767066,0.07532454106163566,0.6337696135162831,0.02305299190076371,6.0,6.0
0.06933973403047278,-0.0187024327145362,0.6025107057168744,-0.0576923076923066,0.20606369259043023,0.8085743983073046,0.08436773263711739,6.0,7.0
-0.2438978871518332,0.019402248182529003,-0.898509455128484,-0.25769230769229523,0.5289645416186701,-0.3695449135098139,-0.11043125432610007,6.0,8.0
-0.029943954203576872,0.016420253005414054,-0.26783450417684795,0.14230769230768203,-0.1110338126570718,-0.37886831683391975,-0.08412283906754686,6.0,9.0
0.027431282763720644,0.01495521477195283,0.016740471212670194,0.1923076923076934,-0.12331788390902165,-0.10657741269635146,-0.060012039309895515,6.0,10.0
0.2740118745799758,-0.059833221105312306,1.1028602164280725,0.6423076923077105,-0.37646757365638894,0.7263926427716836,-0.04749870084174301,6.0,11.0
-0.2559061117341968,0.0024938576606322593,-1.0336828863914027,-0.25769230769229523,0.38166789707069526,-0.6520149893207074,-0.12307149072858786,6.0,12.0
-0.39533430418325965,,-1.334843094574366,-1.3231707317073222,1.0283418028018247,-0.30650129177254204,1.2102812853654759,7.0,0.0
-0.12728229276351133,0.012618401726384398,-0.696593365641748,-0.3731707317073194,-0.09917838817907665,-0.7957717538208255,0.010338734146099537,7.0,1.0
-0.10368539340637994,0.03308654645899306,-0.7124026261591032,0.42682926829268486,-0.2425080572541649,-0.954910683413269,-0.1969570083325079,7.0,2.0
0.2080951213274601,0.03753313998799496,0.8533094688288196,0.6768292682926849,-0.3034900033539589,0.5498194654748598,-0.09245265550001375,7.0,3.0
-0.05145598411719865,-0.0018946569404670321,0.003916846075553426,0.22682926829268202,0.23237512587983522,0.23629197195538776,-0.12968491685189976,7.0,4.0
-0.5057062188643138,-0.001801428626794055,-2.129516122300762,-0.6231707317073194,0.08392569913923831,-2.0455904231615247,-0.261582434719232,7.0,5.0
0.6123557058149183,-0.09974653106354991,0.8897714003313046,0.3768292682926806,-1.3388501702383042,-0.44907876990700046,0.18852472162631873,7.0,6.0
0.07135999448894859,-0.06332453605240462,-0.23250589891563855,-0.17317073170731656,-0.5525030559679687,-0.7850089548836081,0.07825457707562156,7.0,7.0
-0.005515951163011623,0.05540509620591366,-0.12311301860724555,0.07682926829268344,-0.1318081757652152,-0.25492119437246163,-0.06396403574084403,7.0,8.0
-0.0847251864385885,0.057586110901290344,-0.24930424971169662,-0.6231707317073194,0.16189378642832208,-0.08741046328337543,0.20617426797601912,7.0,9.0
-0.1394955907122809,0.0026022009106420607,-0.7097736772179135,0.2768292682926792,-0.04609303634965878,-0.7558667135675732,-0.1895612495572232,7.0,10.0
0.2821521954583599,-0.012193824737910919,1.0800301245553494,0.6768292682926778,-0.43691981322331097,0.6431103113320376,-0.058790349076876025,7.0,11.0
-0.3247979336923243,-0.020357503991024983,-1.4035612581135881,-0.7231707317073208,0.1633051870708746,-1.2402560710427144,-0.0025897873014079087,7.0,12.0
0.3152769035622347,-0.01342555001656176,0.8538355688047292,0.726829268292682,-0.6673520003482678,0.18648356845646052,-0.05441604354771129,7.0,13.0
-0.29857643470008527,0.21556563444718718,-0.657794196274549,-0.5731707317073222,1.296085755596954,0.6382915593224041,-0.057385731789657446,7.0,14.0
-0.24666406897047843,-0.01947025007597364,-1.0553843340352365,-0.6231707317073194,0.16654966791623638,-0.888834666119001,0.026242176273918894,7.0,15.0
0.04030184746995247,-0.008218586368472836,-0.29107890228678945,-0.1231707317073123,-0.4804085304094179,-0.7714874326962082,0.034545352797139106,7.0,16.0
0.4361492550285395,0.0013135634265784568,2.2299067451931043,0.32682926829268344,-0.38032558512383874,1.8495811600692642,0.11254732887606533,7.0,17.0
0.2258222281158908,-0.01078261416453652,2.7384270875906163,0.22682926829268202,0.7846909694515447,3.5231180570421596,0.028759775852722824,7.0,18.0
-0.34173164648796417,0.07437114434298914,-0.40602931009304477,-0.8231707317073151,2.3333249819467445,1.9272956718536989,0.047769333710603545,7.0,19.0
-0.21085375426669228,0.006894188975163862,-0.33628076858532685,-0.32317073170731514,0.9522020058073148,0.6159212372219871,-0.08158662946022033,7.0,20.0
0.07869317494622463,-0.03295179659056646,0.5993849187747116,0.6768292682926849,0.07387440351235819,0.6732593222870689,-0.1512717220369389,7.0,21.0
-0.16565539239325122,-0.033442524113385,-0.7211660399436948,-0.6231707317073265,0.09631105719939459,-0.6248549827443011,0.11625181691528763,7.0,22.0
0.052448773602951415,0.007385862408957777,0.00925495601828219,0.2768292682926792,-0.280580198082212,-0.2713252420639307,-0.08292549160431617,7.0,23.0
-0.14536144092711156,0.04629206357780241,-0.6230605415660877,0.026829268292679176,0.09408166968025267,-0.5289788718858359,-0.1393328444079695,7.0,24.0
-0.1189060997045992,0.05439861523802786,-0.571636387849932,0.07682926829269054,-0.0004778210223777002,-0.5721142088723106,-0.13483287857933796,7.0,25.0
0.16393520449305465,-0.0588405479504131,0.1822291106809555,0.2768292682926792,-0.5813177991443474,-0.39908868846339285,-0.020988585554258754,7.0,26.0
-0.22395656443153433,-0.03379383749931192,-1.3215484317216912,0.17682926829268486,-0.38121589766114106,-1.7027643293828332,-0.21954538040474425,7.0,27.0
0.25027900868397457,0.009064380913124281,0.276872193260695,0.7768292682926934,-0.7964199945492969,-0.5195478012886028,-0.09289392651204836,7.0,28.0
0.09727581913473027,-0.06860724089365261,-0.1816936439857999,-0.07317073170731514,-0.6079649853923961,-0.7896586293781969,0.0545623637680539,7.0,29.0
0.3277284800916216,-0.04814075822026387,1.0121012163565926,0.976829268292682,-0.6219149967262476,0.39018621963034406,-0.09643788481537718,7.0,30.0
-0.38862261488163446,0.014807634567615191,-1.6280276598143342,-0.3731707317073123,0.25488212707597935,-1.3731455327383557,-0.21691371986966185,7.0,31.0
0.2903299038854028,-0.012507521209658812,0.6091808761153326,0.7768292682926792,-0.7251793432243472,-0.11599846710901573,-0.07548049381577254,7.0,32.0
0.2457971056871998,-0.06320995315404754,0.8992668627918605,0.1268292682926877,-0.41407198787876665,0.485194874913093,0.07439306760470443,7.0,33.0
-0.029891132349813887,0.0074380693305781675,0.15505710294582764,-0.023170731707317982,0.2575150619982085,0.41257216494403526,-0.049515708091973476,7.0,34.0
-0.24830855511045719,0.054828106853313796,-0.848365979176815,-0.523170731707318,0.5024767259561691,-0.3458892532206468,-0.030470603727644374,7.0,35.0
-0.05411662821563801,-0.03711218253194387,-0.6123925887171833,-0.3731707317073123,-0.37473298865182514,-0.9871255773690093,0.07396105114424667,7.0,36.0
0.1032190604290012,-0.01642832030919028,-0.09456763386135592,0.17682926829268486,-0.5635346285518468,-0.6581022624132036,-0.027089130486782464,7.0,37.0
0.40114907585494275,0.044220797884217344,2.5370776059488236,0.6768292682926849,-0.11837391769898975,2.418703688249833,-0.004700857987521734,7.0,38.0
0.15873407242917703,-0.06880543135037942,1.8693244467517038,-0.07317073170731514,0.59066568786373,2.459990134615433,0.09694736604008614,7.0,39.0
-0.15045974272445561,-0.010355962296267784,0.14169319812965853,-0.6731707317073095,1.0727196594719928,1.2144128576016504,0.1718168505995753,7.0,40.0
-0.4323720570155733,,-1.7467837436505858,-0.94,0.3801639842194309,-1.3666197594311549,0.002750817418826712,9.0,0.0
0.19225415876659213,0.028768224668577425,0.27733734584294245,0.6100000000000001,-0.6065660065989014,-0.3292286607559589,-0.06578918105118192,9.0,1.0
-0.05967913477241493,-0.031974757889232375,-0.634762096128564,-0.24,-0.3787313761694824,-1.0134934722980464,0.023231788091583938,9.0,2.0
0.1353921988271991,-0.022246524729867156,-0.05293478811544983,0.76,-0.6464984651795884,-0.6994332532950382,-0.11954818324391586,9.0,3.0
0.11255194118075496,-0.02004163428935729,0.03883287184220663,0.11000000000000054,-0.49091191599407935,-0.4520790441518727,0.017929839195708064,9.0,4.0
0.2896291193594822,0.018771709773447887,1.5082083638584876,0.6600000000000004,-0.18570635456823403,1.322502009290254,-0.030435834262901085,9.0,5.0
0.0032677041710449384,0.0007293450951677549,0.6433104328189283,0.16000000000000036,0.5878150597753042,1.2311254925942325,-0.06378861718013468,9.0,6.0
-0.0691791617240215,0.042968344648837586,0.39091631091948154,-0.14000000000000035,0.8215166173204449,1.2124329282399264,-0.022051659213642216,9.0,7.0
-0.12022279021771465,-0.004774119912956898,-0.19270762717293577,-0.5900000000000014,0.4982234620537205,0.3055158348807847,0.1567546089152197,9.0,8.0
-0.05164197857534958,-0.012200587364616544,-0.23141707021451463,-0.39000000000000035,0.020694995141385952,-0.21072207507312868,0.10094642133043735,9.0,9.0
-0.38503909408164155,,-1.7866334478869068,-0.7076923076923123,-0.16008639314606032,-1.9467198410329671,0.008770869600042919,10.0,0.0
0.622088846464207,0.016003927122652306,2.161412374620139,0.8423076923076849,-0.9444428685013473,1.216969506118791,0.07263382355472692,10.0,1.0
-0.1672628530283352,-0.050334989893595194,-0.6565933524142,-0.20769230769231228,0.283698645782291,-0.37289470663190905,-0.056100916746246954,10.0,2.0
0.19254810604023043,-0.0004913681824477711,0.866521150810216,0.14230769230771045,-0.1979301735274599,0.6685909772827561,0.08068609444637176,10.0,3.0
-0.10828490104761934,0.020156003264499622,-0.21915843476100738,-0.0576923076923066,0.459284334801938,0.2401259000409306,-0.07008847177861416,10.0,4.0
-0.0808495513800439,-0.02471738302755616,-0.4460779104837691,-0.5076923076923237,-0.02172494752830989,-0.467802858012079,0.2818142006597124,10.0,5.0
0.0857645087486395,0.06464789091576695,0.5584450724546475,0.09230769230767066,0.07532454106163566,0.6337696135162831,0.02305299190076371,10.0,6.0
0.06933973403047278,-0.0187024327145362,0.6025107057168744,-0.0576923076923066,0.20606369259043023,0.8085743983073046,0.08436773263711739,10.0,7.0
-0.2438978871518332,0.019402248182529003,-0.898509455128484,-0.25769230769229523,0.5289645416186701,-0.3695449135098139,-0.11043125432610007,10.0,8.0
-0.029943954203576872,0.016420253005414054,-0.26783450417684795,0.14230769230768203,-0.1110338126570718,-0.37886831683391975,-0.08412283906754686,10.0,9.0
0.027431282763720644,0.01495521477195283,0.016740471212670194,0.1923076923076934,-0.12331788390902165,-0.10657741269635146,-0.060012039309895515,10.0,10.0
0.2740118745799758,-0.059833221105312306,1.1028602164280725,0.6423076923077105,-0.37646757365638894,0.7263926427716836,-0.04749870084174301,10.0,11.0
-0.2559061117341968,0.0024938576606322593,-1.0336828863914027,-0.25769230769229523,0.38166789707069526,-0.6520149893207074,-0.12307149072858786,10.0,12.0
-0.4550775111240543,,-1.4883435843134878,-1.0694444444444438,1.4047578845099324,-0.0835856998035549,0.15509781356061803,12.0,0.0
-0.05318002952045697,-0.014457406088658364,-0.38104917330007515,-0.31944444444444375,-0.1422814529377785,-0.5233306262378532,0.045551790613705734,12.0,1.0
-0.10533104362202539,-0.002736652518575522,-0.7572994558984263,-0.01944444444444371,-0.28886818728760444,-1.0461676431860303,-0.11337053381009654,12.0,2.0
-0.020148704051133337,-0.02837823712781684,-0.747688674106592,-0.06944444444444398,-0.648447744896379,-1.3961364190029708,-0.03697723661829211,12.0,3.0
-0.07156910135251682,-0.050200411064506345,-1.1785885366081104,0.8805555555555566,-0.8927588433574636,-2.0713473799655735,-0.2657394847411195,12.0,4.0
0.3537081342484639,0.0067702512184365515,0.38334011860453554,1.6805555555555565,-0.9922563098421879,-0.6089161912376522,-0.20260298557170536,12.0,5.0
0.284509132036172,0.06606699699707158,1.8252126350954443,0.38055555555555753,-0.0006061595163373568,1.824606475579107,0.003220797907268036,12.0,6.0
-0.08264929914018104,-0.0392555464440022,0.1281675100777493,-0.4694444444444439,0.5623915478695092,0.6905590579472589,0.10522569915045421,12.0,7.0
-0.03467390936917869,0.003471663919535517,0.18554859011669755,-0.2694444444444446,0.3251772613017381,0.5107258514184361,0.03621156347408461,12.0,8.0
0.022293504604347536,0.002951526224865164,0.42966763092866644,-0.4694444444444439,0.2356152458811378,0.6652828768098047,0.2101685028949828,12.0,9.0
-0.12905643592733873,0.014502054075264281,-0.30015840291128226,-0.2194444444444439,0.3798025610060689,0.07964415809478709,-0.0626923628619182,12.0,10.0
0.03397291212310738,0.01871642015956232,0.36042980359876076,0.9805555555555554,0.1147189164197715,0.4751487200185327,-0.23421199267032,12.0,11.0
-0.12833348021660873,0.012182521935099,-0.3859138623865048,1.1805555555555547,0.2726553098236413,-0.1132585525628631,-0.31919735363568136,12.0,12.0
-0.10041784596002545,0.09165862506590444,-0.11990946982149708,0.5305555555555561,0.40383059361224616,0.2839211237907495,-0.23063945571608369,12.0,13.0
0.058281618134789714,-0.04335913202787467,0.2002163599135245,0.5305555555555561,-0.13607314076021115,0.06414321915331378,-0.1512897236686761,12.0,14.0
-0.1285920258166653,0.03275812537915762,-0.46179818235943104,-0.16944444444444318,0.1836000831463851,-0.2781980992130455,-0.08102911281143343,12.0,15.0
-0.17449599086069,0.0030144626121411666,-0.9375589210295199,-0.4694444444444439,-0.14309673583377336,-1.0806556568632928,0.013379007429945244,12.0,16.0
0.13081405258362866,-0.026642613201967202,-0.108083165472173,0.18055555555555824,-0.6564589536362764,-0.7645421191084489,-0.02302387307366205,12.0,17.0
-0.21421843212777092,0.12885023055944583,-0.8664315453693563,-0.5694444444444418,0.20514676999831716,-0.6612847753710387,0.03170019171015648,12.0,18.0
0.05683035744186815,-0.0022553984090937784,-0.06928360699932679,0.23055555555555185,-0.3520874173807056,-0.42137102438003193,-0.08200581700084625,12.0,19.0
-0.19239738266041617,0.002347408718898658,-1.0661531309180763,-0.5694444444444453,-0.21520603955765738,-1.2813591704757332,0.05594580222944179,12.0,20.0
0.07912006433827168,-0.04954167471800336,-0.573757754583403,0.3305555555555604,-0.8410095359333374,-1.4147672905167399,-0.09555210465628705,12.0,21.0
0.18007021364383546,-0.03376733582278485,-0.1431918369737275,1.3805555555555575,-0.8354091153691399,-0.9786009523428669,-0.22709351088655,12.0,22.0
0.3628360599898742,-0.11415393239082777,0.4188423993449586,1.230555555555559,-0.9964164240518103,-0.577574024706851,-0.14153342596896773,12.0,23.0
0.2487021154211887,-0.055588398413450535,0.617483622183288,-0.3194444444444382,-0.5689182236362922,0.04856539854699626,0.308058003606437,12.0,24.0
-0.17052090682740617,0.040791531432518624,-0.6444552617864185,-0.519444444444441,0.2193344871328664,-0.4251207746535517,0.04714831015933285,12.0,25.0
-0.11973901773407303,0.036874638227001266,-0.6118970780490613,-0.2194444444444439,-0.045612784890479485,-0.6575098629395404,-0.05523842830730569,12.0,26.0
0.45199348080499935,-0.03387697086733804,2.000796500498401,1.6305555555555575,-0.4999138367642382,1.5008826637341635,-0.1653152434858703,12.0,27.0
-0.0767863042336252,-0.02563578223866625,0.11903758825687749,-0.5194444444444482,0.5143638469478939,0.6334014352047719,0.1458163128896336,12.0,28.0
0.011514695014452903,-0.04762486598992155,0.09133305739301711,-0.06944444444444531,-0.010042544337941717,0.08129051305507584,-0.014360523000015668,12.0,29.0
-0.14905989040805712,-0.010431656932772093,-0.7472602855747259,-0.019444444444441045,-0.04391558300623455,-0.79117586858096,-0.1435283591797743,12.0,30.0
0.1317697727179591,0.013451697831479592,0.3318091513876946,0.13055555555555753,-0.3415963834649496,-0.009787232077254515,-0.005998042030670447,12.0,31.0
0.15194579500816396,-0.035540938477592376,0.6133407473946928,-0.2194444444444439,-0.22152515318950572,0.3918155942051875,0.16210942188648392,12.0,32.0
0.11713072163127769,-0.0542682932010089,0.5088885911875414,0.1805555555555547,-0.15229753863467588,0.35659105255286594,-0.03131680092357059,12.0,33.0
0.0794142655505018,-0.024288986685918834,0.4947056491159527,-0.11944444444444247,0.005046495555316444,0.4997521446712696,0.05572714186975125,12.0,34.0
-0.005759223720973372,-0.039396503323634646,-0.012037762920983575,-0.4694444444444439,-0.019038391179203362,-0.031076154100186493,0.18211577456966188,12.0,35.0
0.2333393999256489,-0.003732294498408506,1.3672753401801678,-0.3194444444444453,-0.060502271200549185,1.306773068979619,0.29469912056684244,12.0,36.0
-0.28300975148373003,0.03152625469502429,-0.8339041673723093,-0.6694444444444467,0.8094040432324445,-0.024500124139864354,0.01826557444932786,12.0,37.0
0.2659225326744553,0.0030812596738172826,1.65747466177202,0.23055555555555896,-0.02083480279523231,1.636639858976788,0.04098958019479104,12.0,38.0
-0.05919372627638908,0.042714769440828915,0.7505786686811193,-0.4694444444444439,1.0559199819658072,1.806498650646927,0.12868127201424617,12.0,39.0
-0.2031500568309984,0.006928693209945214,-0.3333815945885119,-0.469444444444451,0.8867793979948755,0.553397803406364,-0.015275058540359376,12.0,40.0
-0.012704902099680226,0.015125072196000566,0.32008190456222163,-0.5194444444444553,0.3284580216101216,0.6485399261723437,0.2132704203990553,12.0,41.0
-0.20223046010407897,0.01519708970497008,-0.688892810723591,-0.4694444444444439,0.3757615003310404,-0.31313131039255016,-0.014355461813443715,12.0,42.0
0.21101363166204823,-0.02065101756063198,0.8727159042350507,-0.06944444444445241,-0.28000767393773573,0.5927082302973155,0.128138717462556,12.0,43.0
-0.024073526628455855,-0.022204410240051098,0.039912177785156544,-0.4694444444444439,0.12452512507423785,0.16443730285939484,0.1638014716621794,12.0,44.0
0.02506328645675282,-0.025314198203354732,0.07724335600982979,-0.019444444444441045,-0.08773177388233444,-0.010488417872504208,-0.02344340961783664,12.0,45.0
-0.14898196591430135,0.033346128217646986,-0.5928786160633344,0.4305555555555476,0.1486818987100169,-0.444196717353317,-0.23945759211061207,12.0,46.0
0.030009544185102155,-0.06676505583649556,-0.4494863120316617,0.1805555555555476,-0.5679133340179368,-1.017399646049598,-0.08411751452731142,12.0,47.0
-0.05767828894969662,0.05142412191173068,-0.5431861596601433,0.5305555555555561,-0.28665543786993153,-0.8298415975300744,-0.20926967721091927,12.0,48.0
0.14275126403012528,0.021565530282173007,0.41659074645581606,-0.11944444444444957,-0.3235860126558645,0.093004733799952,0.10264343703984613,12.0,49.0
-0.04460026483997814,0.05214457330023009,0.10674923635797429,-0.4694444444444439,0.30460526830444845,0.4113545046624232,0.1432747334506571,12.0,50.0
0.09536105821687835,0.03872887102104777,1.0959826538021447,-0.4194444444444325,0.3953978431508274,1.4913804969529725,0.24361833649463405,12.0,51.0
-0.17999999017719626,0.014215459899848348,-0.27055438975584156,-0.5694444444444524,0.7842660219290685,0.5137116321732274,0.06972068276635779,12.0,52.0
-0.13073814446620302,0.06966173437371043,-0.10028086336173114,-0.6194444444444496,0.6308277003160367,0.530546836954306,0.16405560398688568,12.0,53.0
-0.013738362301812357,,0.7833974181459751,-0.03999999999998627,0.8350475230018111,1.6184449411477866,-0.0050045007863699364,13.0,0.0
-0.20200939267973111,0.02413732635306598,-0.4919860366383868,0.16000000000000236,0.5196823591817967,0.027696322543410368,-0.21846997272197455,13.0,1.0
0.1244276970798337,0.002843561541857609,0.2981703992947531,-0.19000000000002037,-0.32075854763916745,-0.022588148344413916,0.20556838695707758,13.0,2.0
-0.026572377245624,0.02475681708780325,-0.28332712608573907,-0.08999999999999764,-0.24067747976501996,-0.5240046058507586,0.007874753682480806,13.0,3.0
0.11789243514733427,-0.05173770498272695,-0.3062546547166025,0.16000000000000236,-0.7932938547794202,-1.0995485094960222,0.010031332868785547,13.0,4.0
0.16112659359906356,,-0.14823819457819454,0.6170454545454547,-0.7348701875534878,-0.8831083821316827,-0.12395157717237143,14.0,0.0
0.09034881148342933,-0.05171165284666657,-0.32879650377837333,0.517045454545455,-0.637648262017793,-0.966444765796167,-0.13735424717814465,14.0,1.0
0.055733499672342535,0.0024862760291271546,-0.21818301687525965,0.21704545454545476,-0.43004572121000617,-0.6482287380852663,-0.08248294511964732,14.0,2.0
0.14871463084411463,0.04334908940240434,0.7635669077894254,-0.1829545454545456,-0.08380760551384636,0.6797593022755786,0.1371004028874404,14.0,3.0
-0.09971569899396893,-0.02348280521072693,-0.3261814574665749,-0.23295454545454453,0.18916275081351897,-0.13701870665305638,-0.03361280493899921,14.0,4.0
-0.09487664393833184,0.009109823805532269,-0.4827216322249126,0.017045454545454586,-0.0028578982329623415,-0.4855795304578754,-0.11873063378094961,14.0,5.0
-0.12601355317495766,0.011375775162765944,-0.7732342964019461,0.16704545454545494,-0.1587002079660409,-0.9319345043679874,-0.17805106644850793,14.0,6.0
0.0632383687792798,0.008940684789168873,-0.12381524246412257,0.16704545454545494,-0.38463373494152986,-0.5084489774056529,-0.06335293193078828,14.0,7.0
-0.02896780339426297,-0.01867725130962905,-0.4860642914400919,-0.032954545454546125,-0.3179331374604599,-0.8039974289005523,-0.057933317390822525,14.0,8.0
-0.03377334464312087,-0.04948164901679941,-0.804455270690589,-0.2829545454545461,-0.5942018642726279,-1.3986571349632175,0.04342512340646876,14.0,9.0
0.21629843123907078,-0.014056840061305365,0.166159172191223,0.11704545454545245,-0.7012105551770516,-0.535051382985829,0.04794470292790898,14.0,10.0
0.12851541820495715,-0.05088526545696864,0.06041123364459855,1.617045454545456,-0.48793574013083685,-0.42752450648623874,-0.2763178986030124,14.0,11.0
0.037174954531756566,0.003419390738771344,0.011324705448516159,-0.032954545454546125,-0.17062635973233586,-0.15930165428382015,-0.012317622269429673,14.0,12.0
-0.01091358254360375,-0.05371037177785809,-0.4322431308254715,0.4670454545454539,-0.34529685160854395,-0.7775399824340159,-0.1783523530629022,14.0,13.0
-0.0739562968927403,0.008530973835524425,-0.6847112029483693,0.41704545454545316,-0.31256700226643863,-0.9972782052148084,-0.20139263311112265,14.0,14.0
0.1417371944138489,-0.02795803500250349,-0.00799667987930519,3.2670454545454546,-0.5798875659655214,-0.587884245844827,-0.37335349610785507,14.0,15.0
0.12974826741845513,-0.08136778441350356,-0.1783244206081811,2.917045454545453,-0.6580058244946323,-0.8363302451028138,-0.36093896230296973,14.0,16.0
-0.2772286844828608,0.07853951103920986,-1.3183435849265264,0.867045454545456,-0.01838901920346414,-1.336732604129991,-0.35726493178605,14.0,17.0
0.09897359414215623,0.05690382367950764,0.05953275664886615,0.5670454545454517,-0.38176629158707653,-0.32223353493821083,-0.1435451276137676,14.0,18.0
-0.3070104218866855,-0.038615083237195424,-1.6218372777052275,-0.33295454545453973,-0.3358968515279739,-1.9577341292332018,-0.16777663412621063,14.0,19.0
0.4300558613482244,0.0154921658831077,0.9861391382114109,1.2170454545454574,-0.8533225816798207,0.13281655653158975,-0.12206468268176718,14.0,20.0
-0.28230997541345776,0.12446014743656797,-0.8538575259049974,-0.23295454545454541,0.7693477548722734,-0.0845097710327245,-0.17968822607458995,14.0,21.0
-0.16148784355046997,0.029354319891377212,-0.691987073919976,0.017045454545454586,0.13073722339966531,-0.5612498505203112,-0.16313810018904168,14.0,22.0
-0.03187448445119845,0.024869453499129113,-0.2965651667671034,0.117045454545456,-0.12930399345274646,-0.42586916021985033,-0.10716336937851051,14.0,23.0
0.09668983945297138,-0.017473460422141818,0.193671994943323,0.06704545454545174,-0.2746098052645163,-0.08093781032119374,-0.009492430445665945,14.0,24.0
-0.12403853664876763,-0.03630054824783502,-0.818493938392026,0.4670454545454503,-0.21935192923795555,-1.037845867629982,-0.23636515003990877,14.0,25.0
0.36067572678437965,0.0027786086321826553,1.4231143715873387,0.31704545454545174,-0.4625092469377434,0.9606051246495948,0.06019645588184075,14.0,26.0
0.19364184104479132,-0.05353830684467986,1.3746976532672992,0.3670454545454489,0.1222373764149256,1.4969350296822244,-0.04695354868266832,14.0,27.0
-0.13020378697142998,-0.0030036158740806007,-0.03838451360728046,-0.08295454545454684,0.6962822095456511,0.6578976959383702,-0.11218249563085486,14.0,28.0
-0.11135374028797529,-0.01255626680408689,-0.33537778273817276,-0.28295454545454257,0.2460298102178351,-0.0893479725203381,-0.021225206297578292,14.0,29.0
-0.16292891180649183,-0.03493600663006885,-0.9834250174785031,0.5170454545454546,-0.21569941108438595,-1.1991244285628895,-0.2639931088231051,14.0,30.0
-0.14973015796589972,-0.05059776301226521,-1.3914670549544155,0.41704545454545316,-0.7651739290057293,-2.1566409839601453,-0.24127361262331187,14.0,31.0
0.1512327074309695,0.0007795081151432681,-0.5863475941825933,0.31704545454545174,-0.9982432127137479,-1.5845908068963417,-0.05616077709227618,14.0,32.0
0.18364206029310592,-0.024704478991116496,-0.18971406511974687,0.4670454545454432,-0.8270785374777878,-1.0167926025975351,-0.07858022853125352,14.0,33.0
0.355796566512528,-0.08833447746253842,0.5825848987139453,0.4670454545454432,-0.855598253335037,-0.2730133546210922,0.00970413363255318,14.0,34.0
-0.05885920112059595,0.06445883994975221,-0.07561754704070456,-0.6829545454545483,0.21796686051195424,0.14234931347124924,0.3156183636194877,14.0,35.0
0.03223959409791899,0.004180964441097279,0.3179892578894541,-0.23295454545454541,0.10353026391146969,0.42151952180092334,0.0719514295345115,14.0,36.0
0.15203590068281303,-0.04785248888751914,0.8059902679068527,-0.43295454545454826,-0.06905082418231911,0.7369394437245331,0.30711504109112964,14.0,37.0
-0.09682389991716811,0.022695220795704574,-0.01699076482810913,-0.5329545454545568,0.49996274598364954,0.48297198115553996,0.13681957091266916,14.0,38.0
0.09514827822713212,-0.016286414854004616,0.7533606247529732,0.06704545454545174,0.14388065555059093,0.8972412803035636,-0.01048698607523968,14.0,39.0
-0.23403874339310027,-0.012001711205274102,-0.8745168891311037,-0.4829545454545454,0.35907916773798254,-0.5154377213931216,-0.03542005101956702,14.0,40.0
0.2930978997568041,0.007687133125123535,1.512946428681583,-0.33295454545453973,-0.1912456306728414,1.3217007980087407,0.3540566890420386,14.0,41.0
-0.045704654386920396,-0.05102033774699882,0.07346284945536707,-0.4829545454545454,0.2897198837775221,0.36318273323288874,0.15291403798661285,14.0,42.0
0.07873944639664232,-0.04723907377185321,0.3416122416731793,-0.5329545454545426,-0.09012939888000648,0.25148284279317235,0.321623093348248,14.0,43.0
0.007312979033326283,0.00261296463171673,0.2233334311849946,-0.5329545454545426,0.14637661110397415,0.3697100422889683,0.24643733822896818,14.0,44.0
0.06501532940001598,0.010722976613779078,0.7010531581356543,-0.33295454545453973,0.2493962204596487,0.9504493785953025,0.15572401916657164,14.0,45.0
-0.1308664907119267,0.02767102951395428,-0.09460947049594814,-0.7329545454545454,0.6370009494039999,0.5423914789080513,0.27822826828655933,14.0,46.0
-0.12064780640825201,0.038985682773272634,-0.15502826252180446,-0.43295454545454826,0.5015325447519974,0.3465042822301925,0.04741627243297175,14.0,47.0
0.03992074923762157,-0.025435558020337257,0.27146954365593645,-0.18295454545454826,0.028990668701347033,0.30046021235728304,0.05341280165167772,14.0,48.0
-0.16241974950890858,0.026043842947980178,-0.5540902372627525,-0.43295454545454826,0.3040468475071849,-0.25004338975556806,0.00763346947996546,14.0,49.0
0.2988647481592326,0.039571134725602586,2.1044541176305502,0.41704545454546027,0.10107242428130414,2.205526541911854,-0.005171030452191472,14.0,50.0
-0.13895997547272243,-0.04474893610087305,-0.08127766242833223,-0.5329545454545426,0.7081548115281873,0.6268771490998546,0.09246580716997,14.0,51.0
-0.03530428676502739,-0.05647721901188352,-0.21256021654192025,-0.1329545454545369,-0.03464640526268736,-0.24720662180460806,-0.025164587974916164,14.0,52.0
-0.2371572399840367,-0.02215559029354408,-1.288461924076512,-0.5829545454545539,-0.2180391264672954,-1.506501050543808,0.01981005801202962,14.0,53.0
0.27437400998662986,0.01175851540386369,0.5547624688540873,-0.3829545454545511,-0.6488486205341437,-0.09408615168005685,0.37875009321713027,14.0,54.0
0.041304123035344364,-0.005503833680710113,0.1691368640725024,-0.3829545454545369,-0.060408702156602434,0.10872816191589951,0.16686837780686015,14.0,55.0
0.07266580521230859,0.010981266332169615,0.5882439582765215,0.017045454545454586,0.12531655014220844,0.7135605084187295,-0.0070356676805226614,14.0,56.0
-0.056092830776387936,0.03550863438506047,0.29835364394414965,-0.3829545454545511,0.5672923127294522,0.8656459566736014,0.07832569252347621,14.0,57.0
-0.050883726242716865,0.0016119605435336304,0.18940169770803417,-0.5329545454545568,0.43045033610851124,0.619852033816545,0.18517764846472362,14.0,58.0
-0.27555374686910616,0.03225845801597382,-0.9863027478767883,-0.6829545454545483,0.5002060261874282,-0.4860967216893606,0.0447501814338489,14.0,59.0
0.030606084237220554,-0.03128165835368535,-0.26480042682835236,-0.28295454545454257,-0.3702863386106867,-0.6350867654390395,0.09707464747341799,14.0,60.0
-0.2213760640915614,0.11346146976372118,-0.8829611368264496,-0.5329545454545426,0.2598521148985298,-0.6231090219279203,0.005712029676455566,14.0,61.0
-0.318752854033604,0.052541267081637644,-1.4898528546590009,-0.23295454545454541,-0.026626102342274027,-1.5164789570012753,-0.20884252897070693,14.0,62.0
-0.30647949416293657,0.010181567578612105,-1.8070546783272963,-0.1329545454545369,-0.6598453759507283,-2.466900054278025,-0.22603511197336612,14.0,63.0
0.250655058080802,0.08129511727929428,-0.019696269034022773,0.8670454545454489,-0.904958138228416,-0.9246544072624392,-0.13263355197172422,14.0,64.0
0.6485860075038243,0.0005065588245299346,3.6928658326022843,0.567045454545466,-0.41923173178528605,3.273634100816998,0.12455848866021246,14.0,65.0
-0.34047943708919287,0.00828595467033999,-0.7076743620334476,-1.0329545454545426,1.6247322932774169,0.9170579312439688,0.3736912317813914,14.0,66.0
-0.09906574707768157,-0.02088885491624859,-0.20745767544066585,-0.33295454545455394,0.31165970588415925,0.10420203044349297,0.013044822229451136,14.0,67.0
0.49007673359545945,0.033053821254375726,4.076495264432037,0.5170454545454546,0.24552176589827424,4.3220170303303105,0.06250971387787052,14.0,68.0
-0.42557456892980455,-0.021775645553093137,-1.1429442841410182,-0.8829545454545511,1.832898561161937,0.6899542770209184,-0.0024757954516124725,14.0,69.0
-0.07264649314428173,-0.010244376442909653,-0.09555143563075541,-0.08295454545453973,0.2748730612682424,0.17932162563748655,-0.07107014289717994,14.0,70.0
-0.12231196582852388,0.02595513188558879,-0.3960227911420975,-0.3829545454545369,0.2434336845884273,-0.15258910655367064,0.018126478839708415,14.0,71.0
-0.0017369085645374538,-0.0015476261879060482,-0.07177621316418215,-0.33295454545455394,-0.06667536974694821,-0.1384515829111308,0.09767859484957708,14.0,72.0
-0.07564391421898253,0.00416136538158407,-0.4130794820800632,-0.43295454545454826,-0.029781072565416622,-0.44286055464548024,0.09027712213703809,14.0,73.0
0.13312202564981013,0.00293511952087111,0.5291082919334893,-0.03295454545454257,-0.18031000992671942,0.34879828200676943,0.0538527716050885,14.0,74.0
-0.03909095465276602,0.007462860980243624,0.03849274809706804,-0.33295454545453973,0.2204658184662236,0.2589585665632912,0.06519681564241386,14.0,75.0
-0.005349363072741031,-0.010075095200152151,0.07238703538794189,-0.28295454545454257,0.07759768771157827,0.1499847230995197,0.06711177471511676,14.0,76.0
0.28758577432139965,0.09491714946516261,2.9721104428973293,0.16704545454544606,0.6144008594530206,3.58651130235035,0.07261519264019678,14.0,77.0
-0.3576457673250598,0.010564571367598585,-0.7309467202474043,-0.9329545454545483,1.7950093854949372,1.0640626652475325,0.17204931680807045,14.0,78.0
-0.1899311941422298,0.009508820193149248,-0.4853065704006827,-0.6829545454545483,0.5754309749491768,0.09012440454849369,0.15177837234244473,14.0,79.0
0.20529342258878303,-0.04713294487059366,0.9220248065049952,0.11704545454546311,-0.2050362568984463,0.7169885496065485,0.04106657252147505,14.0,80.0
-0.14403865140465566,-0.06330213268567875,-0.7516777697081722,-0.43295454545454826,-0.03938851900137674,-0.7910662887095494,0.025139277198301557,14.0,81.0
0.07143720556943833,-0.020717543089824597,-0.17485882033390876,0.3670454545454631,-0.4550280706895289,-0.6298868910234381,-0.11301010839907899,14.0,82.0
0.24570927298554102,-0.022202762773946727,0.8545958443925294,0.41704545454546027,-0.38972492716256824,0.46487091722996077,-0.03314759633308173,14.0,83.0
-0.15272093084944238,0.03889515951260225,-0.3712787752272555,-0.28295454545452836,0.46152539457392905,0.09024661934667311,-0.05569786509880681,14.0,84.0
0.05818150503942543,0.025934872096799066,0.5936060104884611,0.017045454545454586,0.1991263524816893,0.7927323629701499,-0.016691867795778137,14.0,85.0
0.027381218309593724,0.016389593555403037,0.7521655771049782,-0.18295454545453405,0.488159281965201,1.2403248590701788,0.04376700863011118,14.0,86.0
-0.2201574111114668,0.016092889719386216,-0.5574633168022824,-0.7329545454545454,0.7039722544014544,0.1465089375991715,0.1591737077538391,14.0,87.0
-0.3064894244549431,,-0.6499404401518776,-0.6681818181818164,1.2444608713671688,0.5945204312152912,0.0246604308309184,15.0,0.0
0.06624821697869088,0.04245978286871532,0.8908970048773361,-0.318181818181815,0.40951047018736064,1.3004074750646968,0.1935427373149522,15.0,1.0
-0.0897958191224103,0.036296318835620234,0.2647958710063225,0.38181818181818783,0.7378618078820436,1.002657678888366,-0.16656607337522383,15.0,2.0
-0.08803208204562785,-0.02090133535462063,-0.148847159686329,0.03181818181818641,0.2430358124762959,0.09418865278996691,-0.08256499412982476,15.0,3.0
-0.23912633600199174,0.023057432322187266,-0.9741576652880153,-0.318181818181815,0.051031411332849164,-0.9231262539551661,-0.08407049266748617,15.0,4.0
0.11391514272667425,0.05733166302418946,0.26947782511119156,0.0318181818181793,-0.319340437773302,-0.04986261266211045,0.05670895398900677,15.0,5.0
-0.024635513486116367,0.004635647995843428,-0.1644432302437031,-0.2181818181818278,-0.11178281473359197,-0.2762260449772951,0.059216792506045834,15.0,6.0
0.19359562551383447,-0.05216878468729208,0.43174549671309004,0.23181818181817504,-0.48776854276922466,-0.05602304605613462,0.03636497389238602,15.0,7.0
0.09902160116494718,-0.06056776529092117,0.05283171417997634,0.13181818181819493,-0.4354178888707545,-0.38258617469077816,0.010568588482536612,15.0,8.0
-0.04530801043542598,-0.08866434150607733,-0.8130341093939419,0.48181818181817504,-0.7005693741265451,-1.513603483520487,-0.1612022384014773,15.0,9.0
0.32060659916236955,0.058521381792355665,0.8406746928759472,0.23181818181817504,-0.6310213149722999,0.20965337790364735,0.11334132155816534,15.0,10.0
-0.2794506468566428,,-0.7683944382985359,-0.9062499999999998,0.5456138640538817,-0.2227805742446538,0.3285760649333548,16.0,0.0
0.051337296470773675,0.09655420659433073,0.67177949312783,0.14375000000000093,0.3045410510582056,0.9763205441860361,-0.04366952212054709,16.0,1.0
-0.3538325441006376,0.08555727784223971,-0.8993352328085722,-0.5062499999999994,0.9155557104873648,0.016220477678793088,-0.1212017246923679,16.0,2.0
0.011705338185101333,-0.046711605253233646,-0.17847605159297109,0.2937500000000004,-0.2329222518077092,-0.41139830340067984,-0.11003252001497699,16.0,3.0
-0.1314778075398012,0.02624482824182034,-0.6301528412384045,-0.35624999999999996,-0.10088528685281606,-0.7310381280912202,0.021963074323113507,16.0,4.0
0.03561433088636323,0.03381847121140624,-0.06934988694690025,-0.006250000000000311,-0.22799863484757132,-0.29734852179447113,-0.0017520583652570476,16.0,5.0
0.27297714152686026,-0.038397967134140676,0.9209219759567664,0.2937500000000004,-0.32765598634323356,0.593265989613533,0.039265653323171,16.0,6.0
-0.033456839547317485,-0.02946349431306511,-0.008745133540119188,-0.1562499999999989,0.09914851343259379,0.09040337989247504,0.008801585603352424,16.0,7.0
0.10800899582759282,-0.052853421002927614,0.2546813208524772,0.693749999999999,-0.23115526894414007,0.023526051908337564,-0.14778131595851968,16.0,8.0
-0.010794366022378266,-0.019812643148048925,-0.12770451619035228,0.2937500000000004,-0.10356925869148759,-0.23127377488183942,-0.1228894938478225,16.0,9.0
0.04776976006716149,-0.04377675579109136,-0.13539145228873561,-0.006250000000000311,-0.32336574663510165,-0.4587571989238368,0.00663099624218999,16.0,10.0
0.36492871361531787,-0.06718246261692912,1.0298521503071218,1.2937500000000004,-0.5177512000284843,0.5121009502786382,-0.14291817342317903,16.0,11.0
-0.2429618754904017,0.04279476441534941,-0.6765001535839081,-0.6062500000000017,0.43839147743641194,-0.23810867614749576,0.06011549927560311,16.0,12.0
0.056239984615363836,-0.01425466518992774,0.06335878020331576,-0.1562499999999989,-0.19535249073248528,-0.1319937105291693,0.07779914265156873,16.0,13.0
-0.05092474135482117,0.02459462456657563,-0.16446289543702086,-0.306250000000001,0.028824701174562595,-0.13563819426245782,0.06698076158653743,16.0,14.0
0.15431725971746613,0.0028888415776425758,0.7179188814780018,-0.006250000000000311,-0.07141919275998942,0.6464996887180128,0.08011203048377946,16.0,15.0
