time,length,dataset,trap_ID,trace,lineage_ID
0.35,2.77717717626506,SL,1,A,1
7.65,4.340060716063998,SL,1,A,1
7.7,4.924026295680873,SL,1,A,1
7.75,2.5793369249696347,SL,1,A,1
7.8,3.201262730776157,SL,1,A,1
7.85,3.091283969024777,SL,1,A,1
7.9,3.2909398206305798,SL,1,A,1
7.95,4.180683449385603,SL,1,A,1
8.0,4.225148621007236,SL,1,A,1
8.05,4.058287655973674,SL,1,A,1
8.1,4.27426374224618,SL,1,A,1
8.15,4.270152730057012,SL,1,A,1
8.2,2.720251511462421,SL,1,A,1
8.25,2.508898471749424,SL,1,A,1
8.3,2.6846285319534355,SL,1,A,1
8.35,2.7128739400873445,SL,1,A,1
8.4,2.8358446770830406,SL,1,A,1
8.45,3.289272737930137,SL,1,A,1
8.5,3.5424942280072123,SL,1,A,1
8.55,3.804076090809818,SL,1,A,1
8.6,4.010991116263138,SL,1,A,1
8.65,3.4194660037205074,SL,1,A,1
8.7,4.232587696149626,SL,1,A,1
8.75,2.4624793158418075,SL,1,A,1
8.8,2.6733234268954345,SL,1,A,1
8.85,2.602917815009217,SL,1,A,1
7.6,3.8329288963891606,SL,1,A,1
8.9,2.8145945541560735,SL,1,A,1
7.55,3.8612345452030548,SL,1,A,1
7.45,2.941460133772589,SL,1,A,1
6.2,4.030605531411522,SL,1,A,1
6.25,4.924931071592883,SL,1,A,1
6.3,2.8157620184772836,SL,1,A,1
6.35,2.9681967384869377,SL,1,A,1
6.4,2.739056986097883,SL,1,A,1
6.45,2.802510121369487,SL,1,A,1
6.5,2.9433396612407177,SL,1,A,1
6.55,2.9189042873282647,SL,1,A,1
6.6,3.9285064207205087,SL,1,A,1
6.65,4.17396727407949,SL,1,A,1
6.7,4.747802224597531,SL,1,A,1
6.75,2.803313391609871,SL,1,A,1
6.8,2.920994513308129,SL,1,A,1
6.85,2.869305428054668,SL,1,A,1
6.9,3.1819362634560346,SL,1,A,1
6.95,3.306760082644838,SL,1,A,1
7.0,3.309367879851914,SL,1,A,1
7.05,3.9321315062664466,SL,1,A,1
7.1,4.123857295174569,SL,1,A,1
7.15,3.021012667001514,SL,1,A,1
7.2,2.7849986401498215,SL,1,A,1
7.25,2.735714432547249,SL,1,A,1
7.3,2.8707552774190437,SL,1,A,1
7.35,2.8317533533919033,SL,1,A,1
7.4,2.8598529429299773,SL,1,A,1
7.5,3.421260993248935,SL,1,A,1
6.15,3.832236296588584,SL,1,A,1
9.0,3.242808001318637,SL,1,A,1
9.1,3.834141717561154,SL,1,A,1
10.6,4.830819767639952,SL,1,A,1
10.65,3.0092549847666956,SL,1,A,1
10.7,2.4961635778007336,SL,1,A,1
10.75,3.2218792415671325,SL,1,A,1
10.8,2.9814285429691103,SL,1,A,1
10.85,3.2119187523920667,SL,1,A,1
10.9,3.354213608482672,SL,1,A,1
10.95,3.9008272249554836,SL,1,A,1
11.0,3.9649926946828358,SL,1,A,1
11.05,4.746850444640096,SL,1,A,1
11.1,5.353365870542619,SL,1,A,1
11.15,2.790276554273397,SL,1,A,1
11.2,2.815144271531203,SL,1,A,1
11.25,2.956368647225407,SL,1,A,1
11.3,3.1861736385439166,SL,1,A,1
11.35,3.70275226335031,SL,1,A,1
11.4,3.7853258713163522,SL,1,A,1
11.45,4.203617849077912,SL,1,A,1
11.5,3.7372094573813324,SL,1,A,1
11.55,3.959488595713608,SL,1,A,1
11.6,3.6839524041340153,SL,1,A,1
11.65,3.4925057877519774,SL,1,A,1
11.7,3.3289952892088337,SL,1,A,1
11.75,3.3906303672018074,SL,1,A,1
11.8,3.3654460640278208,SL,1,A,1
10.55,4.109865159910693,SL,1,A,1
9.05,3.52424694986192,SL,1,A,1
10.5,3.9573003449678255,SL,1,A,1
10.4,3.2020058822447988,SL,1,A,1
9.15,3.392894575694148,SL,1,A,1
9.2,4.720894921841793,SL,1,A,1
9.25,4.315001077436834,SL,1,A,1
9.3,5.191590959338092,SL,1,A,1
9.35,5.74238450850093,SL,1,A,1
9.4,3.7545125158014665,SL,1,A,1
9.45,3.542434131796858,SL,1,A,1
9.5,3.886685349049523,SL,1,A,1
9.55,4.166017821364554,SL,1,A,1
9.6,3.8804307872591925,SL,1,A,1
9.65,4.615575438386575,SL,1,A,1
9.7,5.120550254858629,SL,1,A,1
9.75,2.957441596405614,SL,1,A,1
9.8,2.8460525888992985,SL,1,A,1
9.85,2.9597921567567256,SL,1,A,1
9.9,3.323242280201142,SL,1,A,1
9.95,3.85582937174902,SL,1,A,1
10.0,4.152777971808327,SL,1,A,1
10.05,4.377469016761578,SL,1,A,1
10.1,5.0395108257310435,SL,1,A,1
10.15,2.5089382040442976,SL,1,A,1
10.2,2.7054339001891896,SL,1,A,1
10.25,3.2385875762357177,SL,1,A,1
10.3,3.2841040111285937,SL,1,A,1
10.35,3.3506959857718916,SL,1,A,1
10.45,3.7654361440939463,SL,1,A,1
6.1,3.669807120462208,SL,1,A,1
8.95,3.4168172288110084,SL,1,A,1
6.0,3.4488796474685106,SL,1,A,1
1.8,3.283620474412421,SL,1,A,1
1.9,3.033281743439762,SL,1,A,1
1.95,3.265243266762185,SL,1,A,1
2.0,3.842223586033153,SL,1,A,1
2.05,4.39876929626567,SL,1,A,1
2.1,4.643336782339919,SL,1,A,1
2.15,1.9973317688181005,SL,1,A,1
2.2,2.1827038315684564,SL,1,A,1
2.25,2.4581071337239333,SL,1,A,1
2.3,2.5388917886562816,SL,1,A,1
2.35,3.0014152490230477,SL,1,A,1
2.4,3.341457874371663,SL,1,A,1
2.45,3.5019916358548504,SL,1,A,1
2.5,3.829496424865622,SL,1,A,1
2.55,4.051946685044287,SL,1,A,1
2.6,2.084247837177153,SL,1,A,1
2.65,2.4002332139930536,SL,1,A,1
2.7,2.3398724957050767,SL,1,A,1
2.75,2.8132757242936495,SL,1,A,1
2.8,3.0011708301260023,SL,1,A,1
2.85,3.24842566749918,SL,1,A,1
2.9,3.6574043974608244,SL,1,A,1
2.95,4.026985477543634,SL,1,A,1
3.0,4.5757081601775615,SL,1,A,1
3.05,2.0756469591803977,SL,1,A,1
1.75,3.0153987142251144,SL,1,A,1
3.1,2.320157024678815,SL,1,A,1
1.7,2.5853982135511178,SL,1,A,1
1.6,5.232584906695498,SL,1,A,1
6.05,3.2582197640088575,SL,1,A,1
0.4,2.9581753711281915,SL,1,A,1
0.45,3.068955258376707,SL,1,A,1
0.5,3.420965426453041,SL,1,A,1
0.55,3.549309626322924,SL,1,A,1
0.6,4.056794855422624,SL,1,A,1
0.65,4.228761660220655,SL,1,A,1
0.7,2.0422257399477974,SL,1,A,1
0.75,2.558576844605257,SL,1,A,1
0.8,2.4175727380485,SL,1,A,1
0.85,2.5588552169619567,SL,1,A,1
0.9,2.8934889643605204,SL,1,A,1
0.95,3.4870316014368576,SL,1,A,1
1.0,3.7561148834066094,SL,1,A,1
1.05,4.304358559043517,SL,1,A,1
1.1,2.05769280360708,SL,1,A,1
1.15,2.4237998943746764,SL,1,A,1
1.2,2.657442920023985,SL,1,A,1
1.25,2.843310918679124,SL,1,A,1
1.3,2.9358043896367665,SL,1,A,1
1.35,3.1260202137427875,SL,1,A,1
1.4,3.5197206523329205,SL,1,A,1
1.45,3.842882154806132,SL,1,A,1
1.5,3.8662048307282313,SL,1,A,1
1.55,4.813706669116882,SL,1,A,1
1.65,2.2068595085224656,SL,1,A,1
3.15,2.5926196617549384,SL,1,A,1
1.85,3.2400008754028833,SL,1,A,1
5.9,2.7980244203801576,SL,1,A,1
4.7,3.456283374507614,SL,1,A,1
4.75,4.077593463368344,SL,1,A,1
4.8,4.065372551766586,SL,1,A,1
4.85,4.771637380143993,SL,1,A,1
4.9,2.4348871289584455,SL,1,A,1
4.95,2.6687493864024567,SL,1,A,1
5.0,3.018686793675871,SL,1,A,1
5.05,2.635295149942522,SL,1,A,1
5.1,3.2786543575180365,SL,1,A,1
5.15,3.985980568799364,SL,1,A,1
5.25,4.288444842121814,SL,1,A,1
5.3,2.54360452738825,SL,1,A,1
5.35,2.674753843098069,SL,1,A,1
5.4,2.4771732406938645,SL,1,A,1
5.45,2.829196248969907,SL,1,A,1
5.5,3.0208247804425876,SL,1,A,1
5.55,3.5106844139340234,SL,1,A,1
5.6,3.748189958181805,SL,1,A,1
5.65,3.7923239618247986,SL,1,A,1
5.7,4.357900320683581,SL,1,A,1
5.75,2.99120667065652,SL,1,A,1
5.8,3.2282495475982373,SL,1,A,1
5.85,3.1209048239752724,SL,1,A,1
3.2,2.5634612108489416,SL,1,A,1
5.95,3.421665749506221,SL,1,A,1
4.65,3.505982754443212,SL,1,A,1
4.6,2.95370335295022,SL,1,A,1
5.2,3.978827268546636,SL,1,A,1
4.5,2.6399318989818097,SL,1,A,1
3.25,3.1120933189848268,SL,1,A,1
4.55,2.564149496527181,SL,1,A,1
3.35,3.5528657301068964,SL,1,A,1
3.4,3.9839888765525284,SL,1,A,1
3.45,1.8122092399281038,SL,1,A,1
3.5,1.9678204737065577,SL,1,A,1
3.55,2.183986021638973,SL,1,A,1
3.6,2.458239842978796,SL,1,A,1
3.65,2.6383148115857105,SL,1,A,1
3.7,2.9260676223127127,SL,1,A,1
3.75,3.110507227009283,SL,1,A,1
3.8,3.4152641972729936,SL,1,A,1
3.85,3.7248678069468206,SL,1,A,1
3.3,3.331601982044749,SL,1,A,1
3.95,2.0487717706160926,SL,1,A,1
3.9,4.102875921754562,SL,1,A,1
4.4,2.261503852799015,SL,1,A,1
4.35,4.456763817871846,SL,1,A,1
4.3,4.107479614359158,SL,1,A,1
4.25,3.702441780294528,SL,1,A,1
4.45,2.287655193703447,SL,1,A,1
4.15,3.012453274822003,SL,1,A,1
4.1,2.6373090043399126,SL,1,A,1
4.05,2.593558420998804,SL,1,A,1
4.0,2.321950601739077,SL,1,A,1
4.2,3.2439457208631928,SL,1,A,1
8.1,3.845315194493791,SL,1,B,2
8.05,3.4283028332271823,SL,1,B,2
7.65,2.3102815320995256,SL,1,B,2
8.0,3.4646534930374537,SL,1,B,2
7.95,3.3888341814417156,SL,1,B,2
7.85,3.109808559982751,SL,1,B,2
7.8,2.8832053072373465,SL,1,B,2
7.75,2.6670286884075014,SL,1,B,2
7.7,2.4451437388661876,SL,1,B,2
8.15,4.326219097307335,SL,1,B,2
7.9,3.1493807276213417,SL,1,B,2
8.2,4.53243468740506,SL,1,B,2
8.5,3.4078527434255883,SL,1,B,2
8.3,2.719592212677801,SL,1,B,2
8.35,2.8534489165031838,SL,1,B,2
8.4,3.1950236319396357,SL,1,B,2
8.45,3.1296349062335396,SL,1,B,2
8.55,3.639021363739334,SL,1,B,2
8.6,3.8908114531118247,SL,1,B,2
8.65,4.065398101585032,SL,1,B,2
8.7,4.446973830025708,SL,1,B,2
8.75,4.67997053515434,SL,1,B,2
8.8,4.909858129104089,SL,1,B,2
8.85,2.7233110625143713,SL,1,B,2
7.6,4.839172369786618,SL,1,B,2
8.25,2.4515478411733302,SL,1,B,2
7.55,4.581198012584326,SL,1,B,2
6.2,2.672587329208078,SL,1,B,2
7.45,3.9119165263376177,SL,1,B,2
8.9,2.6401005836782723,SL,1,B,2
6.25,3.1684129134055645,SL,1,B,2
6.3,2.8968971906886223,SL,1,B,2
6.35,3.3499645372468008,SL,1,B,2
6.4,3.4555142266907706,SL,1,B,2
6.45,3.6494501753574955,SL,1,B,2
6.5,3.923308765427575,SL,1,B,2
6.55,4.413280308120061,SL,1,B,2
6.6,4.683768009308731,SL,1,B,2
6.65,5.040805306699157,SL,1,B,2
6.7,5.580566361923259,SL,1,B,2
6.75,2.996321736337147,SL,1,B,2
6.8,3.3296747753079976,SL,1,B,2
6.85,3.331139863232114,SL,1,B,2
6.9,3.853487999691607,SL,1,B,2
6.95,4.179105274512214,SL,1,B,2
7.0,3.94038731013197,SL,1,B,2
7.05,4.529225603404569,SL,1,B,2
7.1,5.053069692569972,SL,1,B,2
7.15,2.5808441418752595,SL,1,B,2
7.2,2.711455174355966,SL,1,B,2
7.25,2.7489891468601892,SL,1,B,2
7.3,2.923550421824565,SL,1,B,2
7.35,3.3637122288349914,SL,1,B,2
7.4,3.6476933184326246,SL,1,B,2
7.5,4.364937455456554,SL,1,B,2
8.95,2.7719860997127346,SL,1,B,2
11.8,3.10323442319125,SL,1,B,2
9.05,3.1198924511627224,SL,1,B,2
10.6,2.6601126460980895,SL,1,B,2
10.65,2.3911440902781047,SL,1,B,2
10.7,2.878069142468248,SL,1,B,2
10.75,2.887920273003903,SL,1,B,2
10.8,3.4112376636084694,SL,1,B,2
10.85,3.506434194671907,SL,1,B,2
10.9,3.7752164200213763,SL,1,B,2
10.95,4.233174302989607,SL,1,B,2
11.0,4.444658416442464,SL,1,B,2
11.05,2.4468427503030767,SL,1,B,2
11.1,2.4451623973640477,SL,1,B,2
11.15,2.5919466091866306,SL,1,B,2
11.2,2.4844683627914415,SL,1,B,2
11.25,2.7293408812022233,SL,1,B,2
11.3,2.7223509811021387,SL,1,B,2
11.35,3.3220124471264194,SL,1,B,2
11.4,3.1435459718828085,SL,1,B,2
11.45,3.7296100557207708,SL,1,B,2
11.5,3.752363847244961,SL,1,B,2
11.55,3.8333565282632693,SL,1,B,2
11.6,4.37372921022567,SL,1,B,2
11.65,4.957869654006489,SL,1,B,2
11.7,2.7539467072034522,SL,1,B,2
11.75,2.773440953944832,SL,1,B,2
6.15,5.408341365755565,SL,1,B,2
10.55,2.65364186481409,SL,1,B,2
10.5,4.798686791881486,SL,1,B,2
10.45,4.6030266725750835,SL,1,B,2
10.4,4.060227369104535,SL,1,B,2
9.1,3.415976243548457,SL,1,B,2
9.15,3.876452531883249,SL,1,B,2
9.2,3.7002314151812876,SL,1,B,2
9.25,4.0661409053462565,SL,1,B,2
9.3,4.434505477445251,SL,1,B,2
9.35,4.69112111092453,SL,1,B,2
9.4,5.0870598341000886,SL,1,B,2
9.45,2.6216671074687214,SL,1,B,2
9.5,2.6835338367528077,SL,1,B,2
9.55,2.944595348660479,SL,1,B,2
9.6,3.4489906408108535,SL,1,B,2
9.65,3.4131588391201464,SL,1,B,2
9.0,3.2134659875933154,SL,1,B,2
9.7,3.528760759740925,SL,1,B,2
9.8,4.245513045355779,SL,1,B,2
9.85,4.570465831892338,SL,1,B,2
9.9,4.901054884060059,SL,1,B,2
9.95,2.5041543717420396,SL,1,B,2
10.0,2.555941659999959,SL,1,B,2
10.05,2.7002203540535614,SL,1,B,2
10.1,2.868255154784489,SL,1,B,2
10.15,3.23046084237684,SL,1,B,2
10.2,3.089658040567805,SL,1,B,2
10.25,3.030521535899454,SL,1,B,2
10.3,3.23951786840306,SL,1,B,2
10.35,3.750678027176235,SL,1,B,2
9.75,3.9549976819326593,SL,1,B,2
6.1,4.856104489350374,SL,1,B,2
3.0,4.385125295504998,SL,1,B,2
6.0,4.04472132901709,SL,1,B,2
1.8,3.2356738945440084,SL,1,B,2
1.85,3.488790605077805,SL,1,B,2
1.9,3.536918105463571,SL,1,B,2
1.95,4.088740972894088,SL,1,B,2
2.0,4.3380208217501695,SL,1,B,2
2.05,4.784477532636139,SL,1,B,2
2.1,4.918592586946602,SL,1,B,2
2.15,5.713884608697532,SL,1,B,2
2.2,2.723422116012809,SL,1,B,2
2.25,3.001394049215033,SL,1,B,2
2.3,3.299197185798574,SL,1,B,2
2.35,3.466892970670764,SL,1,B,2
2.4,4.026898757748475,SL,1,B,2
2.45,4.188605093261982,SL,1,B,2
2.5,4.604722511682329,SL,1,B,2
2.55,2.204157908922047,SL,1,B,2
2.6,2.326932250870165,SL,1,B,2
2.65,2.7226139285605084,SL,1,B,2
2.7,2.4152693876202975,SL,1,B,2
2.75,2.9375208652269658,SL,1,B,2
2.8,3.0118790209599653,SL,1,B,2
2.85,3.1389928142527936,SL,1,B,2
2.9,3.39329021280307,SL,1,B,2
2.95,3.80507824880416,SL,1,B,2
3.05,4.601404422936268,SL,1,B,2
1.75,3.0406751374069274,SL,1,B,2
3.1,2.4017111114517897,SL,1,B,2
1.7,2.808731864473708,SL,1,B,2
1.6,2.441214654720166,SL,1,B,2
0.35,2.4470083396418456,SL,1,B,2
0.4,2.5964784184975063,SL,1,B,2
0.45,2.9261087106312025,SL,1,B,2
6.05,4.567236054449885,SL,1,B,2
0.55,3.8140694953540106,SL,1,B,2
0.6,3.877598940283369,SL,1,B,2
0.65,4.198759670294088,SL,1,B,2
0.7,4.646413268586515,SL,1,B,2
0.75,5.317212394138011,SL,1,B,2
0.8,5.4625079447776725,SL,1,B,2
0.85,2.0576643136289,SL,1,B,2
0.9,2.1729078377537645,SL,1,B,2
0.95,2.7167891963472255,SL,1,B,2
1.0,2.528449433149014,SL,1,B,2
1.05,2.832435641457071,SL,1,B,2
1.1,3.1238987142946666,SL,1,B,2
1.15,3.3343104109302866,SL,1,B,2
1.2,3.6700420244729663,SL,1,B,2
1.25,3.954959510380674,SL,1,B,2
1.3,4.055266836128542,SL,1,B,2
1.35,4.792623391374829,SL,1,B,2
1.4,5.257899269832804,SL,1,B,2
1.45,2.028227964899313,SL,1,B,2
1.5,2.1791125597488903,SL,1,B,2
1.55,2.2462455239236725,SL,1,B,2
1.65,2.6096145425484845,SL,1,B,2
3.15,2.458524900227068,SL,1,B,2
0.5,3.0026827095101685,SL,1,B,2
3.25,2.882237430806493,SL,1,B,2
4.75,3.104850883572239,SL,1,B,2
4.8,3.412588702507699,SL,1,B,2
4.85,3.424428763542252,SL,1,B,2
4.9,3.7917351211531716,SL,1,B,2
4.95,3.8010652062051813,SL,1,B,2
5.0,4.442918629159918,SL,1,B,2
5.05,5.009417365978201,SL,1,B,2
5.1,2.5546786788025604,SL,1,B,2
5.15,2.688764417521763,SL,1,B,2
5.2,3.0021259751499194,SL,1,B,2
5.25,3.1764816072914215,SL,1,B,2
5.3,3.403918305800618,SL,1,B,2
5.35,3.319745576113307,SL,1,B,2
5.4,3.7005626469375863,SL,1,B,2
5.45,3.4986035442274503,SL,1,B,2
5.5,4.117723956238163,SL,1,B,2
5.55,4.6614311455523465,SL,1,B,2
5.6,4.732694766314104,SL,1,B,2
5.65,4.650658437695508,SL,1,B,2
5.7,2.820419626888204,SL,1,B,2
5.75,2.7812441264076533,SL,1,B,2
5.8,2.943255387246012,SL,1,B,2
5.85,3.303948035928932,SL,1,B,2
5.95,3.8771527928240492,SL,1,B,2
3.2,2.5817384187330235,SL,1,B,2
4.7,3.081271342548323,SL,1,B,2
4.65,2.7392064354161167,SL,1,B,2
5.9,3.631189808779881,SL,1,B,2
4.55,2.452375357477223,SL,1,B,2
4.6,2.619493291679934,SL,1,B,2
3.35,3.7095517739630606,SL,1,B,2
3.4,3.6187824629404672,SL,1,B,2
3.45,4.009350421294749,SL,1,B,2
3.5,4.281461271441208,SL,1,B,2
3.55,2.0552903570217604,SL,1,B,2
3.6,2.335652844336937,SL,1,B,2
3.65,2.6795394170194875,SL,1,B,2
3.7,2.484099178591398,SL,1,B,2
3.75,2.959796616941759,SL,1,B,2
3.8,3.1333408228933735,SL,1,B,2
3.85,3.4264396840033577,SL,1,B,2
3.3,3.3068302980174185,SL,1,B,2
3.95,4.045083732376999,SL,1,B,2
4.5,2.366526469637671,SL,1,B,2
4.45,4.23075521663091,SL,1,B,2
4.4,3.809692551334128,SL,1,B,2
3.9,3.914488168945712,SL,1,B,2
4.3,3.20830295484726,SL,1,B,2
4.35,3.504629096076074,SL,1,B,2
4.2,2.8559255359454934,SL,1,B,2
4.15,2.7222871828972766,SL,1,B,2
4.1,2.5168544861578614,SL,1,B,2
4.05,4.706608162742658,SL,1,B,2
4.0,4.475914787760124,SL,1,B,2
4.25,3.1323907178679193,SL,1,B,2
7.75,3.5319333075685577,SL,2,A,3
7.7,3.31971366341161,SL,2,A,3
7.65,2.812407992766248,SL,2,A,3
7.6,2.7028950719568714,SL,2,A,3
7.3,4.312925591718905,SL,2,A,3
7.5,2.187406655838873,SL,2,A,3
7.45,2.608072737928353,SL,2,A,3
7.4,2.2441951569339413,SL,2,A,3
7.35,4.747298473185531,SL,2,A,3
7.55,2.7208643924449554,SL,2,A,3
7.8,3.821722240372656,SL,2,A,3
8.1,2.528869847526436,SL,2,A,3
7.9,4.2315251128133795,SL,2,A,3
7.95,4.346350175221866,SL,2,A,3
8.0,2.1671986918570427,SL,2,A,3
8.05,2.3715636219260814,SL,2,A,3
8.15,2.552368266165754,SL,2,A,3
8.2,2.6364630099499955,SL,2,A,3
8.25,2.7502963317946185,SL,2,A,3
8.3,3.0341496212254557,SL,2,A,3
8.35,3.080974252376028,SL,2,A,3
8.4,3.1988405484005855,SL,2,A,3
7.25,3.822929903553169,SL,2,A,3
7.85,4.008150207217385,SL,2,A,3
8.45,3.339316348463217,SL,2,A,3
6.6,3.8074599062228516,SL,2,A,3
7.15,3.6011826077521794,SL,2,A,3
8.5,3.9145625721873634,SL,2,A,3
5.95,3.474315058181872,SL,2,A,3
6.0,3.5558988386535053,SL,2,A,3
6.05,4.4420291123413955,SL,2,A,3
6.1,4.811870804193713,SL,2,A,3
6.15,4.882631924316917,SL,2,A,3
6.2,2.430877074469438,SL,2,A,3
6.25,2.7048335212502637,SL,2,A,3
6.3,3.1535824771825784,SL,2,A,3
6.35,3.0244062948001216,SL,2,A,3
6.4,3.3148595797602773,SL,2,A,3
7.2,3.815724111461507,SL,2,A,3
6.45,3.512373570807666,SL,2,A,3
6.55,4.050808464880331,SL,2,A,3
6.65,4.110022228070034,SL,2,A,3
6.7,4.605563240144748,SL,2,A,3
6.75,4.277482271772213,SL,2,A,3
6.8,4.658687136410692,SL,2,A,3
6.85,2.388119705842349,SL,2,A,3
6.9,2.557972686450971,SL,2,A,3
6.95,2.591004176131932,SL,2,A,3
7.0,2.8049956498825925,SL,2,A,3
7.05,2.9152655936625007,SL,2,A,3
7.1,3.2233563734241044,SL,2,A,3
6.5,3.730088761229551,SL,2,A,3
8.55,3.9748457508566735,SL,2,A,3
9.95,4.973644650400534,SL,2,A,3
8.65,2.2365404887303484,SL,2,A,3
10.15,2.9378768312603367,SL,2,A,3
10.2,3.076403082700263,SL,2,A,3
10.25,3.257137427657184,SL,2,A,3
10.3,3.5621234053524558,SL,2,A,3
10.35,3.82161870432757,SL,2,A,3
10.4,4.08950341728907,SL,2,A,3
10.45,4.419216659569253,SL,2,A,3
10.5,4.807033137288903,SL,2,A,3
10.55,5.486378803975045,SL,2,A,3
10.6,2.384384605012429,SL,2,A,3
10.65,2.405671987534853,SL,2,A,3
10.7,2.5579774748344475,SL,2,A,3
10.75,2.3899826663287054,SL,2,A,3
10.8,2.6248635032519685,SL,2,A,3
10.85,2.7317873558586254,SL,2,A,3
10.9,2.7993830549230374,SL,2,A,3
10.95,2.949998596317566,SL,2,A,3
11.0,3.0736330208431015,SL,2,A,3
11.05,3.2380548644972635,SL,2,A,3
11.1,3.684147011816893,SL,2,A,3
11.15,3.9134713594839297,SL,2,A,3
11.2,2.089405044755516,SL,2,A,3
5.9,3.6287615651298215,SL,2,A,3
10.1,2.7709227458462187,SL,2,A,3
10.05,5.76151790871906,SL,2,A,3
10.0,5.376490965495119,SL,2,A,3
9.9,4.748668224049321,SL,2,A,3
8.7,2.552314929469671,SL,2,A,3
8.75,2.713476106465701,SL,2,A,3
8.8,2.8234666772416723,SL,2,A,3
8.85,2.8996893365926506,SL,2,A,3
8.9,3.1770412877316083,SL,2,A,3
8.95,3.3483036766573853,SL,2,A,3
9.0,3.4930535215784793,SL,2,A,3
9.05,3.8225504098213183,SL,2,A,3
9.1,3.9045081531557773,SL,2,A,3
9.15,4.404600861231948,SL,2,A,3
9.2,4.526959453750517,SL,2,A,3
8.6,2.2093568464375193,SL,2,A,3
9.25,2.2363209209108454,SL,2,A,3
9.35,2.4093675068010656,SL,2,A,3
9.4,2.650528615922337,SL,2,A,3
9.45,2.8014948164434834,SL,2,A,3
9.5,3.051839622957363,SL,2,A,3
9.55,3.311476727289068,SL,2,A,3
9.6,3.37899024982709,SL,2,A,3
9.65,3.615505989623402,SL,2,A,3
9.7,3.721583438594124,SL,2,A,3
9.75,3.885395833849052,SL,2,A,3
9.8,4.130040079555396,SL,2,A,3
9.85,4.448168681035822,SL,2,A,3
9.3,2.1732025258646765,SL,2,A,3
5.85,2.988267286684536,SL,2,A,3
3.4,2.6256801232590172,SL,2,A,3
5.75,3.078784970398593,SL,2,A,3
1.8,3.1746185692585525,SL,2,A,3
1.85,3.109343678772196,SL,2,A,3
1.9,3.657617609281217,SL,2,A,3
1.95,4.168345663973543,SL,2,A,3
2.0,1.753744896087651,SL,2,A,3
2.05,1.7146324248311018,SL,2,A,3
2.1,1.961226322412386,SL,2,A,3
2.15,1.9444294543585645,SL,2,A,3
2.2,2.1262188990008615,SL,2,A,3
2.25,2.4217663074501843,SL,2,A,3
2.3,2.7573800751425996,SL,2,A,3
2.35,3.103795260294067,SL,2,A,3
2.4,3.16029357629604,SL,2,A,3
2.45,3.3057031733154245,SL,2,A,3
2.5,3.764171194905192,SL,2,A,3
2.55,4.0148846194417604,SL,2,A,3
2.6,4.4560906734753924,SL,2,A,3
2.65,4.602321424584059,SL,2,A,3
2.7,2.1505918127205805,SL,2,A,3
2.75,2.3909327370597717,SL,2,A,3
2.8,2.7161221549955985,SL,2,A,3
2.85,2.9466980429437553,SL,2,A,3
2.9,2.9195809851845542,SL,2,A,3
1.75,2.746970022949762,SL,2,A,3
1.7,2.517247019940469,SL,2,A,3
1.65,2.5750180447554807,SL,2,A,3
1.6,2.4891144390264888,SL,2,A,3
5.8,3.162331953563704,SL,2,A,3
0.45,2.3032453839158387,SL,2,A,3
0.5,2.6269223091888545,SL,2,A,3
0.55,2.5626601455073352,SL,2,A,3
0.6,2.888682383423831,SL,2,A,3
0.65,3.0944694541276356,SL,2,A,3
0.7,3.09668276067965,SL,2,A,3
0.75,3.304212267917024,SL,2,A,3
0.8,3.272489388741055,SL,2,A,3
0.85,4.1853954047785145,SL,2,A,3
0.9,1.7575973058233996,SL,2,A,3
2.95,3.0839846152384474,SL,2,A,3
0.95,2.1874403948675405,SL,2,A,3
1.05,1.9157920192814595,SL,2,A,3
1.1,2.3836152444356964,SL,2,A,3
1.15,2.4309013326944524,SL,2,A,3
1.2,2.485903476064161,SL,2,A,3
1.25,2.6708733530306303,SL,2,A,3
1.3,3.0874700146166405,SL,2,A,3
1.35,3.0421283625045956,SL,2,A,3
1.4,3.125936531727951,SL,2,A,3
1.45,3.5464429909565487,SL,2,A,3
1.5,3.922661391098294,SL,2,A,3
1.55,2.4140090373515566,SL,2,A,3
1.0,2.005286010539411,SL,2,A,3
3.0,3.2526203055384597,SL,2,A,3
0.4,2.2104992461833346,SL,2,A,3
3.1,3.6979270320831255,SL,2,A,3
4.55,2.811642532465378,SL,2,A,3
4.6,2.6281743046985375,SL,2,A,3
4.65,2.8850282218142485,SL,2,A,3
4.7,3.1424103120037374,SL,2,A,3
4.75,3.1787217342574503,SL,2,A,3
4.8,3.619804783680055,SL,2,A,3
4.85,3.9218813610682015,SL,2,A,3
4.9,4.055620939923319,SL,2,A,3
4.95,3.6482679956811648,SL,2,A,3
5.05,2.1221294774446546,SL,2,A,3
5.1,2.1723098324763783,SL,2,A,3
4.5,2.5949834065532795,SL,2,A,3
5.15,2.2794807603100313,SL,2,A,3
5.25,2.4772587939460164,SL,2,A,3
5.3,2.4570664132284668,SL,2,A,3
5.35,2.7065222696317344,SL,2,A,3
5.4,3.3526268266937422,SL,2,A,3
5.45,3.62349575559356,SL,2,A,3
5.5,4.371758638215367,SL,2,A,3
5.55,4.20500581743708,SL,2,A,3
5.6,4.870652589454011,SL,2,A,3
5.65,5.061796106628208,SL,2,A,3
5.7,5.668132897378718,SL,2,A,3
3.05,3.4122601142930455,SL,2,A,3
5.2,2.5438273417752653,SL,2,A,3
4.45,2.2471414829375647,SL,2,A,3
5.0,4.46399780619321,SL,2,A,3
4.35,2.2155761088692496,SL,2,A,3
3.2,3.934908309678389,SL,2,A,3
4.4,2.296656001639568,SL,2,A,3
3.25,4.388495374756313,SL,2,A,3
3.3,2.3117283742980375,SL,2,A,3
3.35,2.4943829894587854,SL,2,A,3
3.45,2.7229746480750703,SL,2,A,3
3.5,2.957267357376073,SL,2,A,3
3.6,3.4122825336925513,SL,2,A,3
3.65,3.3919260394523643,SL,2,A,3
3.7,3.7348962763772344,SL,2,A,3
3.75,3.1527701273846827,SL,2,A,3
3.55,3.176944445460674,SL,2,A,3
3.85,4.4061127736951144,SL,2,A,3
4.3,4.07571622366999,SL,2,A,3
4.25,3.6491189645566857,SL,2,A,3
3.8,4.55851378755143,SL,2,A,3
4.15,3.1166851599888092,SL,2,A,3
4.1,3.03201532401849,SL,2,A,3
4.2,3.4257153843851853,SL,2,A,3
4.0,5.455465558626805,SL,2,A,3
3.95,4.655204774785333,SL,2,A,3
3.9,5.202978612796772,SL,2,A,3
3.15,3.929262247011658,SL,2,A,3
4.05,3.0204366818929143,SL,2,A,3
7.35,3.097198226987603,SL,2,B,4
7.75,5.045003770388703,SL,2,B,4
7.4,3.2479229951730146,SL,2,B,4
7.45,3.3892157803793763,SL,2,B,4
7.5,3.485862600912888,SL,2,B,4
7.55,3.8649066040673747,SL,2,B,4
7.6,4.064927388941837,SL,2,B,4
7.65,4.256885059203197,SL,2,B,4
7.7,4.616601316795046,SL,2,B,4
7.8,2.3900494728379535,SL,2,B,4
8.35,3.019308568085784,SL,2,B,4
7.9,2.7443339538113287,SL,2,B,4
7.95,2.836897465628335,SL,2,B,4
8.0,3.184780472118896,SL,2,B,4
8.05,3.272087523233292,SL,2,B,4
8.1,3.782012799980542,SL,2,B,4
8.15,4.166898167289189,SL,2,B,4
8.2,4.527966376651839,SL,2,B,4
8.25,4.929540649478091,SL,2,B,4
8.3,2.7733627306103936,SL,2,B,4
8.4,3.128722449189618,SL,2,B,4
7.3,2.872115243173201,SL,2,B,4
7.85,2.641019852646507,SL,2,B,4
7.25,2.7342733582207503,SL,2,B,4
5.95,6.1326287638352595,SL,2,B,4
7.15,4.897773466676965,SL,2,B,4
5.9,5.34818077506571,SL,2,B,4
8.45,3.135848769322069,SL,2,B,4
6.0,5.860556891210571,SL,2,B,4
6.05,6.844193052230739,SL,2,B,4
6.1,7.5800682248318605,SL,2,B,4
6.15,2.9328087830260667,SL,2,B,4
6.2,3.166798182666878,SL,2,B,4
6.25,3.115183947842053,SL,2,B,4
6.3,3.5082017767702762,SL,2,B,4
6.35,3.737719610379279,SL,2,B,4
6.4,4.152146065931286,SL,2,B,4
7.2,5.389812284024456,SL,2,B,4
6.45,2.152419141109123,SL,2,B,4
6.55,2.4870197625634853,SL,2,B,4
6.6,2.698765601488149,SL,2,B,4
6.65,2.9709125864949097,SL,2,B,4
6.7,2.9891029268341947,SL,2,B,4
6.75,3.340299653160315,SL,2,B,4
6.85,3.645562045432302,SL,2,B,4
6.9,3.7618526256824785,SL,2,B,4
6.95,4.086942617188296,SL,2,B,4
7.0,4.144500311427365,SL,2,B,4
7.05,4.245512093513994,SL,2,B,4
7.1,4.313663262358575,SL,2,B,4
6.5,2.629531370936032,SL,2,B,4
8.5,3.631775217544321,SL,2,B,4
9.8,9.49865373103313,SL,2,B,4
8.6,3.8836735189319356,SL,2,B,4
10.1,3.457847591591677,SL,2,B,4
10.15,3.8903922265997313,SL,2,B,4
10.2,4.43060709780035,SL,2,B,4
10.25,4.641815646148886,SL,2,B,4
10.3,5.569110104494322,SL,2,B,4
10.35,2.5532752952323285,SL,2,B,4
10.4,2.7071292576764354,SL,2,B,4
10.45,2.7748053540831243,SL,2,B,4
10.5,2.9990596565965513,SL,2,B,4
10.55,3.379528974284362,SL,2,B,4
10.6,3.878178996571901,SL,2,B,4
10.05,3.4556241856176277,SL,2,B,4
10.65,3.906609881422646,SL,2,B,4
10.75,2.2459919292031003,SL,2,B,4
10.8,1.72465830442856,SL,2,B,4
10.85,1.70395605401408,SL,2,B,4
10.9,2.4003192978054146,SL,2,B,4
10.95,2.3392329526283295,SL,2,B,4
11.0,2.956693812775947,SL,2,B,4
11.05,3.6631192778571577,SL,2,B,4
11.1,3.7594113685167256,SL,2,B,4
11.15,3.950728621329366,SL,2,B,4
5.85,5.150155776247501,SL,2,B,4
11.2,4.442666243695038,SL,2,B,4
10.7,1.7604237650893764,SL,2,B,4
8.55,3.7783948880702893,SL,2,B,4
10.0,2.4137082415001707,SL,2,B,4
9.9,6.197149275260154,SL,2,B,4
8.65,4.558979654558597,SL,2,B,4
8.7,4.933737087404964,SL,2,B,4
8.75,2.2830379775623504,SL,2,B,4
8.8,2.3331689947861896,SL,2,B,4
8.85,2.7882207137221675,SL,2,B,4
8.9,3.1607126581476637,SL,2,B,4
8.95,3.222683236725261,SL,2,B,4
9.0,3.374484710340971,SL,2,B,4
9.05,3.4214390750752606,SL,2,B,4
9.1,3.8986256381485553,SL,2,B,4
9.15,4.218487909579682,SL,2,B,4
9.95,6.48108734703094,SL,2,B,4
9.2,4.33419012638992,SL,2,B,4
9.3,4.822241827667745,SL,2,B,4
9.35,5.098868370982286,SL,2,B,4
9.4,5.884497185209652,SL,2,B,4
9.45,6.515786933202053,SL,2,B,4
9.5,6.525441826185954,SL,2,B,4
9.55,7.090530331745314,SL,2,B,4
9.6,7.826644114850574,SL,2,B,4
9.65,8.37156966878766,SL,2,B,4
9.7,9.331370414240858,SL,2,B,4
9.75,9.37943411740917,SL,2,B,4
9.85,9.61342075016633,SL,2,B,4
9.25,4.557741063931889,SL,2,B,4
5.8,5.076084302807419,SL,2,B,4
6.8,3.4439661768835035,SL,2,B,4
5.7,4.523118317864913,SL,2,B,4
1.8,2.815447069445635,SL,2,B,4
1.85,3.06630811635785,SL,2,B,4
1.9,3.1935293603954102,SL,2,B,4
1.95,3.411187066165683,SL,2,B,4
2.0,3.531644157490103,SL,2,B,4
2.05,3.6032156075618182,SL,2,B,4
2.1,1.8969098216279325,SL,2,B,4
2.15,2.229379857769543,SL,2,B,4
2.2,2.407906224193664,SL,2,B,4
2.25,2.6015226018057516,SL,2,B,4
2.3,2.3665867281319115,SL,2,B,4
2.35,2.7451051311910275,SL,2,B,4
2.4,2.970766435383464,SL,2,B,4
2.45,2.993730450920387,SL,2,B,4
2.5,3.0239908818028125,SL,2,B,4
2.55,3.0147926283484274,SL,2,B,4
2.6,2.1242000721473673,SL,2,B,4
2.65,2.3247642222481,SL,2,B,4
2.7,2.5141464532715396,SL,2,B,4
2.75,2.0939113932428075,SL,2,B,4
2.8,2.450867271306035,SL,2,B,4
2.85,2.7457472107417633,SL,2,B,4
2.9,2.575734940890492,SL,2,B,4
1.75,2.7342734841137446,SL,2,B,4
1.7,2.6419972840737906,SL,2,B,4
1.65,2.747244565309425,SL,2,B,4
1.6,2.149239727178412,SL,2,B,4
5.75,4.608529362320338,SL,2,B,4
0.4,2.3171005467553596,SL,2,B,4
0.45,2.6008594641387215,SL,2,B,4
0.5,2.502484117789799,SL,2,B,4
0.55,2.8726697601273874,SL,2,B,4
0.6,3.1684473264292374,SL,2,B,4
0.65,3.314693872156472,SL,2,B,4
0.7,3.7073924885358998,SL,2,B,4
0.75,3.871117042539493,SL,2,B,4
0.8,4.013543844624453,SL,2,B,4
0.85,2.11400338029812,SL,2,B,4
2.95,3.0953353227872293,SL,2,B,4
0.9,2.0177809946463365,SL,2,B,4
1.0,2.15235023343419,SL,2,B,4
1.05,2.177519825967873,SL,2,B,4
1.1,2.394657429958676,SL,2,B,4
1.15,2.5088116034750603,SL,2,B,4
1.25,2.880182389847365,SL,2,B,4
1.3,3.1155807560399253,SL,2,B,4
1.35,3.102748227375726,SL,2,B,4
1.4,3.3304450673481307,SL,2,B,4
1.45,3.648964674329745,SL,2,B,4
1.5,4.159228866570237,SL,2,B,4
1.55,2.5900889904195483,SL,2,B,4
0.95,1.8532779457586976,SL,2,B,4
3.0,3.239362846394,SL,2,B,4
1.2,2.6262389825973425,SL,2,B,4
3.1,3.870088861265855,SL,2,B,4
4.55,2.927002585396308,SL,2,B,4
4.6,3.413565906076287,SL,2,B,4
4.65,3.830105601362731,SL,2,B,4
4.7,4.215607590867049,SL,2,B,4
4.75,4.503768397299889,SL,2,B,4
4.8,2.3438819379559863,SL,2,B,4
4.85,2.708280850204213,SL,2,B,4
4.9,2.6465440408144683,SL,2,B,4
4.95,3.0950293758137977,SL,2,B,4
5.0,3.021786587925579,SL,2,B,4
5.05,3.2063806202860383,SL,2,B,4
5.1,3.485731235350696,SL,2,B,4
5.15,3.556130706594475,SL,2,B,4
5.25,3.949604591429419,SL,2,B,4
5.3,4.068402219739869,SL,2,B,4
5.35,4.749361218179399,SL,2,B,4
5.4,5.295505298515311,SL,2,B,4
5.45,5.580498610032941,SL,2,B,4
5.5,5.987426070426773,SL,2,B,4
5.55,6.142610439634407,SL,2,B,4
5.6,6.517075821429204,SL,2,B,4
3.05,2.814658670155321,SL,2,B,4
5.65,4.360448029982651,SL,2,B,4
4.5,2.886011991770013,SL,2,B,4
4.45,2.6905769558866237,SL,2,B,4
5.2,3.747855313118677,SL,2,B,4
4.35,3.04502077316792,SL,2,B,4
3.15,4.216731798945391,SL,2,B,4
3.2,2.3675903288502833,SL,2,B,4
4.4,2.784277451314856,SL,2,B,4
3.25,2.2718685199739936,SL,2,B,4
3.3,2.0852764795101524,SL,2,B,4
3.35,2.197813150952612,SL,2,B,4
3.4,2.733036468221577,SL,2,B,4
3.5,2.839378037744491,SL,2,B,4
3.55,3.329388442814013,SL,2,B,4
3.6,1.8776871542678042,SL,2,B,4
3.65,2.056505698092906,SL,2,B,4
3.7,2.1100831811714484,SL,2,B,4
3.45,2.7505495728362175,SL,2,B,4
3.8,2.1443006226630135,SL,2,B,4
3.75,2.5323254444246843,SL,2,B,4
4.25,2.570773855339016,SL,2,B,4
4.15,3.926122987332024,SL,2,B,4
4.1,3.6203308403743018,SL,2,B,4
4.2,2.410110402831073,SL,2,B,4
4.0,3.202331378662122,SL,2,B,4
4.05,3.1676994760030404,SL,2,B,4
4.3,2.584804658401701,SL,2,B,4
3.95,2.9345286580254326,SL,2,B,4
3.9,2.7006632442743723,SL,2,B,4
3.85,2.65711760381501,SL,2,B,4
10.25,4.74741289851592,SL,3,A,5
10.35,3.0178538925117318,SL,3,A,5
10.2,4.454924275826338,SL,3,A,5
10.15,4.5076392377850985,SL,3,A,5
10.3,5.204841479493331,SL,3,A,5
10.1,4.227947761072908,SL,3,A,5
9.9,3.503065299202377,SL,3,A,5
10.0,3.6535255378117633,SL,3,A,5
9.95,3.5008409993784935,SL,3,A,5
9.85,2.966981011259638,SL,3,A,5
9.8,3.0706602903813622,SL,3,A,5
10.4,3.3773897771725507,SL,3,A,5
9.7,3.1384059218415765,SL,3,A,5
9.75,2.8843228731278465,SL,3,A,5
10.05,3.95182530368412,SL,3,A,5
10.45,3.3226584199157725,SL,3,A,5
11.0,2.96153683682807,SL,3,A,5
10.55,3.830163372031379,SL,3,A,5
11.3,3.6495097173081046,SL,3,A,5
9.65,2.7927949755940045,SL,3,A,5
11.25,3.663220378446771,SL,3,A,5
11.2,2.958600639119001,SL,3,A,5
11.15,2.8229454753655965,SL,3,A,5
11.1,3.228560962151934,SL,3,A,5
11.05,3.10048713417382,SL,3,A,5
10.95,2.9949994795605863,SL,3,A,5
10.9,2.5637952400017316,SL,3,A,5
10.85,2.428789675503827,SL,3,A,5
10.8,4.740041712829805,SL,3,A,5
10.75,4.655377560534547,SL,3,A,5
10.7,4.213967652736868,SL,3,A,5
10.65,4.182408314832563,SL,3,A,5
10.6,3.9053230380805712,SL,3,A,5
10.5,3.593875012743447,SL,3,A,5
9.6,2.8519226952007344,SL,3,A,5
8.3,4.1938670421704005,SL,3,A,5
9.5,4.378248048889316,SL,3,A,5
8.5,2.566292842598519,SL,3,A,5
8.45,2.380825079232981,SL,3,A,5
8.4,5.019620002299116,SL,3,A,5
8.35,4.817748745887439,SL,3,A,5
8.25,4.251130160195841,SL,3,A,5
8.2,4.017870262706313,SL,3,A,5
8.15,3.78056270429886,SL,3,A,5
8.1,3.539421441548072,SL,3,A,5
8.05,3.457729538358571,SL,3,A,5
8.0,2.792581358932523,SL,3,A,5
7.95,3.1713949463377733,SL,3,A,5
7.9,2.1647636416678884,SL,3,A,5
7.85,2.7464101418672087,SL,3,A,5
7.8,2.5850060380174558,SL,3,A,5
11.35,3.8504357571728542,SL,3,A,5
8.55,2.403177565317742,SL,3,A,5
9.55,4.694972015426253,SL,3,A,5
8.6,2.5896469759865246,SL,3,A,5
8.7,3.1289848914274914,SL,3,A,5
9.45,3.785136322404374,SL,3,A,5
9.4,3.7915195448505816,SL,3,A,5
9.35,3.622223561250266,SL,3,A,5
9.3,3.625701225257208,SL,3,A,5
9.25,3.256715169575538,SL,3,A,5
9.2,2.9887887385619862,SL,3,A,5
9.15,2.953534356821102,SL,3,A,5
9.1,2.5528190119910614,SL,3,A,5
9.05,2.5838071738882555,SL,3,A,5
9.0,4.602498268842545,SL,3,A,5
8.95,4.401818550621914,SL,3,A,5
8.9,4.21380219017629,SL,3,A,5
8.85,4.30901564961162,SL,3,A,5
8.8,4.019896519193223,SL,3,A,5
8.75,3.335986324594752,SL,3,A,5
8.65,2.7268503702570146,SL,3,A,5
11.4,3.9481563956294505,SL,3,A,5
14.1,2.5403113669360216,SL,3,A,5
11.5,4.880718275050068,SL,3,A,5
14.15,2.3798622457432517,SL,3,A,5
14.05,2.08506783445432,SL,3,A,5
14.0,4.100994998929682,SL,3,A,5
13.95,3.9264578561445873,SL,3,A,5
13.9,3.718660104637409,SL,3,A,5
13.85,3.525663599058753,SL,3,A,5
14.2,2.3125589912556928,SL,3,A,5
13.8,3.265459739697647,SL,3,A,5
13.7,3.215599140791868,SL,3,A,5
13.65,2.8085206109590453,SL,3,A,5
13.6,2.7538387933038484,SL,3,A,5
13.55,2.8122194065598456,SL,3,A,5
13.5,2.2158660614718206,SL,3,A,5
13.45,2.1755394108017,SL,3,A,5
13.75,3.5588333809823864,SL,3,A,5
14.25,2.751808576380892,SL,3,A,5
14.3,2.729135093688791,SL,3,A,5
14.35,3.3382708083110955,SL,3,A,5
7.75,2.5033895864914837,SL,3,A,5
15.05,2.8239290667516297,SL,3,A,5
15.0,2.8905924816946373,SL,3,A,5
14.95,2.8087095190625173,SL,3,A,5
14.9,2.787943500972745,SL,3,A,5
14.85,2.495661016205516,SL,3,A,5
14.8,4.487025702016074,SL,3,A,5
14.75,4.183346780012119,SL,3,A,5
14.7,4.354274934543521,SL,3,A,5
14.65,3.9761459485715243,SL,3,A,5
14.6,3.565489657368093,SL,3,A,5
14.55,3.4415569355309934,SL,3,A,5
14.5,3.3611822965217732,SL,3,A,5
14.45,3.1659464441068863,SL,3,A,5
14.4,3.0640707848327438,SL,3,A,5
13.4,2.5497693942222894,SL,3,A,5
13.35,4.085262062484953,SL,3,A,5
13.3,4.179617035948776,SL,3,A,5
13.25,3.898774481558971,SL,3,A,5
12.25,5.281882312252676,SL,3,A,5
12.2,5.4426276786436105,SL,3,A,5
12.15,4.810589459536213,SL,3,A,5
12.1,4.570336801555342,SL,3,A,5
12.05,4.141221062787113,SL,3,A,5
12.0,4.4818144355777845,SL,3,A,5
11.95,3.886585284631551,SL,3,A,5
11.9,3.7161727180126154,SL,3,A,5
11.85,3.6435931086297213,SL,3,A,5
11.8,3.56066850673417,SL,3,A,5
11.75,3.480607413330689,SL,3,A,5
11.7,3.2900559789219335,SL,3,A,5
11.65,2.6409626226468386,SL,3,A,5
11.6,2.815952524291319,SL,3,A,5
11.55,5.026047511513152,SL,3,A,5
12.3,5.714438198689713,SL,3,A,5
11.45,4.4180210082579405,SL,3,A,5
12.35,3.6293973336988774,SL,3,A,5
12.45,3.5721491359844997,SL,3,A,5
13.2,3.9735929626889357,SL,3,A,5
13.15,3.4887405510313885,SL,3,A,5
13.1,3.4589206896954723,SL,3,A,5
13.05,2.9218187299258416,SL,3,A,5
13.0,2.994667013810484,SL,3,A,5
12.95,2.772378591956401,SL,3,A,5
12.9,2.577608156689502,SL,3,A,5
12.85,2.5208929944735483,SL,3,A,5
12.8,5.158036062120481,SL,3,A,5
12.75,4.839764113820789,SL,3,A,5
12.7,4.541913949210065,SL,3,A,5
12.65,4.357437638754822,SL,3,A,5
12.6,4.163060864728129,SL,3,A,5
12.55,3.9085527075837483,SL,3,A,5
12.5,3.9745259069603085,SL,3,A,5
12.4,3.5394181343849938,SL,3,A,5
7.7,2.479791417445077,SL,3,A,5
7.25,2.921351828307217,SL,3,A,5
7.6,4.221465850822178,SL,3,A,5
2.85,2.162410896748134,SL,3,A,5
2.8,2.0583350555132003,SL,3,A,5
2.75,2.051290645724297,SL,3,A,5
2.7,2.083307520988468,SL,3,A,5
2.65,1.8521956801041166,SL,3,A,5
2.6,4.040854358452688,SL,3,A,5
2.9,2.453142412525759,SL,3,A,5
2.55,3.731034430585251,SL,3,A,5
2.45,3.0687969394129784,SL,3,A,5
2.4,3.2690252495837835,SL,3,A,5
2.35,2.893776428830161,SL,3,A,5
2.3,2.8040013379696633,SL,3,A,5
2.25,2.5255523737462724,SL,3,A,5
2.2,2.488483761768543,SL,3,A,5
2.5,3.512918027726448,SL,3,A,5
2.95,2.66553510687332,SL,3,A,5
3.0,2.6859808137684396,SL,3,A,5
3.05,2.855129823741768,SL,3,A,5
3.8,1.8444143419051662,SL,3,A,5
3.75,3.3099991922425005,SL,3,A,5
3.7,3.020912576459018,SL,3,A,5
3.65,2.6927702545381993,SL,3,A,5
3.6,2.523484892679201,SL,3,A,5
3.55,2.2316610210802663,SL,3,A,5
3.5,2.2554451094819594,SL,3,A,5
3.45,2.116011025374432,SL,3,A,5
3.4,2.112182520468407,SL,3,A,5
3.35,2.2996088076523797,SL,3,A,5
3.3,1.9864560314168593,SL,3,A,5
3.25,1.7264559256798806,SL,3,A,5
3.2,3.4984728255244817,SL,3,A,5
3.15,3.1797835774163987,SL,3,A,5
3.1,3.071796385153895,SL,3,A,5
2.15,2.2388846753305582,SL,3,A,5
2.1,2.040347460159037,SL,3,A,5
2.05,2.075161148278954,SL,3,A,5
2.0,1.8653118518382747,SL,3,A,5
1.0,2.741729973633216,SL,3,A,5
0.95,2.59895006909889,SL,3,A,5
0.9,2.611058619899576,SL,3,A,5
0.85,2.3275719370663293,SL,3,A,5
0.8,2.088504956105578,SL,3,A,5
0.75,2.0461283720376486,SL,3,A,5
0.7,1.9879962479687954,SL,3,A,5
0.65,1.7897732986329173,SL,3,A,5
0.6,1.5862947175229227,SL,3,A,5
0.55,3.246172194873049,SL,3,A,5
0.5,2.9980492779170484,SL,3,A,5
0.45,2.977298868640684,SL,3,A,5
0.4,2.7036945376604216,SL,3,A,5
0.35,2.7523932887905236,SL,3,A,5
0.3,2.4452272859213333,SL,3,A,5
1.05,2.916134954984284,SL,3,A,5
3.85,1.828736416202155,SL,3,A,5
1.1,3.0094236990431376,SL,3,A,5
1.2,3.664762344111202,SL,3,A,5
1.95,1.8164320110673864,SL,3,A,5
1.9,1.7241481201196964,SL,3,A,5
1.85,1.6593538171112925,SL,3,A,5
1.8,3.347731585099876,SL,3,A,5
1.75,2.7870224971628095,SL,3,A,5
1.7,2.8736649477727187,SL,3,A,5
1.65,2.777108411320533,SL,3,A,5
1.6,2.3117563934873515,SL,3,A,5
1.55,2.4290561207909422,SL,3,A,5
1.5,2.3277721623180665,SL,3,A,5
1.45,2.214759128198483,SL,3,A,5
1.4,2.0433339789322833,SL,3,A,5
1.35,2.091136754767699,SL,3,A,5
1.3,1.9817341843056517,SL,3,A,5
1.25,1.6021401253650507,SL,3,A,5
1.15,3.408181758063488,SL,3,A,5
3.9,1.744770415175508,SL,3,A,5
0.25,2.1269823609115757,SL,3,A,5
4.0,2.2570186257049882,SL,3,A,5
6.6,3.062633349903778,SL,3,A,5
6.55,3.1083885239192472,SL,3,A,5
6.5,2.9327484830328108,SL,3,A,5
6.45,2.655374369821221,SL,3,A,5
6.4,2.5565617799279763,SL,3,A,5
6.35,2.4828233620035185,SL,3,A,5
6.7,2.7821068642080764,SL,3,A,5
6.3,2.377217457539969,SL,3,A,5
6.2,2.499893532485678,SL,3,A,5
6.15,3.997103422106441,SL,3,A,5
6.1,3.684325713228186,SL,3,A,5
6.05,3.60369238266027,SL,3,A,5
6.0,3.411388072312464,SL,3,A,5
5.95,3.336056130873309,SL,3,A,5
6.25,2.4574698821338505,SL,3,A,5
6.75,3.6170065563072353,SL,3,A,5
6.8,3.844386024698541,SL,3,A,5
6.85,4.181478888288784,SL,3,A,5
3.95,1.8380607176494046,SL,3,A,5
7.55,4.01875459385092,SL,3,A,5
7.5,3.8116628117247884,SL,3,A,5
7.45,3.6544512477150892,SL,3,A,5
7.4,3.6135331763654155,SL,3,A,5
7.35,3.4253390997295114,SL,3,A,5
7.3,3.115361427510998,SL,3,A,5
7.65,4.632734047761994,SL,3,A,5
7.2,2.8504977207298965,SL,3,A,5
7.15,2.494924988787669,SL,3,A,5
7.1,2.4351513866795242,SL,3,A,5
7.05,2.210121207688667,SL,3,A,5
7.0,2.3904278456040617,SL,3,A,5
6.95,2.2919595591613198,SL,3,A,5
6.9,4.472630369902229,SL,3,A,5
5.9,3.0224357519500025,SL,3,A,5
5.85,2.9039109750548944,SL,3,A,5
6.65,3.316370349918928,SL,3,A,5
5.75,2.721560780271318,SL,3,A,5
4.8,2.079877272856032,SL,3,A,5
4.75,2.066770131107312,SL,3,A,5
4.7,2.228601745959886,SL,3,A,5
4.65,2.001645870107879,SL,3,A,5
4.6,3.511695928904419,SL,3,A,5
4.5,3.2223418797612333,SL,3,A,5
4.45,3.0458366279278737,SL,3,A,5
4.4,2.81223151498943,SL,3,A,5
4.35,2.7986028729169714,SL,3,A,5
4.3,2.271227998429222,SL,3,A,5
4.25,2.4041553828267452,SL,3,A,5
4.2,2.2703283462781694,SL,3,A,5
4.15,2.0088625349192544,SL,3,A,5
4.1,2.22057294210043,SL,3,A,5
5.8,2.954647101056196,SL,3,A,5
4.85,2.217335250645668,SL,3,A,5
4.9,2.37635780650626,SL,3,A,5
4.55,3.2805258921538214,SL,3,A,5
4.05,2.17381585320128,SL,3,A,5
4.95,2.384530487320352,SL,3,A,5
5.65,2.4254214105581973,SL,3,A,5
5.6,2.429385247190394,SL,3,A,5
5.55,2.508442946357536,SL,3,A,5
5.5,2.24614724420506,SL,3,A,5
5.45,4.012840013061692,SL,3,A,5
5.4,3.653542146614793,SL,3,A,5
5.35,3.6464903038950496,SL,3,A,5
5.7,2.3354132846421605,SL,3,A,5
5.25,3.503570614386829,SL,3,A,5
5.2,3.3060795560877643,SL,3,A,5
5.15,3.0281531855560253,SL,3,A,5
5.1,2.9795133305288757,SL,3,A,5
5.05,2.841140823447032,SL,3,A,5
5.0,2.445799689267377,SL,3,A,5
5.3,3.659816029876313,SL,3,A,5
10.35,3.763391810275619,SL,3,B,6
10.3,3.4764027355794593,SL,3,B,6
10.25,3.3763262625878934,SL,3,B,6
10.2,3.068631438027122,SL,3,B,6
10.15,3.1086964501872507,SL,3,B,6
10.1,2.9899910452225207,SL,3,B,6
10.05,3.273150733029126,SL,3,B,6
9.9,5.685347229881754,SL,3,B,6
9.95,2.742006967500355,SL,3,B,6
9.85,4.895906263823272,SL,3,B,6
9.8,4.924741942581243,SL,3,B,6
9.75,4.703305427861318,SL,3,B,6
9.7,4.346997965146655,SL,3,B,6
10.4,3.922270167526875,SL,3,B,6
10.0,2.930070839371423,SL,3,B,6
10.45,4.388168003858258,SL,3,B,6
11.3,4.763805687058367,SL,3,B,6
10.55,2.4186969129489087,SL,3,B,6
9.65,4.334571348491032,SL,3,B,6
11.25,4.636422324783592,SL,3,B,6
11.2,4.316024797782463,SL,3,B,6
11.15,3.79448492357422,SL,3,B,6
11.1,4.015512043903362,SL,3,B,6
11.05,3.719384918974287,SL,3,B,6
11.0,3.6539746394554324,SL,3,B,6
10.95,3.622347640136587,SL,3,B,6
10.9,3.3784174640701923,SL,3,B,6
10.85,3.4123067023794684,SL,3,B,6
10.8,3.0733229860182645,SL,3,B,6
10.75,3.3427961677453064,SL,3,B,6
10.7,2.6350627296957603,SL,3,B,6
10.65,2.850739229453476,SL,3,B,6
10.6,2.6247433803011,SL,3,B,6
10.5,2.3419998718286634,SL,3,B,6
9.6,4.044859292330157,SL,3,B,6
7.8,4.739731704721554,SL,3,B,6
9.5,3.8975379499790686,SL,3,B,6
8.5,2.7085630116291766,SL,3,B,6
8.45,4.884322511589225,SL,3,B,6
8.4,4.598944830451394,SL,3,B,6
8.35,4.264940348916284,SL,3,B,6
8.3,4.166224190880775,SL,3,B,6
8.25,3.9069189855248765,SL,3,B,6
8.2,3.7764423179763207,SL,3,B,6
8.15,3.5043358950167014,SL,3,B,6
8.1,3.427411989197945,SL,3,B,6
8.05,3.2376229798908436,SL,3,B,6
8.0,5.894265138885931,SL,3,B,6
7.95,5.358071390678231,SL,3,B,6
7.9,5.578419987505501,SL,3,B,6
7.85,4.806352430170739,SL,3,B,6
11.35,4.93442862230798,SL,3,B,6
8.55,3.2221595389157263,SL,3,B,6
9.55,3.812975596017413,SL,3,B,6
8.6,3.452928157633257,SL,3,B,6
8.7,3.3443414908254896,SL,3,B,6
9.45,3.609532533077959,SL,3,B,6
9.4,3.636333839022407,SL,3,B,6
9.35,3.1872766451729273,SL,3,B,6
9.3,3.09446618517402,SL,3,B,6
9.25,2.8781571247828572,SL,3,B,6
9.2,2.6732087538581704,SL,3,B,6
9.15,2.8926440101578006,SL,3,B,6
9.1,5.114576154997216,SL,3,B,6
9.05,5.145037897791039,SL,3,B,6
9.0,4.8883323111589325,SL,3,B,6
8.95,4.778316412420907,SL,3,B,6
8.9,4.586315886365883,SL,3,B,6
8.85,4.452591929339004,SL,3,B,6
8.8,4.219080600659024,SL,3,B,6
8.75,3.840988486282144,SL,3,B,6
8.65,3.5412835994003533,SL,3,B,6
11.4,5.048942745705674,SL,3,B,6
13.2,2.4344809784416994,SL,3,B,6
11.5,5.788274412231003,SL,3,B,6
14.15,3.652438362608141,SL,3,B,6
14.1,3.5972283319832976,SL,3,B,6
14.05,3.5641058808512547,SL,3,B,6
14.0,3.501015636479213,SL,3,B,6
13.95,3.378809878918201,SL,3,B,6
13.9,3.506109819451641,SL,3,B,6
14.2,3.366359460707244,SL,3,B,6
13.85,3.3751798678509592,SL,3,B,6
13.75,3.234503050724565,SL,3,B,6
13.7,3.002741014651406,SL,3,B,6
13.65,2.974945939301475,SL,3,B,6
13.6,2.8432446197585817,SL,3,B,6
13.55,3.0063200494443056,SL,3,B,6
13.5,2.8685551500579187,SL,3,B,6
13.8,3.2338053280636117,SL,3,B,6
14.25,3.9633159646968377,SL,3,B,6
14.3,3.692873072004602,SL,3,B,6
14.35,3.7606869260917537,SL,3,B,6
7.75,4.307037749071094,SL,3,B,6
15.05,2.7189361922367055,SL,3,B,6
15.0,5.577241520402889,SL,3,B,6
14.95,5.59701442439372,SL,3,B,6
14.9,5.411423641522986,SL,3,B,6
14.85,5.085616817431185,SL,3,B,6
14.8,5.002954434131814,SL,3,B,6
14.75,5.058022655035702,SL,3,B,6
14.7,4.705043239102651,SL,3,B,6
14.65,4.6372279115532615,SL,3,B,6
14.6,4.4164792723993616,SL,3,B,6
14.55,4.068384592982338,SL,3,B,6
14.5,4.065615354728444,SL,3,B,6
14.45,3.8362213983086484,SL,3,B,6
14.4,3.8509879244756635,SL,3,B,6
13.45,2.91276389326885,SL,3,B,6
13.4,2.4951470644826235,SL,3,B,6
13.35,2.536661810213837,SL,3,B,6
13.3,2.6401362626600253,SL,3,B,6
12.25,2.869421951343533,SL,3,B,6
12.2,3.461434426700134,SL,3,B,6
12.15,5.313221193555962,SL,3,B,6
12.1,5.379259526104628,SL,3,B,6
12.05,4.7064618309507,SL,3,B,6
12.0,4.75422831495468,SL,3,B,6
11.95,4.6322734695381635,SL,3,B,6
11.9,4.414112183617389,SL,3,B,6
11.85,4.269896311860025,SL,3,B,6
11.8,4.044826975775199,SL,3,B,6
11.75,3.901262971674944,SL,3,B,6
11.7,3.751878624838627,SL,3,B,6
11.65,3.4795711692179268,SL,3,B,6
11.6,3.294929347597173,SL,3,B,6
11.55,3.0504100009524517,SL,3,B,6
12.3,2.8674577571837547,SL,3,B,6
11.45,5.5900868759701865,SL,3,B,6
12.35,3.4657018868857516,SL,3,B,6
12.45,3.5894205169398568,SL,3,B,6
13.25,2.434817943782958,SL,3,B,6
13.15,2.3828327611735407,SL,3,B,6
13.1,2.7863096515256838,SL,3,B,6
13.05,2.5053324431953357,SL,3,B,6
13.0,2.3660352906566766,SL,3,B,6
12.95,5.095540636902741,SL,3,B,6
12.9,4.899598955029476,SL,3,B,6
12.85,4.85594406783997,SL,3,B,6
12.8,4.442244188394377,SL,3,B,6
12.75,4.193622610769184,SL,3,B,6
12.7,4.140646688470993,SL,3,B,6
12.65,3.8293469098868558,SL,3,B,6
12.6,3.801438811330742,SL,3,B,6
12.55,4.002635697093426,SL,3,B,6
12.5,3.8876692135619866,SL,3,B,6
12.4,3.7343854433380046,SL,3,B,6
7.7,4.337840130212633,SL,3,B,6
6.1,2.9785232390894207,SL,3,B,6
7.6,3.672422839841061,SL,3,B,6
2.8,2.2888636684138883,SL,3,B,6
2.75,2.2547517058071307,SL,3,B,6
2.7,2.0605479856501554,SL,3,B,6
2.65,4.1020245582503865,SL,3,B,6
2.6,4.160229505759098,SL,3,B,6
2.55,3.65701695238763,SL,3,B,6
2.85,2.6078203979090557,SL,3,B,6
2.5,3.3581146749684536,SL,3,B,6
2.4,3.200048774268766,SL,3,B,6
2.35,2.9928985424161145,SL,3,B,6
2.3,2.7156287596690185,SL,3,B,6
2.25,2.7737354245649812,SL,3,B,6
2.2,2.5786252595131476,SL,3,B,6
2.15,2.5177987618087054,SL,3,B,6
2.45,3.4896772093419046,SL,3,B,6
2.9,2.510668981938297,SL,3,B,6
2.95,2.4778520997175226,SL,3,B,6
3.0,2.581938963538172,SL,3,B,6
3.75,3.548545317415855,SL,3,B,6
3.7,3.1371411813351906,SL,3,B,6
3.65,2.966474661638475,SL,3,B,6
3.6,2.942871019950295,SL,3,B,6
3.55,2.222246592939673,SL,3,B,6
3.5,2.232443694875314,SL,3,B,6
3.45,2.5452704826281853,SL,3,B,6
3.4,2.1829230076194674,SL,3,B,6
3.35,1.8591458271000194,SL,3,B,6
3.3,4.349733622817822,SL,3,B,6
3.25,4.0972177499871245,SL,3,B,6
3.2,3.8721088954225777,SL,3,B,6
3.15,3.6041318052517286,SL,3,B,6
3.1,2.9598488187798204,SL,3,B,6
3.05,2.6093173331683035,SL,3,B,6
2.1,2.342142380806889,SL,3,B,6
2.05,2.0159376576146895,SL,3,B,6
2.0,2.0804683977372878,SL,3,B,6
1.95,1.7047662849865766,SL,3,B,6
0.95,2.6394492434599326,SL,3,B,6
0.9,2.6764003978368103,SL,3,B,6
0.85,2.3440646375856784,SL,3,B,6
0.8,2.2943123539749766,SL,3,B,6
0.75,2.222372501375314,SL,3,B,6
0.7,1.7297150297917232,SL,3,B,6
0.65,2.0228917741866455,SL,3,B,6
0.6,1.8661884428701514,SL,3,B,6
0.55,3.394670464913505,SL,3,B,6
0.5,3.310379453340502,SL,3,B,6
0.45,3.1599112954421162,SL,3,B,6
0.4,3.1395088147924595,SL,3,B,6
0.35,2.443002598418364,SL,3,B,6
0.3,2.138035797146579,SL,3,B,6
0.25,1.988077464826624,SL,3,B,6
1.0,2.8420168624445563,SL,3,B,6
3.8,3.975366127110778,SL,3,B,6
1.05,2.9267786986334694,SL,3,B,6
1.15,1.316660459783396,SL,3,B,6
1.9,1.6883592136652066,SL,3,B,6
1.85,3.430300498632598,SL,3,B,6
1.8,3.2756110031455488,SL,3,B,6
7.65,4.007444204856968,SL,3,B,6
1.7,2.860463545393643,SL,3,B,6
1.65,2.839300487477628,SL,3,B,6
1.6,2.734606006378152,SL,3,B,6
1.55,2.1060761768289393,SL,3,B,6
1.5,2.1247482023270114,SL,3,B,6
1.45,2.1085776556451328,SL,3,B,6
1.4,1.8847269615871505,SL,3,B,6
1.35,1.832713398092954,SL,3,B,6
1.3,1.490538063616596,SL,3,B,6
1.25,1.7515108730808653,SL,3,B,6
1.2,1.5943372813844894,SL,3,B,6
1.1,3.2028624943559936,SL,3,B,6
3.85,4.086415831118514,SL,3,B,6
1.75,3.130522393818258,SL,3,B,6
3.95,2.261443628195372,SL,3,B,6
6.6,2.950119426016698,SL,3,B,6
6.55,2.554182886889453,SL,3,B,6
6.5,2.3797275358938865,SL,3,B,6
6.45,4.086298292333478,SL,3,B,6
6.4,3.700046760465559,SL,3,B,6
6.35,4.009045366368511,SL,3,B,6
6.65,2.6422934382297583,SL,3,B,6
6.3,3.499972944481657,SL,3,B,6
6.2,2.947223460716626,SL,3,B,6
6.15,2.914381160146057,SL,3,B,6
6.05,2.676228176384093,SL,3,B,6
6.0,2.523584977136726,SL,3,B,6
5.95,2.2563534352961403,SL,3,B,6
5.9,2.037398575940067,SL,3,B,6
6.25,3.5472422701233484,SL,3,B,6
6.7,2.9802620108338322,SL,3,B,6
6.75,3.0760719199100985,SL,3,B,6
6.85,3.4196200196361755,SL,3,B,6
3.9,2.0345478375599435,SL,3,B,6
7.55,3.466260279793827,SL,3,B,6
7.5,3.3834464462825125,SL,3,B,6
7.45,6.497765902483501,SL,3,B,6
7.4,5.987868306226455,SL,3,B,6
7.35,5.908893758738854,SL,3,B,6
7.3,5.857532604479925,SL,3,B,6
7.25,5.428950849507197,SL,3,B,6
7.2,5.065718745416422,SL,3,B,6
7.15,4.589703604270181,SL,3,B,6
7.1,4.675548835733163,SL,3,B,6
7.05,4.148260345211469,SL,3,B,6
7.0,3.9924572263203286,SL,3,B,6
6.95,3.8428886452687396,SL,3,B,6
6.9,3.6679282668399056,SL,3,B,6
5.85,2.163985353641427,SL,3,B,6
5.8,2.2507081877362394,SL,3,B,6
6.8,3.2434283256612324,SL,3,B,6
5.7,3.4904109309525753,SL,3,B,6
4.7,2.054361791414047,SL,3,B,6
4.65,2.0988666597914176,SL,3,B,6
4.6,2.220764862789678,SL,3,B,6
4.55,1.914384628107787,SL,3,B,6
4.5,1.9201900115598687,SL,3,B,6
4.4,1.7320508075688772,SL,3,B,6
4.35,2.665365214061142,SL,3,B,6
4.3,2.9461990049239817,SL,3,B,6
4.25,2.7526277106269865,SL,3,B,6
4.2,2.3763030352600847,SL,3,B,6
4.15,2.0073716849974725,SL,3,B,6
4.1,2.174161826265624,SL,3,B,6
4.05,2.1593226745800504,SL,3,B,6
5.75,3.5223663313893523,SL,3,B,6
4.0,2.1205312940856267,SL,3,B,6
4.75,2.0442068179685724,SL,3,B,6
4.8,2.9351700000161043,SL,3,B,6
4.45,1.7192523578662433,SL,3,B,6
4.9,2.7618398816457734,SL,3,B,6
5.65,3.410251071850129,SL,3,B,6
5.6,3.065251177571502,SL,3,B,6
4.85,2.8286979658556226,SL,3,B,6
5.55,2.8464772626145147,SL,3,B,6
5.5,2.620579792105919,SL,3,B,6
5.45,2.9458013468715247,SL,3,B,6
5.35,2.6850425095923383,SL,3,B,6
5.3,2.409329652061598,SL,3,B,6
5.4,2.505224109238062,SL,3,B,6
5.2,2.1561183177022443,SL,3,B,6
5.15,4.158658868962114,SL,3,B,6
5.1,3.6626505605790145,SL,3,B,6
5.05,3.376472002669734,SL,3,B,6
5.0,3.363575223625044,SL,3,B,6
4.95,3.0634345716735942,SL,3,B,6
5.25,2.4014008476968605,SL,3,B,6
5.75,3.267678733759733,SL,4,A,7
6.05,4.898551308087986,SL,4,A,7
5.8,3.510316661390949,SL,4,A,7
5.85,3.970520030291458,SL,4,A,7
5.9,4.237953110328997,SL,4,A,7
5.95,4.282938947161966,SL,4,A,7
6.0,4.779213802199466,SL,4,A,7
5.7,3.107847041567715,SL,4,A,7
6.1,5.4085116336422905,SL,4,A,7
6.4,4.079233045735969,SL,4,A,7
6.2,6.243755417106562,SL,4,A,7
6.25,3.5389127716490303,SL,4,A,7
6.3,3.4382077683420125,SL,4,A,7
6.35,3.7896652941543305,SL,4,A,7
6.45,4.342031091615414,SL,4,A,7
6.55,4.6250483960138435,SL,4,A,7
5.65,2.8785077231316074,SL,4,A,7
6.5,3.979966046664988,SL,4,A,7
6.15,5.525865194038224,SL,4,A,7
5.6,2.8699567801208747,SL,4,A,7
4.8,3.2897255184501613,SL,4,A,7
5.5,5.06260042734159,SL,4,A,7
4.65,5.816507823435226,SL,4,A,7
6.6,5.167666345397588,SL,4,A,7
4.7,6.259133845797909,SL,4,A,7
4.75,3.4312015705724646,SL,4,A,7
4.85,3.9498496531555842,SL,4,A,7
4.9,4.198150932609932,SL,4,A,7
4.95,5.053580473080448,SL,4,A,7
5.0,5.0528039352808705,SL,4,A,7
5.55,5.067629825632927,SL,4,A,7
5.05,5.2724094772522685,SL,4,A,7
5.15,2.8201285883534895,SL,4,A,7
5.2,3.3445436473055112,SL,4,A,7
5.25,3.2011218394167615,SL,4,A,7
5.3,3.713539453836372,SL,4,A,7
5.35,3.715394587020339,SL,4,A,7
5.4,4.095738625167701,SL,4,A,7
8.85,4.698512256216272,SL,4,A,7
5.45,4.575057315812706,SL,4,A,7
5.1,2.7212893250379535,SL,4,A,7
6.65,5.616813945720435,SL,4,A,7
8.5,3.2836125087857218,SL,4,A,7
6.75,3.2216765363250803,SL,4,A,7
7.95,3.7635340501669847,SL,4,A,7
8.0,3.597188598671657,SL,4,A,7
8.05,3.131989555308882,SL,4,A,7
8.1,3.375181577350096,SL,4,A,7
8.15,3.8565774181885537,SL,4,A,7
8.2,4.227234006105107,SL,4,A,7
8.25,4.952783173366137,SL,4,A,7
8.3,4.550235273478483,SL,4,A,7
7.9,3.4165891794047383,SL,4,A,7
8.35,3.0224607208468557,SL,4,A,7
8.45,2.993088874330188,SL,4,A,7
8.55,3.1822501759664457,SL,4,A,7
8.6,3.317752812137167,SL,4,A,7
8.65,3.918751871459981,SL,4,A,7
8.7,4.143133027809814,SL,4,A,7
8.75,4.424337334650862,SL,4,A,7
8.8,4.575745657034743,SL,4,A,7
4.6,5.536309667699681,SL,4,A,7
8.4,2.807670278380231,SL,4,A,7
7.85,3.363953822751033,SL,4,A,7
7.8,3.386185385843525,SL,4,A,7
7.75,2.9071005512542225,SL,4,A,7
6.8,3.4619269736346174,SL,4,A,7
6.85,3.149702050753971,SL,4,A,7
6.9,3.6945133041158735,SL,4,A,7
6.95,4.069725851380742,SL,4,A,7
7.0,4.308003485774327,SL,4,A,7
7.05,4.615635587158105,SL,4,A,7
7.1,5.00966320618249,SL,4,A,7
7.15,5.579134681134367,SL,4,A,7
7.2,5.5417307497270425,SL,4,A,7
7.25,6.348694039910356,SL,4,A,7
7.3,3.177775420403147,SL,4,A,7
7.35,3.394080704558672,SL,4,A,7
7.4,2.9568482532164877,SL,4,A,7
7.45,3.1365509303030294,SL,4,A,7
7.5,3.8171668414793447,SL,4,A,7
7.55,4.427392540496721,SL,4,A,7
7.6,5.0391147135422045,SL,4,A,7
7.65,5.098489009545209,SL,4,A,7
7.7,5.5120359293696914,SL,4,A,7
6.7,2.8018765101905854,SL,4,A,7
4.55,5.062662559193596,SL,4,A,7
3.6,2.551934443577156,SL,4,A,7
4.45,4.421090920032332,SL,4,A,7
1.3,2.9268763935169457,SL,4,A,7
1.35,2.6284482729087384,SL,4,A,7
1.4,2.97879480024347,SL,4,A,7
1.45,3.3603049871337722,SL,4,A,7
1.5,3.200026972188957,SL,4,A,7
1.55,4.035320290433272,SL,4,A,7
1.6,4.353757081825033,SL,4,A,7
1.65,4.491056693873899,SL,4,A,7
1.2,4.274023463075115,SL,4,A,7
1.7,4.9562932555698325,SL,4,A,7
1.8,2.8144311183477733,SL,4,A,7
1.85,3.059995090104857,SL,4,A,7
1.9,3.751723567152382,SL,4,A,7
1.95,3.617698377708715,SL,4,A,7
2.0,3.7158224453707223,SL,4,A,7
2.05,3.898250585019039,SL,4,A,7
2.1,4.448355068371227,SL,4,A,7
2.15,4.716204182095241,SL,4,A,7
1.75,5.579182572127726,SL,4,A,7
2.2,2.391913596290713,SL,4,A,7
1.15,4.353022471664332,SL,4,A,7
1.05,3.624073412858789,SL,4,A,7
4.5,5.014275648176968,SL,4,A,7
0.2,2.1509000690118203,SL,4,A,7
0.25,2.3032480321149738,SL,4,A,7
0.3,2.6929957751320712,SL,4,A,7
0.35,2.459712687174558,SL,4,A,7
0.4,2.638508268586604,SL,4,A,7
0.45,3.127362312310147,SL,4,A,7
0.5,3.083554461047614,SL,4,A,7
1.1,3.8044833400515357,SL,4,A,7
0.55,3.6425547581052555,SL,4,A,7
0.65,3.719836419678911,SL,4,A,7
0.7,1.7494319082819147,SL,4,A,7
0.75,1.9134381382972463,SL,4,A,7
0.8,2.5575112012287713,SL,4,A,7
0.85,2.53438450196487,SL,4,A,7
0.9,2.8315583472197074,SL,4,A,7
0.95,3.0859696296926566,SL,4,A,7
1.0,3.383663964108882,SL,4,A,7
0.6,3.9408284130787057,SL,4,A,7
2.25,2.7445660993183343,SL,4,A,7
1.25,2.106752661465596,SL,4,A,7
2.35,3.3375610806326623,SL,4,A,7
3.5,4.508545107642573,SL,4,A,7
3.55,4.614656571472421,SL,4,A,7
3.65,2.3910270436687404,SL,4,A,7
3.7,3.0279294156340937,SL,4,A,7
3.75,3.0753362641468747,SL,4,A,7
3.8,2.5903236645778596,SL,4,A,7
3.9,3.2072884281256195,SL,4,A,7
3.95,3.4312152368950524,SL,4,A,7
3.45,4.28042137230016,SL,4,A,7
4.0,3.9487675348032822,SL,4,A,7
4.1,4.659543407193464,SL,4,A,7
4.15,5.388873946233914,SL,4,A,7
4.2,3.2137156080458658,SL,4,A,7
4.25,3.4749322053387495,SL,4,A,7
4.3,3.81674282551349,SL,4,A,7
4.35,3.9654805660666503,SL,4,A,7
2.3,3.0028800104291373,SL,4,A,7
4.4,4.01408062682642,SL,4,A,7
4.05,4.448207971436439,SL,4,A,7
3.4,3.996854077566852,SL,4,A,7
3.85,3.311912185239388,SL,4,A,7
3.3,3.4765474340793046,SL,4,A,7
2.4,3.3610390784499478,SL,4,A,7
3.35,3.1347622905509085,SL,4,A,7
2.5,3.932273152876481,SL,4,A,7
2.55,4.324702674669193,SL,4,A,7
2.6,4.745598551710794,SL,4,A,7
2.65,4.50334628360812,SL,4,A,7
2.7,5.198573140983773,SL,4,A,7
2.75,5.932985538763818,SL,4,A,7
2.8,3.23720742909353,SL,4,A,7
2.85,3.551635077901773,SL,4,A,7
2.45,3.5883996759902557,SL,4,A,7
2.95,3.939629950461259,SL,4,A,7
3.0,3.798630170815914,SL,4,A,7
3.05,3.952292661925126,SL,4,A,7
3.1,4.530931709216412,SL,4,A,7
3.15,4.696639037632167,SL,4,A,7
3.2,2.4980040628455717,SL,4,A,7
3.25,3.0724633904602734,SL,4,A,7
2.9,3.829394321265813,SL,4,A,7
6.0,4.31859839016571,SL,4,B,8
6.6,5.466757580440888,SL,4,B,8
5.95,3.7854139216535554,SL,4,B,8
5.8,6.049284737420608,SL,4,B,8
5.85,3.3051961127130594,SL,4,B,8
6.05,4.501527850401891,SL,4,B,8
5.75,5.233382903229054,SL,4,B,8
5.9,3.4608962117003013,SL,4,B,8
6.1,5.196883133325757,SL,4,B,8
6.3,6.724431175305207,SL,4,B,8
6.2,5.909457920252745,SL,4,B,8
6.25,6.342019621398097,SL,4,B,8
6.35,7.4152448648971765,SL,4,B,8
6.4,8.338936046653622,SL,4,B,8
6.45,8.756232558763799,SL,4,B,8
6.5,4.912677665333745,SL,4,B,8
6.55,5.447792805491757,SL,4,B,8
5.7,4.663061295365713,SL,4,B,8
6.15,5.2655456689262925,SL,4,B,8
5.65,4.193464854953756,SL,4,B,8
4.65,3.706216442101863,SL,4,B,8
5.55,3.7446689947860134,SL,4,B,8
6.65,6.124931797114117,SL,4,B,8
4.7,4.147403358251429,SL,4,B,8
4.75,4.4842726260286865,SL,4,B,8
4.8,4.674487630541793,SL,4,B,8
4.85,5.3108856296654725,SL,4,B,8
4.9,2.690510499801081,SL,4,B,8
4.95,2.704491125071925,SL,4,B,8
5.0,2.928124650952651,SL,4,B,8
5.6,4.271329715290261,SL,4,B,8
5.05,3.585131952033699,SL,4,B,8
5.15,4.024205170681014,SL,4,B,8
5.2,4.422600835839361,SL,4,B,8
5.25,4.837757716528529,SL,4,B,8
5.3,5.043987642135529,SL,4,B,8
5.35,5.589152923329914,SL,4,B,8
5.4,2.585919718966637,SL,4,B,8
5.45,3.3601130141590607,SL,4,B,8
5.5,3.143076930168668,SL,4,B,8
5.1,3.3321726033835346,SL,4,B,8
6.7,6.602023460808714,SL,4,B,8
8.85,4.422827546467477,SL,4,B,8
6.8,3.667630790607145,SL,4,B,8
7.95,4.842773384052339,SL,4,B,8
8.0,5.24983134484353,SL,4,B,8
8.05,5.982508064044061,SL,4,B,8
8.1,5.705149059418932,SL,4,B,8
8.15,3.2767418488116338,SL,4,B,8
8.25,3.5541131511043207,SL,4,B,8
8.3,3.7131274271093733,SL,4,B,8
8.35,4.028363868429069,SL,4,B,8
7.9,4.4282365438705265,SL,4,B,8
8.4,4.014113963933953,SL,4,B,8
8.5,4.878525538560306,SL,4,B,8
8.55,5.506196987014948,SL,4,B,8
8.6,5.8934077999837795,SL,4,B,8
8.65,3.027233424827572,SL,4,B,8
8.7,3.6220730179068688,SL,4,B,8
8.75,3.8430787867017386,SL,4,B,8
8.8,3.6869761994810637,SL,4,B,8
4.6,3.645705857702989,SL,4,B,8
8.45,4.645647703042656,SL,4,B,8
6.75,6.46560478375363,SL,4,B,8
7.85,4.138159486497202,SL,4,B,8
7.75,3.9665389259932153,SL,4,B,8
6.85,4.2239503886014385,SL,4,B,8
6.9,4.529981901657071,SL,4,B,8
6.95,4.502870124352244,SL,4,B,8
7.0,4.89792907122815,SL,4,B,8
7.05,5.33481590111043,SL,4,B,8
7.1,5.744093715136828,SL,4,B,8
7.15,6.033818588743675,SL,4,B,8
7.2,3.5495844485773578,SL,4,B,8
7.8,3.982291957533332,SL,4,B,8
7.25,3.6951692763673116,SL,4,B,8
7.35,4.185791588270252,SL,4,B,8
7.4,4.847624535316167,SL,4,B,8
7.45,5.072584771510905,SL,4,B,8
7.5,5.1680967210646545,SL,4,B,8
7.55,5.655184067604568,SL,4,B,8
7.6,5.983465918826841,SL,4,B,8
7.65,6.503009723444695,SL,4,B,8
7.7,3.94526633619926,SL,4,B,8
7.3,3.83362670708655,SL,4,B,8
4.55,3.087115735421901,SL,4,B,8
8.2,3.1771673888772094,SL,4,B,8
4.45,2.705234336572132,SL,4,B,8
1.3,3.2516386497157392,SL,4,B,8
1.35,3.047214248440168,SL,4,B,8
1.4,3.4689631287752087,SL,4,B,8
1.45,3.78213130516839,SL,4,B,8
1.5,3.9720845054829983,SL,4,B,8
1.55,4.395015971044514,SL,4,B,8
1.6,4.791714211156453,SL,4,B,8
1.65,5.350304686348662,SL,4,B,8
1.25,2.9832355892307505,SL,4,B,8
1.7,2.839972633412476,SL,4,B,8
1.8,3.3812826704291723,SL,4,B,8
1.85,3.6031702872899616,SL,4,B,8
1.9,3.780928328928501,SL,4,B,8
1.95,3.7937496626458516,SL,4,B,8
2.0,4.420029516813741,SL,4,B,8
2.05,4.780815640581004,SL,4,B,8
2.1,5.191855535856168,SL,4,B,8
2.15,5.634684749748344,SL,4,B,8
1.75,3.0948627004299007,SL,4,B,8
2.2,3.1501862957218654,SL,4,B,8
1.2,2.877259871238227,SL,4,B,8
1.1,4.5282882123451955,SL,4,B,8
4.5,3.0093164367996996,SL,4,B,8
0.2,2.2710230402638794,SL,4,B,8
0.25,2.6555008002017924,SL,4,B,8
0.3,2.541524628383962,SL,4,B,8
0.35,2.8983992653203776,SL,4,B,8
0.4,3.1208142139008954,SL,4,B,8
0.45,3.3784210077127512,SL,4,B,8
0.5,3.601318956051753,SL,4,B,8
1.15,4.892328152597382,SL,4,B,8
0.55,4.117735828766217,SL,4,B,8
0.65,4.84553991193536,SL,4,B,8
0.7,2.554904220344525,SL,4,B,8
0.75,2.7424815507667426,SL,4,B,8
0.8,2.946463225751052,SL,4,B,8
0.9,3.5140483742258257,SL,4,B,8
0.95,3.67336882695851,SL,4,B,8
1.0,3.878250040483139,SL,4,B,8
1.05,3.989677898760188,SL,4,B,8
0.6,4.4217760323764255,SL,4,B,8
2.25,3.3935436230198035,SL,4,B,8
0.85,3.324706970783392,SL,4,B,8
2.35,3.901856689393156,SL,4,B,8
3.55,2.838076493829404,SL,4,B,8
3.6,3.231249035166538,SL,4,B,8
3.65,3.6305712813985718,SL,4,B,8
3.7,3.9418256384809425,SL,4,B,8
3.75,4.058682696510981,SL,4,B,8
3.8,4.839158154771208,SL,4,B,8
3.85,4.533027898933346,SL,4,B,8
3.9,4.90126399704031,SL,4,B,8
3.5,5.538735348539588,SL,4,B,8
3.95,5.620404977521246,SL,4,B,8
4.1,3.548840456051359,SL,4,B,8
4.15,3.928528969762591,SL,4,B,8
4.2,4.017815612562488,SL,4,B,8
4.25,4.003330138768455,SL,4,B,8
4.3,4.544200080987009,SL,4,B,8
4.35,4.976565128204179,SL,4,B,8
2.3,3.586006705246298,SL,4,B,8
4.4,2.678009796803178,SL,4,B,8
4.05,3.214546666902605,SL,4,B,8
3.45,5.254878147161706,SL,4,B,8
4.0,6.362212571875815,SL,4,B,8
3.35,4.89664824711308,SL,4,B,8
2.45,4.369168318827692,SL,4,B,8
3.4,4.762769667510198,SL,4,B,8
2.5,4.886469558088998,SL,4,B,8
2.55,2.5234954007497357,SL,4,B,8
2.6,2.613997202430969,SL,4,B,8
2.7,3.38970592870723,SL,4,B,8
2.75,3.677327429981288,SL,4,B,8
2.8,3.7194825841098296,SL,4,B,8
2.85,4.108289502312926,SL,4,B,8
2.65,3.388359464326366,SL,4,B,8
2.95,4.605704775613935,SL,4,B,8
3.3,3.7704618761014186,SL,4,B,8
3.25,3.674523152169115,SL,4,B,8
2.9,4.423773133769119,SL,4,B,8
3.2,3.49037309383766,SL,4,B,8
3.15,3.1496011475330556,SL,4,B,8
2.4,4.213207182787852,SL,4,B,8
3.05,5.649606171954704,SL,4,B,8
3.0,5.157570134964562,SL,4,B,8
3.1,2.9349999956047124,SL,4,B,8
3.8,3.307646857193393,SL,5,A,9
4.35,3.812046122730357,SL,5,A,9
4.25,3.1616390784731787,SL,5,A,9
4.15,2.8386726917089558,SL,5,A,9
4.1,2.6509559975322072,SL,5,A,9
4.05,2.526297734492495,SL,5,A,9
4.0,4.797375962082383,SL,5,A,9
3.95,4.239298624435456,SL,5,A,9
4.3,3.3906079103216777,SL,5,A,9
3.9,3.9951678761529847,SL,5,A,9
3.85,3.750056654292657,SL,5,A,9
4.2,3.1188656960374908,SL,5,A,9
3.3,3.0523299078683723,SL,5,A,9
3.65,2.5313507011515215,SL,5,A,9
3.6,5.161653101518958,SL,5,A,9
3.55,4.5523862556618955,SL,5,A,9
3.5,4.179398861040183,SL,5,A,9
3.45,3.8494650241583592,SL,5,A,9
3.4,3.404177096413476,SL,5,A,9
3.35,3.294770105931052,SL,5,A,9
3.25,5.425267830702589,SL,5,A,9
3.2,5.011807783450077,SL,5,A,9
3.15,4.354769003324041,SL,5,A,9
4.4,4.034030060116135,SL,5,A,9
3.1,4.457955218879844,SL,5,A,9
3.7,2.7273126447552487,SL,5,A,9
4.45,4.344501568693733,SL,5,A,9
5.5,5.087123814926022,SL,5,A,9
4.55,5.033209129574986,SL,5,A,9
3.05,4.197417680202256,SL,5,A,9
5.9,4.104833033100129,SL,5,A,9
5.85,3.7801799987470077,SL,5,A,9
5.8,3.6847444223402586,SL,5,A,9
5.75,7.257602996666192,SL,5,A,9
5.7,6.862059549766666,SL,5,A,9
5.65,6.302173317449132,SL,5,A,9
5.6,5.819196977571067,SL,5,A,9
5.55,5.50833780227889,SL,5,A,9
5.45,4.552001659748317,SL,5,A,9
5.4,4.556339311049582,SL,5,A,9
5.35,4.386101044115126,SL,5,A,9
5.3,3.746688940245276,SL,5,A,9
5.25,3.7186277599050195,SL,5,A,9
5.2,3.177959258932053,SL,5,A,9
5.15,3.212842357480955,SL,5,A,9
5.1,3.0218420034745486,SL,5,A,9
5.05,2.7473135269294606,SL,5,A,9
5.0,5.5482002676200395,SL,5,A,9
4.95,4.799573068151835,SL,5,A,9
4.9,4.616835653337986,SL,5,A,9
4.85,4.3543689770925385,SL,5,A,9
4.8,3.8981495253886704,SL,5,A,9
4.75,3.547990443670922,SL,5,A,9
4.7,3.4935078022067576,SL,5,A,9
4.65,2.969953909640912,SL,5,A,9
4.6,5.8995308672381865,SL,5,A,9
4.5,4.934533801636817,SL,5,A,9
3.0,4.060263225923068,SL,5,A,9
3.75,2.950551147548425,SL,5,A,9
2.9,3.4767320213423996,SL,5,A,9
1.35,3.644033474626418,SL,5,A,9
1.3,3.491229133815431,SL,5,A,9
1.25,3.04129250121864,SL,5,A,9
1.2,6.027366275409573,SL,5,A,9
1.15,5.385056444650975,SL,5,A,9
1.1,4.950141595825863,SL,5,A,9
1.05,4.372520037495856,SL,5,A,9
1.0,4.131230790129849,SL,5,A,9
0.95,3.962435060302822,SL,5,A,9
0.9,3.788251627373816,SL,5,A,9
0.85,3.6194678311814563,SL,5,A,9
0.75,3.0794486595534276,SL,5,A,9
1.4,3.7126554842499417,SL,5,A,9
0.7,5.163645672352288,SL,5,A,9
0.6,4.367743772046553,SL,5,A,9
0.55,4.084675206565661,SL,5,A,9
0.5,3.8160334496919703,SL,5,A,9
0.45,3.367783808976506,SL,5,A,9
0.4,3.450758226857204,SL,5,A,9
0.35,2.985721162562905,SL,5,A,9
0.3,2.8278611029912297,SL,5,A,9
0.25,2.643716378999453,SL,5,A,9
0.2,2.479805790649598,SL,5,A,9
0.15,2.444850507618867,SL,5,A,9
0.1,2.610729077814006,SL,5,A,9
2.95,3.4622086147618907,SL,5,A,9
0.65,4.659857455659727,SL,5,A,9
1.45,4.13320068223995,SL,5,A,9
0.8,3.1900110709342786,SL,5,A,9
1.55,4.743426568833356,SL,5,A,9
1.5,4.533548077157122,SL,5,A,9
2.8,2.724784202226301,SL,5,A,9
2.75,2.5490162830085508,SL,5,A,9
2.7,5.382652723241278,SL,5,A,9
2.65,4.707552050948052,SL,5,A,9
2.6,4.333627088326227,SL,5,A,9
2.55,4.31572897765577,SL,5,A,9
2.5,4.204048506264452,SL,5,A,9
2.4,3.6035809572026745,SL,5,A,9
2.35,3.608297990913331,SL,5,A,9
2.3,3.4859926976461697,SL,5,A,9
2.25,3.200026152305884,SL,5,A,9
2.2,2.6569426240528604,SL,5,A,9
2.45,3.748126346996698,SL,5,A,9
2.85,3.3736654351436246,SL,5,A,9
2.15,2.7906098174379617,SL,5,A,9
1.65,5.526780803000863,SL,5,A,9
1.7,2.9849783053775756,SL,5,A,9
1.75,3.3192810491401863,SL,5,A,9
1.8,3.379528598420307,SL,5,A,9
1.85,3.731257860778365,SL,5,A,9
1.6,5.185323326845659,SL,5,A,9
1.95,4.532030894504515,SL,5,A,9
2.0,4.7514257053761835,SL,5,A,9
2.05,5.019475328553494,SL,5,A,9
2.1,2.3858721785470167,SL,5,A,9
1.9,3.7470486690265914,SL,5,A,9
3.85,3.509437658380087,SL,5,B,10
3.9,3.669180012241915,SL,5,B,10
3.95,3.1325235297868512,SL,5,B,10
4.0,4.075726991697545,SL,5,B,10
4.05,4.520045761772161,SL,5,B,10
4.15,4.98407945987898,SL,5,B,10
4.2,5.215062473179014,SL,5,B,10
4.25,6.017169734170906,SL,5,B,10
4.3,3.185236133670327,SL,5,B,10
3.8,2.910313810663383,SL,5,B,10
4.1,4.89836061913626,SL,5,B,10
3.75,2.6196982538348066,SL,5,B,10
3.1,4.748885164439426,SL,5,B,10
3.65,5.2551730763117765,SL,5,B,10
3.6,4.476871969676968,SL,5,B,10
3.55,4.345657289282008,SL,5,B,10
3.5,4.025659774640137,SL,5,B,10
3.45,3.999187919254273,SL,5,B,10
3.4,3.5739419691665786,SL,5,B,10
3.35,3.497755263259393,SL,5,B,10
3.3,3.0464838060693133,SL,5,B,10
3.25,2.9402588107900076,SL,5,B,10
3.2,2.705441875284554,SL,5,B,10
3.15,5.383036698549572,SL,5,B,10
4.35,3.0837667535961386,SL,5,B,10
3.7,2.7162997705166485,SL,5,B,10
4.4,3.5065325519464263,SL,5,B,10
5.8,4.963842890536472,SL,5,B,10
4.5,4.118217532198155,SL,5,B,10
3.05,4.71073555337883,SL,5,B,10
5.75,4.823017992141448,SL,5,B,10
5.7,4.7875921582151575,SL,5,B,10
5.65,4.821719271496144,SL,5,B,10
5.6,4.304848451180593,SL,5,B,10
5.55,3.9926932068205576,SL,5,B,10
5.5,3.65993790474484,SL,5,B,10
5.45,3.4636312602900188,SL,5,B,10
5.4,3.3383977839935293,SL,5,B,10
5.35,3.178684181990574,SL,5,B,10
5.3,3.14958012263059,SL,5,B,10
5.25,3.0186896882005008,SL,5,B,10
4.45,3.910554954928658,SL,5,B,10
5.2,3.142907859530837,SL,5,B,10
5.1,2.556468649519316,SL,5,B,10
5.05,4.649652982659667,SL,5,B,10
5.0,5.1328269167390586,SL,5,B,10
4.95,4.432738263483028,SL,5,B,10
4.9,4.390994629214258,SL,5,B,10
4.85,4.1424304606535785,SL,5,B,10
4.8,3.632006269539526,SL,5,B,10
4.75,3.7829665894057607,SL,5,B,10
4.7,2.8233070677449663,SL,5,B,10
4.65,2.5267342874060588,SL,5,B,10
4.6,4.839580654373255,SL,5,B,10
4.55,4.022942939968161,SL,5,B,10
5.15,2.970134731849201,SL,5,B,10
3.0,4.436947516315686,SL,5,B,10
1.55,4.026298882798524,SL,5,B,10
2.9,3.713433136762449,SL,5,B,10
1.3,2.794456645043139,SL,5,B,10
1.25,2.50829876799923,SL,5,B,10
1.2,5.151850569982258,SL,5,B,10
1.15,5.17627989570849,SL,5,B,10
1.1,4.4887794001018095,SL,5,B,10
1.05,4.32477114316333,SL,5,B,10
1.0,3.962881609436199,SL,5,B,10
0.95,3.5702703263404567,SL,5,B,10
0.9,3.4334044114689486,SL,5,B,10
0.85,3.0421220152048174,SL,5,B,10
0.8,6.1263680787358386,SL,5,B,10
0.75,5.626966118190437,SL,5,B,10
1.35,3.15683366536191,SL,5,B,10
0.7,5.465785547623248,SL,5,B,10
0.6,4.855694463829627,SL,5,B,10
0.55,4.617553065690922,SL,5,B,10
0.5,4.242402012718758,SL,5,B,10
0.45,3.943102869742541,SL,5,B,10
0.4,3.741837920583045,SL,5,B,10
0.35,3.383281157821097,SL,5,B,10
0.3,2.9521869936701,SL,5,B,10
0.25,3.158170520797093,SL,5,B,10
0.2,2.8849262479264017,SL,5,B,10
0.15,2.6666456788471753,SL,5,B,10
0.1,2.1647214097358463,SL,5,B,10
5.85,4.689982464515805,SL,5,B,10
0.65,4.7230010759904175,SL,5,B,10
2.95,3.907744651566622,SL,5,B,10
1.4,3.2550373769409666,SL,5,B,10
1.5,3.605518940339242,SL,5,B,10
2.85,3.28677581484721,SL,5,B,10
2.8,3.7025151191750023,SL,5,B,10
2.75,3.0298340484986004,SL,5,B,10
2.7,2.7463970994543487,SL,5,B,10
2.65,2.699960810229411,SL,5,B,10
2.6,5.2251011647875645,SL,5,B,10
2.55,4.481129961261188,SL,5,B,10
2.5,4.3344827270809505,SL,5,B,10
2.45,3.573339743329434,SL,5,B,10
2.4,3.5868628473128514,SL,5,B,10
2.35,3.380533294952432,SL,5,B,10
2.3,2.9506078936830087,SL,5,B,10
1.45,3.5334458488341802,SL,5,B,10
2.25,2.8313640134056115,SL,5,B,10
2.15,2.4779788177964086,SL,5,B,10
2.1,4.6888167828620935,SL,5,B,10
2.05,4.326179193466659,SL,5,B,10
2.0,3.8864531692197897,SL,5,B,10
1.95,3.7379175631772297,SL,5,B,10
1.9,3.3522539078202165,SL,5,B,10
1.85,3.127844390790209,SL,5,B,10
1.8,2.6701719790181424,SL,5,B,10
1.75,5.725586109516779,SL,5,B,10
1.7,5.075943474960166,SL,5,B,10
1.65,4.615676824210206,SL,5,B,10
1.6,4.1625602256032135,SL,5,B,10
2.2,2.7841154975448403,SL,5,B,10
5.9,5.50715972499783,SL,5,B,10
